{"type":"FeatureCollection","features":[{"type":"Feature","properties":{"province_name":"Azad Kashmir","district_name":"Bagh","district_code":"PK101","area_km2":697.1503178634046},"geometry":{"type":"MultiPolygon","coordinates":[[[[73.69622,34.08025],[73.69509,34.06767],[73.64483,34.05897],[73.61631,34.07266],[73.58925,34.07409],[73.57058,34.09919],[73.49441,34.10701],[73.51201,34.01767],[73.53871,33.95126],[73.5742,33.90961],[73.60766,33.94016],[73.61621,33.96393],[73.64133,33.97844],[73.67137,33.96624],[73.73704,33.89581],[73.77523,33.89015],[73.79287,33.87677],[73.8211,33.88033],[73.82802,33.90116],[73.88146,33.89705],[73.91983,33.88657],[73.95703,33.9158],[73.97564,33.92134],[73.99927,33.95541],[74.00134,33.97446],[73.95943,33.98355],[73.93784,34.01505],[73.93824,34.03178],[73.89807,34.01597],[73.86985,34.01771],[73.85192,34.0386],[73.85264,34.06431],[73.80934,34.08426],[73.78776,34.07596],[73.75381,34.08261],[73.69622,34.08025]]]]}},{"type":"Feature","properties":{"province_name":"Azad Kashmir","district_name":"Bhimber","district_code":"PK102","area_km2":1218.879175710632},"geometry":{"type":"MultiPolygon","coordinates":[[[[74.01311,33.24987],[73.97956,33.23988],[73.95256,33.25797],[73.90773,33.23085],[73.90585,33.19698],[73.9168,33.17733],[73.87941,33.1524],[73.88043,33.12462],[73.85387,33.1003],[73.87635,33.07701],[73.87104,33.05821],[73.82544,33.01335],[73.8911,33.0375],[73.9422,33.02193],[73.98638,32.96166],[74.02721,32.9411],[74.07777,32.92777],[74.18915,32.87833],[74.31499,32.81889],[74.33278,32.81556],[74.35056,32.78222],[74.37166,32.77111],[74.41223,32.77444],[74.44193,32.79192],[74.46167,32.79169],[74.43005,32.84466],[74.42934,32.8795],[74.41389,32.90395],[74.34775,32.90822],[74.31803,32.9197],[74.32072,32.94143],[74.34636,32.96555],[74.3517,33.01313],[74.25497,33.04877],[74.20525,33.0433],[74.17626,33.10716],[74.1117,33.16444],[74.08284,33.18074],[74.02625,33.18859],[74.01427,33.19825],[74.01311,33.24987]]]]}},{"type":"Feature","properties":{"province_name":"Azad Kashmir","district_name":"Jhelum Valley","district_code":"PK103","area_km2":684.5455432085964},"geometry":{"type":"MultiPolygon","coordinates":[[[[73.93824,34.03178],[73.89817,34.03282],[73.88322,34.04995],[73.88565,34.07512],[73.90438,34.09689],[73.90408,34.12225],[73.97658,34.2118],[73.97623,34.26481],[73.94097,34.30174],[73.91993,34.34231],[73.89941,34.35981],[73.84175,34.33832],[73.82007,34.34993],[73.75137,34.33048],[73.75027,34.29455],[73.76253,34.27742],[73.74565,34.24611],[73.71401,34.21627],[73.67796,34.19969],[73.63468,34.21227],[73.62365,34.203],[73.64489,34.16849],[73.64645,34.13793],[73.69622,34.08025],[73.75381,34.08261],[73.78776,34.07596],[73.80934,34.08426],[73.85264,34.06431],[73.85192,34.0386],[73.86985,34.01771],[73.89807,34.01597],[73.93824,34.03178]]]]}},{"type":"Feature","properties":{"province_name":"Azad Kashmir","district_name":"Haveli","district_code":"PK104","area_km2":553.4936078167956},"geometry":{"type":"MultiPolygon","coordinates":[[[[74.05743,33.81449],[74.09001,33.82628],[74.1298,33.82756],[74.17009,33.83988],[74.21967,33.86717],[74.24556,33.89501],[74.26112,33.9248],[74.26275,33.97429],[74.24869,34.01382],[74.21468,34.03856],[74.16142,34.03887],[74.11498,34.05378],[74.08703,34.03776],[74.00607,34.02245],[74.0,34.03019],[73.93824,34.03178],[73.93784,34.01505],[73.95943,33.98355],[74.00134,33.97446],[73.99927,33.95541],[73.97564,33.92134],[74.01168,33.85373],[74.03522,33.81953],[74.05743,33.81449]]]]}},{"type":"Feature","properties":{"province_name":"Azad Kashmir","district_name":"Kotli","district_code":"PK105","area_km2":1606.0722131874466},"geometry":{"type":"MultiPolygon","coordinates":[[[[73.90594,33.60076],[73.86798,33.58436],[73.82505,33.58997],[73.79116,33.61324],[73.75119,33.61866],[73.73445,33.58073],[73.68329,33.63199],[73.62616,33.64991],[73.59545,33.68519],[73.57388,33.66444],[73.56888,33.62416],[73.5986,33.60694],[73.62692,33.56889],[73.63165,33.52638],[73.61137,33.51277],[73.60832,33.49194],[73.62647,33.46025],[73.65817,33.46722],[73.70007,33.45961],[73.75801,33.41423],[73.75646,33.37709],[73.76595,33.34861],[73.83152,33.28171],[73.89264,33.23038],[73.90773,33.23085],[73.95256,33.25797],[73.97956,33.23988],[74.01311,33.24987],[74.02438,33.26246],[74.07894,33.26024],[74.10298,33.27054],[74.16685,33.34414],[74.18508,33.38351],[74.17929,33.42569],[74.18707,33.45552],[74.17815,33.48168],[74.12339,33.54321],[74.08836,33.57321],[74.0539,33.56508],[74.02844,33.57468],[74.01672,33.59454],[73.97195,33.60686],[73.96069,33.6185],[73.90594,33.60076]]]]}},{"type":"Feature","properties":{"province_name":"Azad Kashmir","district_name":"Mirpur","district_code":"PK106","area_km2":900.5299853403535},"geometry":{"type":"MultiPolygon","coordinates":[[[[73.90773,33.23085],[73.89264,33.23038],[73.83152,33.28171],[73.76595,33.34861],[73.75646,33.37709],[73.75801,33.41423],[73.70007,33.45961],[73.65817,33.46722],[73.62647,33.46025],[73.59721,33.43915],[73.57054,33.37222],[73.58472,33.33916],[73.61584,33.29136],[73.6236,33.25527],[73.62324,33.24404],[73.66706,33.21531],[73.66858,33.15799],[73.63179,33.13594],[73.62831,33.09471],[73.75027,33.05305],[73.77394,33.02333],[73.80582,33.00889],[73.82544,33.01335],[73.87104,33.05821],[73.87635,33.07701],[73.85387,33.1003],[73.88043,33.12462],[73.87941,33.1524],[73.9168,33.17733],[73.90585,33.19698],[73.90773,33.23085]]]]}},{"type":"Feature","properties":{"province_name":"Azad Kashmir","district_name":"Muzaffarabad","district_code":"PK107","area_km2":1365.9064607271996},"geometry":{"type":"MultiPolygon","coordinates":[[[[73.64451,34.57099],[73.62498,34.56388],[73.58166,34.58777],[73.5194,34.57251],[73.46471,34.57194],[73.44275,34.55499],[73.4322,34.47916],[73.40694,34.42444],[73.39816,34.37406],[73.41415,34.3161],[73.46471,34.27527],[73.48776,34.18499],[73.48665,34.13722],[73.49441,34.10701],[73.57058,34.09919],[73.58925,34.07409],[73.61631,34.07266],[73.64483,34.05897],[73.69509,34.06767],[73.69622,34.08025],[73.64645,34.13793],[73.64489,34.16849],[73.62365,34.203],[73.63468,34.21227],[73.67796,34.19969],[73.71401,34.21627],[73.74565,34.24611],[73.76253,34.27742],[73.75027,34.29455],[73.75137,34.33048],[73.82007,34.34993],[73.77339,34.34975],[73.76884,34.38721],[73.74752,34.40577],[73.74786,34.44965],[73.73343,34.46361],[73.7608,34.48829],[73.76254,34.51385],[73.72007,34.52196],[73.69073,34.53591],[73.66685,34.53439],[73.64451,34.57099]]]]}},{"type":"Feature","properties":{"province_name":"Azad Kashmir","district_name":"Neelum","district_code":"PK108","area_km2":3152.4682117686702},"geometry":{"type":"MultiPolygon","coordinates":[[[[74.86488,34.67993],[74.82656,34.7265],[74.78239,34.76397],[74.76445,34.81287],[74.72588,34.8433],[74.72277,34.86094],[74.6774,34.88009],[74.65353,34.90121],[74.60325,34.91932],[74.56596,34.90751],[74.5747,34.9473],[74.56271,34.95698],[74.57462,35.01867],[74.55426,35.01323],[74.52853,35.036],[74.53699,35.06557],[74.48188,35.11297],[74.46635,35.1106],[74.43763,35.1312],[74.4294,35.11036],[74.40495,35.09777],[74.37508,35.06126],[74.33127,35.06032],[74.29949,35.06739],[74.27426,35.04173],[74.24857,35.03936],[74.23795,35.06601],[74.21619,35.08714],[74.16074,35.08042],[74.11591,35.12306],[74.08221,35.10555],[74.06137,35.08055],[74.0622,35.06055],[74.08735,35.02494],[74.05582,34.9961],[74.05165,34.95555],[74.01027,34.91332],[73.98638,34.87054],[73.93719,34.84944],[73.89833,34.82472],[73.83388,34.82694],[73.79942,34.8036],[73.76027,34.79944],[73.72053,34.76721],[73.70915,34.73221],[73.67276,34.70332],[73.6611,34.68416],[73.67442,34.64583],[73.64451,34.57099],[73.66685,34.53439],[73.69073,34.53591],[73.72007,34.52196],[73.76254,34.51385],[73.7608,34.48829],[73.73343,34.46361],[73.74786,34.44965],[73.74752,34.40577],[73.76884,34.38721],[73.77698,34.4163],[73.85481,34.47335],[73.89874,34.49576],[73.88669,34.51499],[73.89534,34.54667],[73.94807,34.57309],[73.9274,34.64606],[73.96022,34.69668],[74.01289,34.70985],[74.04172,34.68732],[74.08653,34.6937],[74.14897,34.69527],[74.20297,34.73657],[74.2699,34.76269],[74.30278,34.79754],[74.34621,34.79041],[74.37554,34.80344],[74.47397,34.79063],[74.50658,34.77553],[74.58018,34.7701],[74.63883,34.73354],[74.6713,34.7007],[74.72807,34.68858],[74.8356,34.67754],[74.86488,34.67993]]]]}},{"type":"Feature","properties":{"province_name":"Azad Kashmir","district_name":"Poonch","district_code":"PK109","area_km2":722.552238506534},"geometry":{"type":"MultiPolygon","coordinates":[[[[73.97564,33.92134],[73.95703,33.9158],[73.91983,33.88657],[73.88146,33.89705],[73.82802,33.90116],[73.8211,33.88033],[73.79287,33.87677],[73.77523,33.89015],[73.73704,33.89581],[73.67137,33.96624],[73.64133,33.97844],[73.61621,33.96393],[73.60766,33.94016],[73.5742,33.90961],[73.58276,33.86166],[73.57144,33.82414],[73.67217,33.82627],[73.68204,33.80764],[73.73613,33.80363],[73.77365,33.77651],[73.80999,33.76],[73.83113,33.73953],[73.87536,33.75251],[73.88425,33.72775],[73.88004,33.69879],[73.92271,33.68556],[73.95673,33.66237],[73.92303,33.65047],[73.89793,33.62439],[73.90594,33.60076],[73.96069,33.6185],[73.97195,33.60686],[74.01672,33.59454],[74.0,33.62367],[73.9757,33.69363],[73.95624,33.72029],[73.96646,33.74032],[74.0,33.75258],[74.02833,33.77596],[74.05743,33.81449],[74.03522,33.81953],[74.01168,33.85373],[73.97564,33.92134]]]]}},{"type":"Feature","properties":{"province_name":"Azad Kashmir","district_name":"Sudhnoti","district_code":"PK110","area_km2":570.1206633938215},"geometry":{"type":"MultiPolygon","coordinates":[[[[73.90594,33.60076],[73.89793,33.62439],[73.92303,33.65047],[73.95673,33.66237],[73.92271,33.68556],[73.88004,33.69879],[73.88425,33.72775],[73.87536,33.75251],[73.83113,33.73953],[73.80999,33.76],[73.77365,33.77651],[73.73613,33.80363],[73.68204,33.80764],[73.67217,33.82627],[73.57144,33.82414],[73.56666,33.78889],[73.59248,33.74694],[73.59943,33.72166],[73.59545,33.68519],[73.62616,33.64991],[73.68329,33.63199],[73.73445,33.58073],[73.75119,33.61866],[73.79116,33.61324],[73.82505,33.58997],[73.86798,33.58436],[73.90594,33.60076]]]]}},{"type":"Feature","properties":{"province_name":"Balochistan","district_name":"Awaran","district_code":"PK201","area_km2":25052.05760688933},"geometry":{"type":"MultiPolygon","coordinates":[[[[66.25184,26.4799],[66.2227,26.51715],[66.22279,26.53302],[66.19415,26.56434],[66.1773,26.57105],[66.14442,26.55533],[66.12143,26.53116],[66.10501,26.48772],[66.11461,26.4588],[66.11017,26.43034],[66.0819,26.4084],[66.08135,26.36743],[66.10337,26.27187],[66.0435,26.37441],[65.93316,26.54177],[65.92513,26.57466],[65.93101,26.61184],[66.00072,26.83653],[66.01948,26.91502],[66.03841,27.01471],[66.05089,27.09937],[66.05454,27.15466],[66.04011,27.19453],[65.99921,27.14545],[65.96332,27.1359],[65.91203,27.13936],[65.88091,27.17486],[65.85764,27.25376],[65.82765,27.30742],[65.77827,27.35742],[65.63236,27.40798],[65.59297,27.41753],[65.58517,27.35731],[65.57575,27.32334],[65.53864,27.25773],[65.49997,27.20715],[65.48351,27.17812],[65.42162,27.08713],[65.36748,27.01674],[65.34731,26.98374],[65.33627,26.89541],[65.3257,26.86166],[65.29847,26.80337],[65.2503,26.75595],[65.1804,26.67945],[65.1279,26.63003],[65.00864,26.53193],[64.93956,26.47966],[64.9149,26.45073],[64.91824,26.42308],[64.93166,26.40482],[64.91837,26.36768],[64.87461,26.36363],[64.81016,26.36761],[64.73378,26.36212],[64.594,26.37037],[64.51932,26.37233],[64.4454,26.3655],[64.42009,26.33268],[64.42099,26.29598],[64.44463,26.22959],[64.47552,26.20551],[64.49747,26.17685],[64.51649,26.11023],[64.50209,26.06541],[64.49141,26.05454],[64.44531,26.03653],[64.40795,26.03208],[64.37585,26.00224],[64.36027,25.95629],[64.34852,25.89267],[64.35755,25.86464],[64.33634,25.8545],[64.32197,25.83136],[64.32038,25.77314],[64.27644,25.75125],[64.27847,25.71414],[64.29918,25.68538],[64.32339,25.67726],[64.3518,25.65484],[64.35236,25.63988],[64.307,25.6177],[64.26722,25.61259],[64.24639,25.62858],[64.2074,25.60737],[64.17098,25.55974],[64.1611,25.53662],[64.13185,25.49867],[64.13989,25.46724],[64.23276,25.46775],[64.28303,25.46291],[64.31411,25.44542],[64.3575,25.43249],[64.38077,25.43633],[64.47732,25.49278],[64.50424,25.49916],[64.68595,25.52174],[64.81258,25.54184],[64.87497,25.54559],[64.96446,25.55654],[65.03398,25.56825],[65.17138,25.60179],[65.20315,25.55727],[65.23334,25.56867],[65.25752,25.56395],[65.27016,25.58594],[65.3006,25.59557],[65.33868,25.59101],[65.35681,25.6181],[65.37431,25.62671],[65.43073,25.63662],[65.46561,25.66305],[65.53776,25.6798],[65.52709,25.64442],[65.50272,25.61674],[65.51791,25.59004],[65.51726,25.56904],[65.53781,25.55667],[65.5497,25.49719],[65.53344,25.46595],[65.4985,25.44795],[65.52279,25.43058],[65.57624,25.44878],[65.62771,25.47952],[65.68395,25.50021],[65.74955,25.51509],[65.83007,25.48461],[65.8625,25.48235],[65.8883,25.49683],[65.94497,25.47543],[65.97174,25.48485],[66.01922,25.45328],[66.04034,25.45169],[66.06996,25.47626],[66.14098,25.58729],[66.19687,25.69255],[66.21695,25.74891],[66.26002,25.84988],[66.25898,25.87088],[66.23801,25.96067],[66.21403,26.07819],[66.20133,26.16125],[66.16918,26.22916],[66.16235,26.27536],[66.16762,26.32667],[66.17592,26.34184],[66.2132,26.36374],[66.23074,26.39914],[66.2341,26.4639],[66.25184,26.4799]]]]}},{"type":"Feature","properties":{"province_name":"Balochistan","district_name":"Barkhan","district_code":"PK202","area_km2":3512.969362986457},"geometry":{"type":"MultiPolygon","coordinates":[[[[69.96117,30.32264],[69.92656,30.33387],[69.88629,30.33111],[69.8658,30.31022],[69.82457,30.29245],[69.78006,30.29905],[69.76071,30.35021],[69.73954,30.35838],[69.72942,30.32757],[69.69555,30.27391],[69.6413,30.20857],[69.64459,30.19328],[69.60713,30.14383],[69.59424,30.13783],[69.55767,30.16001],[69.56277,30.1893],[69.58435,30.21127],[69.56696,30.22685],[69.43778,30.10096],[69.40332,30.06138],[69.40407,30.0448],[69.47832,30.07084],[69.48841,30.03392],[69.47766,30.00385],[69.44469,29.95562],[69.40665,29.93128],[69.38902,29.89563],[69.34812,29.88936],[69.33029,29.87653],[69.29735,29.87096],[69.19517,29.81922],[69.16124,29.7933],[69.15246,29.77648],[69.08234,29.74842],[69.0605,29.72638],[69.09094,29.68607],[69.1472,29.66059],[69.19057,29.62996],[69.25552,29.61134],[69.32468,29.62552],[69.41151,29.65874],[69.45279,29.68836],[69.48978,29.69914],[69.5444,29.70611],[69.59253,29.70521],[69.646,29.68526],[69.69688,29.71036],[69.73258,29.71887],[69.7534,29.74563],[69.789,29.76881],[69.8358,29.86147],[69.87768,29.89879],[69.89251,29.91481],[69.92247,30.00171],[69.9407,30.03596],[69.97966,30.07675],[69.98754,30.10607],[69.98554,30.13951],[69.99713,30.17901],[70.01506,30.18991],[70.02417,30.22197],[70.05165,30.22989],[70.0762,30.26242],[70.05992,30.27506],[70.01242,30.27739],[69.98237,30.25075],[69.97132,30.26256],[69.98406,30.29376],[69.95909,30.29786],[69.96117,30.32264]]]]}},{"type":"Feature","properties":{"province_name":"Balochistan","district_name":"Chagai","district_code":"PK203","area_km2":44796.00493626297},"geometry":{"type":"MultiPolygon","coordinates":[[[[65.1293,29.55164],[65.06705,29.53624],[65.0,29.53742],[64.95577,29.55357],[64.8217,29.56407],[64.76212,29.57114],[64.63193,29.58108],[64.48762,29.57179],[64.41181,29.5451],[64.36999,29.54872],[64.31528,29.53035],[64.26682,29.52384],[64.23742,29.50245],[64.20805,29.49436],[64.15234,29.44956],[64.13107,29.39195],[64.10529,29.37748],[64.06784,29.39178],[64.03237,29.41769],[63.91078,29.43862],[63.64485,29.47948],[63.59084,29.49043],[63.36451,29.47637],[62.98592,29.4407],[62.45577,29.38897],[62.14169,29.48221],[61.65252,29.6257],[61.18536,29.76884],[60.8786,29.86178],[61.12586,29.57293],[61.19259,29.50249],[61.31113,29.39647],[61.3726,29.34867],[61.37342,29.31647],[61.35775,29.28278],[61.38349,29.22146],[61.42867,29.19378],[61.41484,29.15619],[61.41581,29.13564],[61.45863,29.12241],[61.47794,29.10276],[61.47887,29.08055],[61.50317,29.05641],[61.50432,29.00755],[61.56332,28.94247],[61.5736,28.91403],[61.62,28.85574],[61.64027,28.82162],[61.68104,28.77059],[61.72106,28.7382],[61.77752,28.67992],[61.80416,28.64017],[61.82291,28.63269],[61.87011,28.59706],[61.95758,28.54869],[61.99316,28.54075],[62.0433,28.50789],[62.11579,28.4851],[62.17055,28.48755],[62.23988,28.46586],[62.29629,28.46345],[62.34996,28.44119],[62.37252,28.43802],[62.43967,28.40713],[62.47234,28.37606],[62.50288,28.33135],[62.54158,28.30997],[62.59232,28.25513],[62.78694,28.28118],[62.79657,28.20895],[62.76823,28.03241],[62.79006,27.97811],[62.80196,27.88882],[62.85344,27.91992],[62.88776,27.94936],[62.94597,28.01255],[63.01764,28.0718],[63.1463,28.16947],[63.20505,28.18295],[63.2199,28.20933],[63.22559,28.24464],[63.26043,28.27656],[63.33517,28.26523],[63.3673,28.26459],[63.46834,28.2888],[63.57104,28.2959],[63.66876,28.29036],[63.70212,28.29305],[63.78661,28.31451],[63.81649,28.34569],[63.82373,28.30529],[63.89111,28.36133],[63.92352,28.37909],[63.95911,28.37769],[63.98767,28.39392],[64.01236,28.38523],[64.04388,28.42108],[64.07889,28.43047],[64.12671,28.46771],[64.20545,28.47149],[64.23533,28.4908],[64.27368,28.49573],[64.28589,28.50568],[64.28353,28.53485],[64.30581,28.53749],[64.33691,28.52271],[64.40704,28.5234],[64.43707,28.54712],[64.46149,28.58112],[64.49875,28.61161],[64.52167,28.61196],[64.61247,28.64508],[64.63647,28.64349],[64.76453,28.6795],[64.81122,28.69511],[64.91309,28.68296],[64.92872,28.68593],[64.99993,28.75235],[65.04085,28.79501],[65.06653,28.80476],[65.16048,28.81464],[65.22183,28.86251],[65.27123,28.90721],[65.30999,28.92494],[65.35212,28.95813],[65.45779,29.02767],[65.47623,29.03292],[65.44504,29.10191],[65.33661,29.29293],[65.26112,29.41347],[65.18922,29.50027],[65.1293,29.55164]]]]}},{"type":"Feature","properties":{"province_name":"Balochistan","district_name":"Dera Bugti","district_code":"PK204","area_km2":10286.185582230788},"geometry":{"type":"MultiPolygon","coordinates":[[[[69.36376,28.44564],[69.32469,28.55491],[69.42092,28.59768],[69.4844,28.7019],[69.53291,28.77309],[69.53767,28.80113],[69.52167,28.83057],[69.48648,28.84162],[69.4896,28.89157],[69.54182,28.92855],[69.55542,28.9518],[69.57434,28.95398],[69.59396,28.99424],[69.65057,29.06571],[69.70631,29.08966],[69.71268,29.11564],[69.75012,29.17395],[69.74402,29.23642],[69.76897,29.2844],[69.73647,29.29028],[69.69875,29.25957],[69.68247,29.26513],[69.67142,29.30524],[69.63883,29.31921],[69.66637,29.34946],[69.65975,29.37887],[69.61496,29.4233],[69.58403,29.40722],[69.5626,29.41475],[69.56351,29.45861],[69.59455,29.51084],[69.60333,29.59678],[69.59147,29.62605],[69.61866,29.64003],[69.6289,29.66872],[69.56843,29.6785],[69.51599,29.66189],[69.47743,29.63344],[69.43586,29.59121],[69.42613,29.5437],[69.45573,29.52388],[69.49665,29.51572],[69.50021,29.49103],[69.4662,29.44686],[69.37342,29.40333],[69.31742,29.35594],[69.27335,29.34581],[69.23975,29.31896],[69.20582,29.27109],[69.18746,29.25953],[69.11728,29.24747],[69.04817,29.26018],[69.01643,29.26061],[68.96403,29.23405],[68.9205,29.22275],[68.8297,29.24368],[68.71196,29.26189],[68.66069,29.26408],[68.53372,29.23429],[68.4865,29.21745],[68.46783,29.20644],[68.41232,29.2021],[68.37621,29.20538],[68.31449,29.22612],[68.29664,29.2262],[68.27942,29.20321],[68.28949,29.16111],[68.34821,29.09828],[68.38287,29.0495],[68.39993,29.01595],[68.41552,28.96587],[68.41442,28.88797],[68.43503,28.81556],[68.44086,28.75989],[68.43957,28.72032],[68.44818,28.67401],[68.46848,28.64643],[68.57069,28.59134],[68.69275,28.51876],[68.77835,28.48364],[68.84589,28.47205],[68.92072,28.46501],[68.97486,28.46619],[69.03601,28.45935],[69.08029,28.49362],[69.11848,28.4727],[69.1275,28.44061],[69.27507,28.44626],[69.36376,28.44564]]]]}},{"type":"Feature","properties":{"province_name":"Balochistan","district_name":"Gwadar","district_code":"PK205","area_km2":11669.108767124852},"geometry":{"type":"MultiPolygon","coordinates":[[[[61.77985,25.81754],[61.76884,25.80179],[61.71772,25.79602],[61.68921,25.79917],[61.68991,25.71792],[61.70498,25.70388],[61.70446,25.6725],[61.68072,25.65435],[61.66721,25.51239],[61.66982,25.4219],[61.66432,25.33338],[61.65561,25.2975],[61.62939,25.24524],[61.61045,25.19495],[61.63367,25.20281],[61.65924,25.18691],[61.69823,25.20424],[61.72152,25.17874],[61.78128,25.19033],[61.78521,25.15673],[61.75813,25.10268],[61.73704,25.08545],[61.72417,25.05405],[61.73935,25.03744],[61.76439,25.03278],[61.84494,25.04343],[61.86399,25.07836],[61.85942,25.09613],[61.90122,25.10554],[61.98468,25.10962],[62.04577,25.10591],[62.09837,25.09618],[62.08661,25.1341],[62.06654,25.15478],[62.08488,25.18809],[62.16695,25.21115],[62.21723,25.2152],[62.28843,25.19414],[62.31487,25.16868],[62.32025,25.12054],[62.2806,25.11055],[62.27417,25.09763],[62.33989,25.08954],[62.34645,25.10612],[62.33941,25.13913],[62.35623,25.16992],[62.38593,25.19303],[62.43058,25.21023],[62.47073,25.21262],[62.46368,25.23645],[62.49446,25.25285],[62.59514,25.2623],[62.65766,25.26149],[62.75539,25.25046],[62.83089,25.24621],[63.00711,25.21064],[63.06527,25.2286],[63.09971,25.25256],[63.1395,25.25774],[63.28012,25.2289],[63.36586,25.22264],[63.48186,25.1983],[63.49833,25.20026],[63.50394,25.22625],[63.4857,25.23652],[63.47455,25.26583],[63.49836,25.31715],[63.53565,25.34573],[63.60587,25.37063],[63.67508,25.38266],[63.75799,25.37878],[63.79408,25.37242],[63.86853,25.34895],[63.94596,25.3358],[64.01802,25.33813],[64.06428,25.32833],[64.07254,25.35948],[64.04166,25.40155],[64.00577,25.40659],[63.99344,25.4298],[64.0253,25.44123],[64.05118,25.43243],[64.11741,25.45446],[64.13732,25.42658],[64.08366,25.39213],[64.0936,25.36694],[64.09223,25.32679],[64.16352,25.32885],[64.22334,25.318],[64.34048,25.27678],[64.37653,25.26062],[64.40596,25.23828],[64.45757,25.24121],[64.49837,25.26984],[64.54357,25.27048],[64.60535,25.22997],[64.61192,25.2058],[64.58318,25.18128],[64.58459,25.1594],[64.61661,25.1546],[64.66227,25.16],[64.69299,25.17384],[64.69401,25.19332],[64.65852,25.19462],[64.63698,25.21231],[64.64394,25.25911],[64.67184,25.29123],[64.702,25.30785],[64.7499,25.32094],[64.85681,25.31808],[64.90344,25.32589],[64.96603,25.32055],[64.99532,25.3252],[65.04368,25.31534],[65.15642,25.30609],[65.22633,25.31724],[65.23809,25.34442],[65.21519,25.37214],[65.20403,25.40051],[65.209,25.43797],[65.20679,25.54107],[65.20315,25.55727],[65.17138,25.60179],[65.03398,25.56825],[64.96446,25.55654],[64.87497,25.54559],[64.81258,25.54184],[64.68595,25.52174],[64.50424,25.49916],[64.47732,25.49278],[64.38077,25.43633],[64.3575,25.43249],[64.31411,25.44542],[64.28303,25.46291],[64.23276,25.46775],[64.13989,25.46724],[64.13185,25.49867],[64.1611,25.53662],[64.17098,25.55974],[64.11253,25.55993],[64.09167,25.57643],[64.08221,25.59831],[64.04605,25.61431],[63.9991,25.61209],[63.78093,25.55793],[63.57888,25.46493],[63.46777,25.40743],[63.42505,25.36696],[63.40312,25.37831],[63.43594,25.40842],[63.41194,25.45075],[63.37349,25.46201],[63.35433,25.49177],[63.2886,25.49694],[63.21527,25.50873],[63.17741,25.5194],[63.15637,25.51434],[63.09428,25.51709],[63.07473,25.52849],[63.03549,25.52962],[63.02664,25.54701],[62.98302,25.59732],[62.95525,25.59793],[62.92786,25.58693],[62.86773,25.57811],[62.84199,25.55709],[62.804,25.56602],[62.66841,25.55572],[62.62853,25.55954],[62.44911,25.5529],[62.40444,25.55412],[62.32586,25.53653],[62.2096,25.50315],[62.12412,25.47361],[62.10478,25.49438],[62.05415,25.50889],[62.06152,25.53741],[62.08189,25.55501],[62.10805,25.56],[62.11305,25.57515],[62.08948,25.59638],[62.07287,25.62496],[62.07633,25.67901],[62.05202,25.7073],[62.05558,25.76044],[62.03629,25.77182],[62.01145,25.71401],[61.96022,25.66104],[61.92075,25.66559],[61.89088,25.68645],[61.83842,25.69024],[61.80651,25.70085],[61.77985,25.81754]]]]}},{"type":"Feature","properties":{"province_name":"Balochistan","district_name":"Harnai","district_code":"PK206","area_km2":3061.4820445444075},"geometry":{"type":"MultiPolygon","coordinates":[[[[68.2082,30.17378],[68.16971,30.2025],[68.14062,30.21209],[68.10554,30.24161],[68.09875,30.26109],[68.01095,30.28122],[67.98268,30.30343],[67.86888,30.34455],[67.87168,30.36285],[67.83404,30.3742],[67.75652,30.38343],[67.75706,30.35592],[67.73073,30.32271],[67.6703,30.29807],[67.64304,30.30077],[67.56153,30.2791],[67.52166,30.29433],[67.48994,30.31537],[67.45352,30.31811],[67.40922,30.30988],[67.37911,30.3213],[67.33717,30.32432],[67.3127,30.33827],[67.28019,30.33287],[67.2903,30.29976],[67.25202,30.25804],[67.22828,30.24982],[67.24612,30.22887],[67.28292,30.24869],[67.27793,30.20785],[67.30436,30.17602],[67.41254,30.17647],[67.43318,30.06182],[67.43211,30.05193],[67.47293,30.02792],[67.51945,30.031],[67.55973,30.07897],[67.56197,30.09283],[67.63371,30.1202],[67.67324,30.12603],[67.75361,30.09233],[67.79146,30.06261],[67.79195,30.04949],[67.76526,30.02987],[67.77858,30.01763],[67.85267,30.01898],[67.8868,30.02846],[67.93663,30.02838],[67.97252,30.02189],[68.00152,29.98815],[68.01106,29.96009],[68.00373,29.90315],[67.97646,29.83989],[67.92269,29.77697],[67.90164,29.7338],[67.90572,29.70589],[67.97382,29.75261],[67.97032,29.79237],[68.02862,29.81667],[68.05246,29.84624],[68.06444,29.88843],[68.08445,29.89784],[68.1673,29.90845],[68.27274,29.93213],[68.39828,29.9364],[68.39641,29.95796],[68.40944,30.01609],[68.38793,30.05289],[68.31879,30.09566],[68.28948,30.10651],[68.21726,30.14601],[68.2082,30.17378]]]]}},{"type":"Feature","properties":{"province_name":"Balochistan","district_name":"Jaffarabad","district_code":"PK207","area_km2":1700.898072166324},"geometry":{"type":"MultiPolygon","coordinates":[[[[68.43421,28.40901],[68.40533,28.44439],[68.39821,28.47476],[68.39146,28.54974],[68.38259,28.56272],[68.38811,28.51008],[68.38179,28.45163],[68.34827,28.43516],[68.29383,28.44562],[68.25382,28.43953],[68.20373,28.44088],[68.1419,28.42255],[68.0789,28.38644],[68.07097,28.33989],[68.01003,28.28734],[67.99274,28.264],[67.95082,28.23822],[67.80362,28.20356],[67.74857,28.19043],[67.62831,28.14837],[67.63953,28.10136],[67.63885,28.04768],[67.66471,28.01813],[67.67493,27.98739],[67.67068,27.93424],[67.78857,27.95162],[67.79437,27.97616],[67.86889,27.99916],[67.91296,27.99429],[67.94286,28.04377],[67.97472,28.07525],[68.02311,28.09679],[68.209,28.24252],[68.35037,28.28287],[68.35912,28.29103],[68.40176,28.38223],[68.43421,28.40901]]]]}},{"type":"Feature","properties":{"province_name":"Balochistan","district_name":"Jhal Magsi","district_code":"PK208","area_km2":3858.9979106281658},"geometry":{"type":"MultiPolygon","coordinates":[[[[67.68482,28.83817],[67.63913,28.83777],[67.59402,28.82289],[67.57893,28.8458],[67.55821,28.84481],[67.53436,28.82358],[67.52464,28.78673],[67.52933,28.75678],[67.52079,28.7133],[67.50075,28.71231],[67.47691,28.74497],[67.44144,28.75909],[67.35005,28.72179],[67.33163,28.70635],[67.27922,28.70245],[67.23603,28.71599],[67.21004,28.55924],[67.20371,28.54248],[67.15942,28.50612],[67.17369,28.49077],[67.2101,28.49499],[67.24671,28.46654],[67.27441,28.43023],[67.30529,28.42882],[67.3274,28.40509],[67.3266,28.36948],[67.34872,28.34573],[67.35265,28.30802],[67.37711,28.2745],[67.39222,28.22916],[67.39373,28.15376],[67.40233,28.08744],[67.38968,28.04417],[67.39424,27.90968],[67.4259,27.89275],[67.5332,27.90677],[67.54939,27.90152],[67.57958,27.91925],[67.67068,27.93424],[67.67493,27.98739],[67.66471,28.01813],[67.63885,28.04768],[67.63953,28.10136],[67.62831,28.14837],[67.74857,28.19043],[67.80362,28.20356],[67.79782,28.24903],[67.75595,28.37757],[67.74262,28.42669],[67.74392,28.45835],[67.76268,28.50148],[67.7835,28.53088],[67.78846,28.55373],[67.77594,28.60811],[67.74781,28.70006],[67.71583,28.73936],[67.70248,28.77221],[67.70686,28.78993],[67.73635,28.8143],[67.7099,28.83324],[67.68482,28.83817]]]]}},{"type":"Feature","properties":{"province_name":"Balochistan","district_name":"Kachhi","district_code":"PK209","area_km2":5362.372785199052},"geometry":{"type":"MultiPolygon","coordinates":[[[[67.3763,29.92143],[67.3475,29.91115],[67.32672,29.91551],[67.31944,29.93905],[67.27721,29.92835],[67.25809,29.96443],[67.23764,29.97773],[67.21105,29.96536],[67.19246,29.98141],[67.16696,29.97382],[67.12471,29.94425],[67.11504,29.92278],[67.14093,29.85869],[67.14597,29.80121],[67.15842,29.76943],[67.18514,29.74328],[67.27459,29.7032],[67.27159,29.6878],[67.22327,29.6582],[67.19492,29.62309],[67.1923,29.5861],[67.12502,29.53482],[67.12368,29.51182],[67.16631,29.50586],[67.24701,29.50164],[67.32982,29.5262],[67.34266,29.50266],[67.34968,29.45043],[67.37473,29.41992],[67.44255,29.37865],[67.44248,29.34334],[67.46071,29.26477],[67.46548,29.21342],[67.4519,29.14284],[67.436,29.11934],[67.39251,29.07769],[67.34486,28.95741],[67.32246,28.88264],[67.28838,28.84737],[67.27468,28.85698],[67.24328,28.82735],[67.22505,28.77844],[67.23603,28.71599],[67.27922,28.70245],[67.33163,28.70635],[67.35005,28.72179],[67.44144,28.75909],[67.47691,28.74497],[67.50075,28.71231],[67.52079,28.7133],[67.52933,28.75678],[67.52464,28.78673],[67.53436,28.82358],[67.55821,28.84481],[67.57893,28.8458],[67.59402,28.82289],[67.63913,28.83777],[67.68482,28.83817],[67.65018,28.90647],[67.64829,28.92413],[67.66306,28.95],[67.67907,29.00012],[67.71251,29.04093],[67.74075,29.09106],[67.73356,29.14762],[67.77711,29.1424],[67.8214,29.12386],[67.91766,29.10201],[67.96007,29.0892],[67.97866,29.1059],[67.98336,29.14555],[67.96981,29.28632],[67.97192,29.32237],[67.98382,29.3754],[67.94118,29.33876],[67.91503,29.3303],[67.87516,29.33211],[67.88675,29.36721],[67.87611,29.4298],[67.85891,29.44533],[67.81131,29.4624],[67.81226,29.48422],[67.79946,29.55246],[67.77905,29.59666],[67.761,29.60464],[67.69589,29.59986],[67.67198,29.64686],[67.63472,29.66402],[67.58144,29.66646],[67.55175,29.67585],[67.50873,29.71535],[67.49978,29.7366],[67.49351,29.7911],[67.47446,29.84198],[67.43955,29.89796],[67.3763,29.92143]]]]}},{"type":"Feature","properties":{"province_name":"Balochistan","district_name":"Kalat","district_code":"PK210","area_km2":10184.221884303744},"geometry":{"type":"MultiPolygon","coordinates":[[[[67.12368,29.51182],[67.11835,29.49468],[67.07226,29.4584],[67.05201,29.43255],[66.96026,29.4449],[66.86671,29.42765],[66.81578,29.43166],[66.82623,29.45635],[66.86096,29.50301],[66.86876,29.5296],[66.85867,29.54873],[66.80831,29.56628],[66.78731,29.56085],[66.72269,29.50122],[66.70931,29.49772],[66.6628,29.4478],[66.6454,29.44362],[66.61592,29.46243],[66.61737,29.49887],[66.64316,29.56966],[66.6339,29.61565],[66.61037,29.62854],[66.58271,29.62356],[66.52845,29.58829],[66.48872,29.55123],[66.45096,29.5083],[66.40726,29.44628],[66.39227,29.40758],[66.37962,29.35209],[66.3421,29.3371],[66.2992,29.34032],[66.2605,29.35229],[66.19278,29.38424],[66.16306,29.32962],[66.10655,29.1763],[66.1065,29.14538],[66.12628,29.10132],[66.14551,29.07648],[66.14612,29.04669],[66.12811,28.98269],[66.12206,28.93925],[66.08866,28.88185],[66.07521,28.83516],[66.04352,28.83148],[66.03247,28.81769],[66.01392,28.74011],[66.0213,28.72528],[66.05792,28.70947],[66.09112,28.72306],[66.16062,28.71613],[66.31,28.68246],[66.33681,28.66747],[66.37247,28.62255],[66.37606,28.5961],[66.39994,28.57099],[66.42508,28.5606],[66.51771,28.55064],[66.56666,28.55574],[66.60685,28.56844],[66.62744,28.58391],[66.67114,28.64492],[66.70528,28.71939],[66.7495,28.78741],[66.77426,28.81532],[66.81615,28.82777],[66.97598,28.83948],[67.10052,28.83818],[67.18806,28.84254],[67.27468,28.85698],[67.28838,28.84737],[67.32246,28.88264],[67.34486,28.95741],[67.39251,29.07769],[67.436,29.11934],[67.4519,29.14284],[67.46548,29.21342],[67.46071,29.26477],[67.44248,29.34334],[67.44255,29.37865],[67.37473,29.41992],[67.34968,29.45043],[67.34266,29.50266],[67.32982,29.5262],[67.24701,29.50164],[67.16631,29.50586],[67.12368,29.51182]]]]}},{"type":"Feature","properties":{"province_name":"Balochistan","district_name":"Kech","district_code":"PK211","area_km2":24617.38404159332},"geometry":{"type":"MultiPolygon","coordinates":[[[[63.07129,26.64092],[63.05144,26.63758],[63.00192,26.65195],[62.94653,26.65292],[62.91946,26.64613],[62.84008,26.64753],[62.7787,26.65228],[62.73684,26.63853],[62.72139,26.6199],[62.68517,26.61256],[62.66085,26.61651],[62.60815,26.58501],[62.52987,26.57846],[62.51196,26.58134],[62.47842,26.56957],[62.43453,26.56814],[62.39712,26.53831],[62.36134,26.53954],[62.31507,26.52887],[62.29939,26.51363],[62.3088,26.47668],[62.28259,26.44725],[62.25637,26.44598],[62.26471,26.41269],[62.29134,26.38684],[62.28251,26.35837],[62.19967,26.36948],[62.14469,26.38933],[62.12809,26.38037],[62.12807,26.32958],[62.12115,26.31676],[62.06115,26.31542],[61.95824,26.26859],[61.90737,26.26006],[61.87075,26.24674],[61.84788,26.22814],[61.83303,26.1711],[61.78024,25.87087],[61.77985,25.81754],[61.80651,25.70085],[61.83842,25.69024],[61.89088,25.68645],[61.92075,25.66559],[61.96022,25.66104],[62.01145,25.71401],[62.03629,25.77182],[62.05558,25.76044],[62.05202,25.7073],[62.07633,25.67901],[62.07287,25.62496],[62.08948,25.59638],[62.11305,25.57515],[62.10805,25.56],[62.08189,25.55501],[62.06152,25.53741],[62.05415,25.50889],[62.10478,25.49438],[62.12412,25.47361],[62.2096,25.50315],[62.32586,25.53653],[62.40444,25.55412],[62.44911,25.5529],[62.62853,25.55954],[62.66841,25.55572],[62.804,25.56602],[62.84199,25.55709],[62.86773,25.57811],[62.92786,25.58693],[62.95525,25.59793],[62.98302,25.59732],[63.02664,25.54701],[63.03549,25.52962],[63.07473,25.52849],[63.09428,25.51709],[63.15637,25.51434],[63.17741,25.5194],[63.21527,25.50873],[63.2886,25.49694],[63.35433,25.49177],[63.37349,25.46201],[63.41194,25.45075],[63.43594,25.40842],[63.40312,25.37831],[63.42505,25.36696],[63.46777,25.40743],[63.57888,25.46493],[63.78093,25.55793],[63.9991,25.61209],[64.04605,25.61431],[64.08221,25.59831],[64.09167,25.57643],[64.11253,25.55993],[64.17098,25.55974],[64.2074,25.60737],[64.24639,25.62858],[64.26722,25.61259],[64.307,25.6177],[64.35236,25.63988],[64.3518,25.65484],[64.32339,25.67726],[64.29918,25.68538],[64.27847,25.71414],[64.27644,25.75125],[64.32038,25.77314],[64.32197,25.83136],[64.33634,25.8545],[64.35755,25.86464],[64.34852,25.89267],[64.36027,25.95629],[64.37585,26.00224],[64.40795,26.03208],[64.44531,26.03653],[64.49141,26.05454],[64.50209,26.06541],[64.51649,26.11023],[64.49747,26.17685],[64.47552,26.20551],[64.44463,26.22959],[64.3655,26.26595],[64.35847,26.23753],[64.33045,26.21224],[64.29059,26.19525],[64.24419,26.16826],[64.21136,26.17277],[64.16348,26.16846],[64.07251,26.14829],[64.03306,26.1642],[63.98054,26.21879],[63.88824,26.30228],[63.8513,26.31489],[63.81242,26.3152],[63.74747,26.2974],[63.72308,26.27709],[63.65709,26.27693],[63.60586,26.26394],[63.59336,26.27081],[63.58602,26.30973],[63.59221,26.35715],[63.57235,26.37474],[63.52591,26.36974],[63.51203,26.3932],[63.55999,26.41811],[63.59836,26.42755],[63.49197,26.47836],[63.41073,26.5044],[63.33766,26.49075],[63.29228,26.47157],[63.1951,26.43901],[63.13862,26.44399],[63.13622,26.4587],[63.16143,26.48019],[63.12978,26.48638],[63.1226,26.50702],[63.09115,26.52095],[63.12901,26.56175],[63.12942,26.57937],[63.07129,26.64092]]]]}},{"type":"Feature","properties":{"province_name":"Balochistan","district_name":"Kharan","district_code":"PK212","area_km2":8231.866685768364},"geometry":{"type":"MultiPolygon","coordinates":[[[[66.16306,29.32962],[66.1283,29.3266],[66.09819,29.34984],[66.05964,29.30624],[66.04968,29.28596],[66.05213,29.25663],[66.03692,29.2426],[66.00937,29.19749],[65.95499,29.16644],[65.90119,29.14848],[65.86696,29.1285],[65.82331,29.14504],[65.74567,29.1448],[65.71199,29.13402],[65.69332,29.1165],[65.68683,29.08312],[65.62771,29.06057],[65.60397,29.03445],[65.58844,29.0309],[65.52476,29.03919],[65.47623,29.03292],[65.45779,29.02767],[65.35212,28.95813],[65.30999,28.92494],[65.27123,28.90721],[65.22183,28.86251],[65.16048,28.81464],[65.06653,28.80476],[65.04085,28.79501],[64.99993,28.75235],[64.92872,28.68593],[64.91309,28.68296],[64.94003,28.65576],[64.96125,28.61894],[64.98046,28.54028],[64.97928,28.49478],[64.99879,28.44848],[65.10333,28.47287],[65.21124,28.5084],[65.23332,28.45568],[65.27812,28.40547],[65.28119,28.36762],[65.27318,28.31966],[65.27439,28.2415],[65.28096,28.20811],[65.30898,28.15825],[65.34323,28.11794],[65.35907,28.11062],[65.45259,28.18009],[65.50331,28.2082],[65.574,28.23651],[65.67362,28.29387],[65.88985,28.35789],[65.92968,28.42236],[65.95758,28.44111],[65.99124,28.47468],[66.01409,28.52063],[66.04943,28.56071],[66.06645,28.60666],[66.08417,28.63512],[66.09112,28.72306],[66.05792,28.70947],[66.0213,28.72528],[66.01392,28.74011],[66.03247,28.81769],[66.04352,28.83148],[66.07521,28.83516],[66.08866,28.88185],[66.12206,28.93925],[66.12811,28.98269],[66.14612,29.04669],[66.14551,29.07648],[66.12628,29.10132],[66.1065,29.14538],[66.10655,29.1763],[66.16306,29.32962]]]]}},{"type":"Feature","properties":{"province_name":"Balochistan","district_name":"Khuzdar","district_code":"PK213","area_km2":30972.690679771367},"geometry":{"type":"MultiPolygon","coordinates":[[[[67.23603,28.71599],[67.22505,28.77844],[67.24328,28.82735],[67.27468,28.85698],[67.18806,28.84254],[67.10052,28.83818],[66.97598,28.83948],[66.81615,28.82777],[66.77426,28.81532],[66.7495,28.78741],[66.70528,28.71939],[66.67114,28.64492],[66.62744,28.58391],[66.60685,28.56844],[66.56666,28.55574],[66.51771,28.55064],[66.48719,28.53155],[66.46105,28.4985],[66.42899,28.42825],[66.42851,28.40525],[66.4521,28.35682],[66.50015,28.31566],[66.51933,28.28584],[66.52,28.21457],[66.49944,28.16707],[66.47178,28.1505],[66.39352,28.11779],[66.25871,28.05216],[66.20435,28.01769],[66.13078,27.96154],[66.09016,27.9404],[66.03284,27.93203],[65.96059,27.93828],[65.92818,27.91666],[65.91229,27.88994],[65.86334,27.84066],[65.80938,27.81207],[65.77246,27.74993],[65.76991,27.70822],[65.7189,27.66629],[65.69126,27.58259],[65.71076,27.52869],[65.59839,27.42645],[65.59297,27.41753],[65.63236,27.40798],[65.77827,27.35742],[65.82765,27.30742],[65.85764,27.25376],[65.88091,27.17486],[65.91203,27.13936],[65.96332,27.1359],[65.99921,27.14545],[66.04011,27.19453],[66.05454,27.15466],[66.05089,27.09937],[66.03841,27.01471],[66.01948,26.91502],[66.00072,26.83653],[65.93101,26.61184],[65.92513,26.57466],[65.93316,26.54177],[66.0435,26.37441],[66.10337,26.27187],[66.08135,26.36743],[66.0819,26.4084],[66.11017,26.43034],[66.11461,26.4588],[66.10501,26.48772],[66.12143,26.53116],[66.14442,26.55533],[66.1773,26.57105],[66.19415,26.56434],[66.22279,26.53302],[66.2227,26.51715],[66.25184,26.4799],[66.28444,26.49776],[66.32948,26.4702],[66.41144,26.4566],[66.43114,26.43985],[66.4714,26.42651],[66.50685,26.45267],[66.57044,26.45617],[66.59012,26.43939],[66.60618,26.40621],[66.63019,26.43755],[66.70569,26.44639],[66.74471,26.46876],[66.75906,26.45066],[66.77952,26.33053],[66.81187,26.27317],[66.82934,26.25314],[66.85079,26.17273],[66.87908,26.08203],[66.88211,26.05245],[66.90256,25.98847],[66.92916,25.9398],[66.94796,25.88375],[66.95322,25.85268],[66.97806,25.78435],[66.97496,25.7354],[67.04386,25.74439],[67.09285,25.74541],[67.11583,25.76839],[67.12205,25.79103],[67.12033,25.83771],[67.13415,25.85207],[67.12642,25.95477],[67.11871,25.99221],[67.13898,26.07357],[67.14271,26.1709],[67.14908,26.19939],[67.14661,26.2747],[67.11063,26.291],[67.10246,26.30455],[67.08659,26.36831],[67.04663,26.41851],[67.03663,26.44025],[66.98585,26.50635],[66.96421,26.56373],[66.97887,26.58455],[67.07265,26.63108],[67.12379,26.6531],[67.13308,26.66325],[67.12647,26.73831],[67.14655,26.76843],[67.13377,26.87803],[67.13338,26.94035],[67.14597,26.95636],[67.13891,26.98438],[67.16061,27.06596],[67.15662,27.11964],[67.14417,27.19753],[67.12686,27.27003],[67.12604,27.29583],[67.13692,27.32723],[67.16112,27.35446],[67.17516,27.4472],[67.18288,27.5323],[67.22047,27.56303],[67.23611,27.59443],[67.24873,27.64799],[67.2699,27.67172],[67.30992,27.69894],[67.33739,27.72545],[67.35705,27.768],[67.35471,27.79592],[67.38486,27.86487],[67.39424,27.90968],[67.38968,28.04417],[67.40233,28.08744],[67.39373,28.15376],[67.39222,28.22916],[67.37711,28.2745],[67.35265,28.30802],[67.34872,28.34573],[67.3266,28.36948],[67.3274,28.40509],[67.30529,28.42882],[67.27441,28.43023],[67.24671,28.46654],[67.2101,28.49499],[67.17369,28.49077],[67.15942,28.50612],[67.20371,28.54248],[67.21004,28.55924],[67.23603,28.71599]]]]}},{"type":"Feature","properties":{"province_name":"Balochistan","district_name":"Killa Abdullah","district_code":"PK214","area_km2":2994.057661627676},"geometry":{"type":"MultiPolygon","coordinates":[[[[66.52357,30.22233],[66.51291,30.27415],[66.53019,30.34265],[66.55017,30.37162],[66.5509,30.40921],[66.57002,30.44865],[66.57237,30.4822],[66.54968,30.51417],[66.54191,30.54154],[66.56177,30.58286],[66.65493,30.58912],[66.69742,30.59522],[66.74962,30.58298],[66.78865,30.58518],[66.8312,30.57039],[66.84897,30.58143],[66.8027,30.66879],[66.76739,30.74898],[66.76967,30.76774],[66.83417,30.85651],[66.84246,30.90902],[66.82747,30.92617],[66.83416,30.94481],[66.79112,30.9219],[66.7477,30.89043],[66.65923,30.83835],[66.62502,30.81093],[66.62313,30.76385],[66.61116,30.73809],[66.62482,30.71844],[66.6131,30.69975],[66.57817,30.67807],[66.52953,30.67328],[66.45937,30.655],[66.41521,30.625],[66.3996,30.6],[66.42692,30.58359],[66.39186,30.54625],[66.36542,30.54446],[66.32573,30.49338],[66.33981,30.47932],[66.33892,30.44694],[66.35412,30.42727],[66.33279,30.37331],[66.33246,30.31731],[66.3166,30.24288],[66.28694,30.18746],[66.28431,30.15891],[66.26009,30.12914],[66.23986,30.0861],[66.26238,30.08646],[66.28679,30.12156],[66.35063,30.1859],[66.40351,30.17092],[66.41445,30.16178],[66.46838,30.15873],[66.51294,30.16594],[66.51242,30.21295],[66.52357,30.22233]]],[[[67.26202,31.20694],[67.22699,31.21944],[67.18333,31.22485],[67.16634,31.24339],[67.11762,31.24132],[67.09372,31.23192],[67.05617,31.23083],[67.03099,31.24018],[67.02482,31.26131],[67.04774,31.27528],[67.04446,31.30383],[67.01881,31.31133],[66.96912,31.31261],[66.90228,31.29617],[66.83497,31.26428],[66.80199,31.21907],[66.76859,31.20975],[66.78284,31.19067],[66.81782,31.18139],[66.82496,31.14998],[66.82139,31.09144],[66.8271,31.05861],[66.84709,31.01221],[66.84333,30.94914],[66.85976,30.95343],[66.88713,30.93022],[66.92061,30.92056],[66.95866,30.955],[66.992,30.97324],[67.03866,30.96178],[67.06055,30.93879],[67.19056,31.0085],[67.22308,31.03374],[67.20925,31.06148],[67.22574,31.11685],[67.25058,31.1346],[67.24852,31.17829],[67.26202,31.20694]]]]}},{"type":"Feature","properties":{"province_name":"Balochistan","district_name":"Killa Saifullah","district_code":"PK215","area_km2":12395.815489180412},"geometry":{"type":"MultiPolygon","coordinates":[[[[69.14124,30.69113],[69.12954,30.70506],[69.09032,30.68971],[69.05701,30.75678],[69.10152,30.7761],[69.15275,30.80853],[69.20421,30.81936],[69.25181,30.8393],[69.28712,30.91724],[69.28156,30.94532],[69.304,30.986],[69.35023,31.00066],[69.38031,31.04333],[69.36115,31.06218],[69.31278,31.02659],[69.2641,31.0302],[69.22806,31.06461],[69.21458,31.08853],[69.15523,31.10694],[69.11148,31.14323],[69.07367,31.13192],[69.02721,31.13546],[69.0015,31.12086],[68.98949,31.13939],[68.93922,31.1118],[68.924,31.11166],[68.91451,31.13969],[68.87193,31.13667],[68.83445,31.15068],[68.80246,31.15232],[68.76717,31.11795],[68.73393,31.10125],[68.70432,31.09766],[68.69115,31.11321],[68.68986,31.1485],[68.67213,31.16334],[68.66563,31.18942],[68.68208,31.20988],[68.67022,31.23786],[68.6552,31.24397],[68.66098,31.314],[68.65612,31.33225],[68.59549,31.35574],[68.50279,31.33368],[68.40372,31.28726],[68.38106,31.28345],[68.23772,31.32702],[68.17514,31.36597],[68.08486,31.44696],[68.0207,31.49615],[67.94123,31.52882],[67.86006,31.56599],[67.81739,31.59738],[67.74207,31.53371],[67.69977,31.51939],[67.64847,31.51835],[67.62157,31.53117],[67.56956,31.53469],[67.57568,31.50507],[67.59863,31.4596],[67.5947,31.4343],[67.63378,31.40069],[67.66007,31.39722],[67.74094,31.41478],[67.77134,31.39994],[67.78985,31.35662],[67.77408,31.33287],[67.71774,31.32343],[67.65832,31.29155],[67.62042,31.27639],[67.53924,31.26356],[67.49067,31.24214],[67.4451,31.233],[67.47664,31.20435],[67.53997,31.21133],[67.57274,31.19302],[67.58609,31.16294],[67.64753,31.16116],[67.67078,31.15038],[67.73619,31.14316],[67.81577,31.15081],[67.81383,31.11289],[67.79289,31.08625],[67.75632,31.0813],[67.76161,31.06025],[67.73904,31.0261],[67.6958,30.99894],[67.63822,30.95383],[67.62009,30.92837],[67.57322,30.89797],[67.50948,30.8762],[67.47006,30.87226],[67.44334,30.835],[67.47763,30.81337],[67.47929,30.79441],[67.4642,30.77071],[67.46438,30.74203],[67.43507,30.72344],[67.43489,30.70707],[67.4711,30.70801],[67.48875,30.67098],[67.51902,30.66799],[67.57494,30.67371],[67.60441,30.68363],[67.66247,30.68911],[67.68647,30.65771],[67.68406,30.63704],[67.69896,30.6192],[67.76451,30.62393],[67.81363,30.61552],[67.8923,30.64755],[67.93817,30.65672],[67.95798,30.60192],[67.9854,30.589],[68.01172,30.60594],[68.066,30.61291],[68.14686,30.6125],[68.17711,30.56823],[68.19526,30.55749],[68.25289,30.54667],[68.28474,30.56021],[68.3644,30.5847],[68.39474,30.58055],[68.46136,30.53436],[68.50159,30.5556],[68.57943,30.55919],[68.60269,30.57058],[68.64423,30.57499],[68.74906,30.54413],[68.7677,30.50968],[68.79411,30.51258],[68.88516,30.53902],[68.94142,30.57615],[69.01978,30.59382],[69.0462,30.60845],[69.08588,30.64865],[69.15382,30.66814],[69.14124,30.69113]]]]}},{"type":"Feature","properties":{"province_name":"Balochistan","district_name":"Kohlu","district_code":"PK216","area_km2":7722.111888939563},"geometry":{"type":"MultiPolygon","coordinates":[[[[69.646,29.68526],[69.59253,29.70521],[69.5444,29.70611],[69.48978,29.69914],[69.45279,29.68836],[69.41151,29.65874],[69.32468,29.62552],[69.25552,29.61134],[69.19057,29.62996],[69.1472,29.66059],[69.09094,29.68607],[69.0605,29.72638],[69.08234,29.74842],[69.15246,29.77648],[69.16124,29.7933],[69.19517,29.81922],[69.29735,29.87096],[69.33029,29.87653],[69.34812,29.88936],[69.38902,29.89563],[69.40665,29.93128],[69.44469,29.95562],[69.47766,30.00385],[69.48841,30.03392],[69.47832,30.07084],[69.40407,30.0448],[69.3348,30.00865],[69.32196,30.01372],[69.26695,30.00881],[69.17984,30.00786],[69.14742,29.99028],[69.11533,29.98529],[69.07405,29.99215],[69.04072,29.97614],[69.00839,29.98855],[68.9817,29.98577],[68.9724,30.0067],[68.94437,30.02827],[68.85524,29.99679],[68.80456,29.94894],[68.75977,29.92868],[68.68581,29.91827],[68.55538,29.9154],[68.53403,29.92952],[68.47991,29.95098],[68.40944,30.01609],[68.39641,29.95796],[68.39828,29.9364],[68.40256,29.9057],[68.44357,29.88063],[68.52072,29.84103],[68.56814,29.82885],[68.57714,29.81466],[68.56354,29.78289],[68.57244,29.73254],[68.5405,29.69388],[68.45714,29.65945],[68.43208,29.62404],[68.39922,29.62184],[68.26564,29.62849],[68.223,29.5901],[68.19368,29.58457],[68.12541,29.45737],[68.09907,29.41916],[68.15208,29.40301],[68.17728,29.37445],[68.21684,29.34458],[68.34329,29.26384],[68.44031,29.22454],[68.4865,29.21745],[68.53372,29.23429],[68.66069,29.26408],[68.71196,29.26189],[68.8297,29.24368],[68.9205,29.22275],[68.96403,29.23405],[69.01643,29.26061],[69.04817,29.26018],[69.11728,29.24747],[69.18746,29.25953],[69.20582,29.27109],[69.23975,29.31896],[69.27335,29.34581],[69.31742,29.35594],[69.37342,29.40333],[69.4662,29.44686],[69.50021,29.49103],[69.49665,29.51572],[69.45573,29.52388],[69.42613,29.5437],[69.43586,29.59121],[69.47743,29.63344],[69.51599,29.66189],[69.56843,29.6785],[69.6289,29.66872],[69.646,29.68526]]]]}},{"type":"Feature","properties":{"province_name":"Balochistan","district_name":"Lasbela","district_code":"PK217","area_km2":14066.273372279858},"geometry":{"type":"MultiPolygon","coordinates":[[[[67.32097,25.64045],[67.33373,25.69737],[67.34668,25.72389],[67.40291,25.7923],[67.41464,25.82825],[67.40131,25.86813],[67.40529,25.9625],[67.42642,26.07296],[67.41315,26.08719],[67.38768,26.13606],[67.3595,26.14997],[67.33787,26.20804],[67.26556,26.34696],[67.2037,26.44599],[67.17758,26.4715],[67.15108,26.54605],[67.12379,26.6531],[67.07265,26.63108],[66.97887,26.58455],[66.96421,26.56373],[66.98585,26.50635],[67.03663,26.44025],[67.04663,26.41851],[67.08659,26.36831],[67.10246,26.30455],[67.11063,26.291],[67.14661,26.2747],[67.14908,26.19939],[67.14271,26.1709],[67.13898,26.07357],[67.11871,25.99221],[67.12642,25.95477],[67.13415,25.85207],[67.12033,25.83771],[67.12205,25.79103],[67.11583,25.76839],[67.09285,25.74541],[67.04386,25.74439],[66.97496,25.7354],[66.97806,25.78435],[66.95322,25.85268],[66.94796,25.88375],[66.92916,25.9398],[66.90256,25.98847],[66.88211,26.05245],[66.87908,26.08203],[66.85079,26.17273],[66.82934,26.25314],[66.81187,26.27317],[66.77952,26.33053],[66.75906,26.45066],[66.74471,26.46876],[66.70569,26.44639],[66.63019,26.43755],[66.60618,26.40621],[66.59012,26.43939],[66.57044,26.45617],[66.50685,26.45267],[66.4714,26.42651],[66.43114,26.43985],[66.41144,26.4566],[66.32948,26.4702],[66.28444,26.49776],[66.25184,26.4799],[66.2341,26.4639],[66.23074,26.39914],[66.2132,26.36374],[66.17592,26.34184],[66.16762,26.32667],[66.16235,26.27536],[66.16918,26.22916],[66.20133,26.16125],[66.21403,26.07819],[66.23801,25.96067],[66.25898,25.87088],[66.26002,25.84988],[66.21695,25.74891],[66.19687,25.69255],[66.14098,25.58729],[66.06996,25.47626],[66.04034,25.45169],[66.01922,25.45328],[65.97174,25.48485],[65.94497,25.47543],[65.8883,25.49683],[65.8625,25.48235],[65.83007,25.48461],[65.74955,25.51509],[65.68395,25.50021],[65.62771,25.47952],[65.57624,25.44878],[65.52279,25.43058],[65.4985,25.44795],[65.53344,25.46595],[65.5497,25.49719],[65.53781,25.55667],[65.51726,25.56904],[65.51791,25.59004],[65.50272,25.61674],[65.52709,25.64442],[65.53776,25.6798],[65.46561,25.66305],[65.43073,25.63662],[65.37431,25.62671],[65.35681,25.6181],[65.33868,25.59101],[65.3006,25.59557],[65.27016,25.58594],[65.25752,25.56395],[65.23334,25.56867],[65.20315,25.55727],[65.20679,25.54107],[65.209,25.43797],[65.20403,25.40051],[65.21519,25.37214],[65.23809,25.34442],[65.25515,25.38219],[65.29862,25.38616],[65.34355,25.38079],[65.37106,25.39025],[65.40649,25.38211],[65.45247,25.3826],[65.52894,25.37237],[65.61121,25.35254],[65.64098,25.35055],[65.66566,25.36171],[65.69806,25.36213],[65.74103,25.37952],[65.77727,25.38553],[65.816,25.41358],[65.85913,25.42008],[65.90364,25.41345],[65.95495,25.41317],[66.01435,25.42095],[66.12554,25.45073],[66.23407,25.46568],[66.32191,25.46695],[66.35997,25.46013],[66.41743,25.44215],[66.50591,25.40531],[66.49646,25.45885],[66.51743,25.49205],[66.46833,25.4987],[66.42653,25.48263],[66.40424,25.49616],[66.38829,25.52604],[66.36359,25.52275],[66.34285,25.55139],[66.31405,25.53769],[66.28982,25.54339],[66.26227,25.51865],[66.22366,25.4991],[66.14972,25.47744],[66.12204,25.47419],[66.11275,25.48927],[66.13417,25.51169],[66.13189,25.53835],[66.18074,25.58322],[66.21043,25.60221],[66.22363,25.59168],[66.29689,25.62393],[66.31048,25.61006],[66.36409,25.61618],[66.37254,25.59897],[66.39909,25.58352],[66.46704,25.6025],[66.47221,25.58118],[66.50558,25.59126],[66.53466,25.5901],[66.51588,25.56346],[66.52886,25.54223],[66.55859,25.53189],[66.55503,25.48035],[66.56001,25.45296],[66.5882,25.43524],[66.57828,25.41146],[66.58204,25.38527],[66.56322,25.35028],[66.61981,25.31945],[66.67832,25.27111],[66.70826,25.23903],[66.73728,25.19645],[66.7441,25.16746],[66.73859,25.14219],[66.70415,25.08262],[66.7122,25.03154],[66.69379,24.99325],[66.70036,24.94963],[66.67545,24.92363],[66.68693,24.89273],[66.70295,24.89269],[66.72224,24.91392],[66.78983,24.96858],[66.85739,25.00253],[66.91594,25.0137],[66.93824,25.02936],[67.00507,25.09781],[67.00833,25.16232],[67.03549,25.20546],[67.08972,25.24121],[67.11018,25.26714],[67.11369,25.28656],[67.13462,25.31691],[67.13906,25.35732],[67.16224,25.39541],[67.16332,25.45249],[67.18816,25.47483],[67.2011,25.49963],[67.24399,25.52341],[67.25705,25.56574],[67.29212,25.58265],[67.31136,25.61089],[67.32097,25.64045]]]]}},{"type":"Feature","properties":{"province_name":"Balochistan","district_name":"Lehri","district_code":"PK218","area_km2":3283.4398649729105},"geometry":{"type":"MultiPolygon","coordinates":[[[[68.17728,29.37445],[68.12274,29.34423],[68.08649,29.34207],[68.04458,29.36345],[68.00059,29.37773],[67.98382,29.3754],[67.97192,29.32237],[67.96981,29.28632],[67.98336,29.14555],[67.97866,29.1059],[67.96007,29.0892],[67.91766,29.10201],[67.8214,29.12386],[67.77711,29.1424],[67.73356,29.14762],[67.74075,29.09106],[67.71251,29.04093],[67.67907,29.00012],[67.66306,28.95],[67.64829,28.92413],[67.65018,28.90647],[67.68482,28.83817],[67.7099,28.83324],[67.73635,28.8143],[67.70686,28.78993],[67.70248,28.77221],[67.71583,28.73936],[67.74781,28.70006],[67.77594,28.60811],[67.79649,28.61654],[67.84344,28.61625],[67.8707,28.60882],[67.89054,28.64646],[67.86465,28.66536],[67.8963,28.69382],[67.94629,28.76977],[67.96885,28.78091],[67.96681,28.70931],[67.98575,28.70226],[68.02373,28.72125],[68.03404,28.745],[68.02346,28.77832],[68.06876,28.78372],[68.11029,28.79961],[68.17484,28.83271],[68.23793,28.85977],[68.25903,28.93332],[68.23019,28.95342],[68.25945,28.98426],[68.32332,29.00555],[68.38287,29.0495],[68.34821,29.09828],[68.28949,29.16111],[68.27942,29.20321],[68.29664,29.2262],[68.31449,29.22612],[68.37621,29.20538],[68.41232,29.2021],[68.46783,29.20644],[68.4865,29.21745],[68.44031,29.22454],[68.34329,29.26384],[68.21684,29.34458],[68.17728,29.37445]]]]}},{"type":"Feature","properties":{"province_name":"Balochistan","district_name":"Loralai","district_code":"PK219","area_km2":3793.79097816029},"geometry":{"type":"MultiPolygon","coordinates":[[[[69.56113,30.44837],[69.52609,30.47941],[69.4603,30.52401],[69.40901,30.54797],[69.32624,30.62105],[69.22462,30.62706],[69.20355,30.68258],[69.14124,30.69113],[69.15382,30.66814],[69.08588,30.64865],[69.0462,30.60845],[69.01978,30.59382],[68.94142,30.57615],[68.88516,30.53902],[68.79411,30.51258],[68.7677,30.50968],[68.74906,30.54413],[68.64423,30.57499],[68.60269,30.57058],[68.57943,30.55919],[68.50159,30.5556],[68.46136,30.53436],[68.39474,30.58055],[68.3644,30.5847],[68.28474,30.56021],[68.25289,30.54667],[68.19526,30.55749],[68.17711,30.56823],[68.14686,30.6125],[68.066,30.61291],[68.01172,30.60594],[67.9854,30.589],[67.95798,30.60192],[67.93817,30.65672],[67.8923,30.64755],[67.81363,30.61552],[67.76451,30.62393],[67.69896,30.6192],[67.70095,30.59349],[67.73354,30.54826],[67.78115,30.52038],[67.78001,30.50368],[67.84789,30.50405],[67.96648,30.48351],[67.9727,30.50259],[68.03421,30.54292],[68.05863,30.53692],[68.11292,30.54462],[68.14397,30.52868],[68.22662,30.52908],[68.23475,30.52055],[68.23257,30.47599],[68.24108,30.45735],[68.30418,30.45485],[68.31892,30.43572],[68.31005,30.40243],[68.33023,30.38345],[68.39037,30.37839],[68.44758,30.38939],[68.51896,30.38649],[68.48132,30.3384],[68.4965,30.30449],[68.50964,30.2969],[68.56658,30.29234],[68.57178,30.27697],[68.59993,30.26606],[68.64514,30.27282],[68.68506,30.26507],[68.76181,30.2717],[68.79327,30.28461],[68.87028,30.28377],[68.91357,30.29221],[68.99578,30.2995],[69.01991,30.32498],[69.15857,30.37011],[69.21079,30.39078],[69.24888,30.36932],[69.31336,30.34435],[69.36172,30.33992],[69.38644,30.34647],[69.44938,30.34971],[69.47716,30.359],[69.52632,30.40662],[69.56113,30.44837]]]]}},{"type":"Feature","properties":{"province_name":"Balochistan","district_name":"Mastung","district_code":"PK220","area_km2":4714.5691099229325},"geometry":{"type":"MultiPolygon","coordinates":[[[[67.12471,29.94425],[67.08002,29.96671],[67.04871,29.94957],[66.98685,29.98239],[66.96069,29.98005],[66.9482,30.04723],[66.88757,30.05654],[66.84478,30.027],[66.80886,30.0306],[66.82539,30.07697],[66.79754,30.08515],[66.78981,30.11807],[66.75752,30.12401],[66.72995,30.14831],[66.69614,30.15326],[66.68335,30.13967],[66.62312,30.02284],[66.60232,29.95285],[66.56673,29.91119],[66.56803,29.87358],[66.5454,29.82799],[66.50534,29.80985],[66.47297,29.81876],[66.43361,29.85405],[66.38354,29.8467],[66.34944,29.8553],[66.31612,29.8544],[66.26806,29.87281],[66.25805,29.86062],[66.30286,29.8464],[66.30425,29.82075],[66.28379,29.79908],[66.27808,29.74691],[66.28831,29.719],[66.29179,29.66064],[66.31246,29.6319],[66.29494,29.57978],[66.26373,29.54521],[66.25961,29.49795],[66.21661,29.4112],[66.19278,29.38424],[66.2605,29.35229],[66.2992,29.34032],[66.3421,29.3371],[66.37962,29.35209],[66.39227,29.40758],[66.40726,29.44628],[66.45096,29.5083],[66.48872,29.55123],[66.52845,29.58829],[66.58271,29.62356],[66.61037,29.62854],[66.6339,29.61565],[66.64316,29.56966],[66.61737,29.49887],[66.61592,29.46243],[66.6454,29.44362],[66.6628,29.4478],[66.70931,29.49772],[66.72269,29.50122],[66.78731,29.56085],[66.80831,29.56628],[66.85867,29.54873],[66.86876,29.5296],[66.86096,29.50301],[66.82623,29.45635],[66.81578,29.43166],[66.86671,29.42765],[66.96026,29.4449],[67.05201,29.43255],[67.07226,29.4584],[67.11835,29.49468],[67.12368,29.51182],[67.12502,29.53482],[67.1923,29.5861],[67.19492,29.62309],[67.22327,29.6582],[67.27159,29.6878],[67.27459,29.7032],[67.18514,29.74328],[67.15842,29.76943],[67.14597,29.80121],[67.14093,29.85869],[67.11504,29.92278],[67.12471,29.94425]]]]}},{"type":"Feature","properties":{"province_name":"Balochistan","district_name":"Musakhel","district_code":"PK221","area_km2":5897.152276704762},"geometry":{"type":"MultiPolygon","coordinates":[[[[70.28751,31.1655],[70.26248,31.20112],[70.25766,31.22374],[70.27007,31.24324],[70.26582,31.31421],[70.27863,31.39753],[70.27646,31.43177],[70.26079,31.50746],[70.24559,31.50855],[70.22357,31.48561],[70.19241,31.46917],[70.17104,31.44372],[70.14959,31.4338],[70.11841,31.43411],[70.07756,31.39245],[70.05242,31.39835],[70.02717,31.35897],[70.02862,31.30365],[69.99525,31.28682],[69.97467,31.29333],[69.93301,31.24934],[69.88004,31.27305],[69.85263,31.27563],[69.81786,31.29505],[69.78332,31.27072],[69.75223,31.26556],[69.71963,31.27356],[69.69626,31.24703],[69.71622,31.22388],[69.69623,31.18144],[69.70484,31.13052],[69.71628,31.10339],[69.70497,31.05567],[69.7315,31.03811],[69.71823,30.98487],[69.67463,30.93035],[69.63536,30.84679],[69.53188,30.74824],[69.52697,30.725],[69.53036,30.66302],[69.50386,30.62774],[69.47353,30.60693],[69.46047,30.57558],[69.46865,30.54049],[69.49707,30.53205],[69.52784,30.53826],[69.53382,30.50494],[69.55683,30.48906],[69.5472,30.46995],[69.56113,30.44837],[69.58344,30.44522],[69.63247,30.41102],[69.65596,30.40606],[69.66595,30.38405],[69.70963,30.36239],[69.73954,30.35838],[69.76071,30.35021],[69.78006,30.29905],[69.82457,30.29245],[69.8658,30.31022],[69.88629,30.33111],[69.92656,30.33387],[69.96117,30.32264],[69.99345,30.38118],[69.99777,30.44563],[70.03894,30.49549],[70.08563,30.59292],[70.09489,30.64182],[70.08872,30.6975],[70.11191,30.73913],[70.15865,30.73993],[70.17068,30.77626],[70.2011,30.77771],[70.21577,30.79021],[70.2268,30.84311],[70.26717,30.84529],[70.2707,30.85999],[70.25256,30.88283],[70.26376,30.92529],[70.26466,30.99994],[70.26997,31.04026],[70.29438,31.09524],[70.29274,31.15946],[70.28751,31.1655]]]]}},{"type":"Feature","properties":{"province_name":"Balochistan","district_name":"Nasirabad","district_code":"PK222","area_km2":3222.958294516789},"geometry":{"type":"MultiPolygon","coordinates":[[[[68.44818,28.67401],[68.43957,28.72032],[68.44086,28.75989],[68.43503,28.81556],[68.41442,28.88797],[68.41552,28.96587],[68.39993,29.01595],[68.38287,29.0495],[68.32332,29.00555],[68.25945,28.98426],[68.23019,28.95342],[68.25903,28.93332],[68.23793,28.85977],[68.17484,28.83271],[68.11029,28.79961],[68.06876,28.78372],[68.02346,28.77832],[68.03404,28.745],[68.02373,28.72125],[67.98575,28.70226],[67.96681,28.70931],[67.96885,28.78091],[67.94629,28.76977],[67.8963,28.69382],[67.86465,28.66536],[67.89054,28.64646],[67.8707,28.60882],[67.84344,28.61625],[67.79649,28.61654],[67.77594,28.60811],[67.78846,28.55373],[67.7835,28.53088],[67.76268,28.50148],[67.74392,28.45835],[67.74262,28.42669],[67.75595,28.37757],[67.79782,28.24903],[67.80362,28.20356],[67.95082,28.23822],[67.99274,28.264],[68.01003,28.28734],[68.07097,28.33989],[68.0789,28.38644],[68.1419,28.42255],[68.20373,28.44088],[68.25382,28.43953],[68.29383,28.44562],[68.34827,28.43516],[68.38179,28.45163],[68.38811,28.51008],[68.38259,28.56272],[68.3813,28.63881],[68.40373,28.66031],[68.44818,28.67401]]]]}},{"type":"Feature","properties":{"province_name":"Balochistan","district_name":"Nushki","district_code":"PK223","area_km2":5872.808109960344},"geometry":{"type":"MultiPolygon","coordinates":[[[[66.16306,29.32962],[66.19278,29.38424],[66.21661,29.4112],[66.25961,29.49795],[66.26373,29.54521],[66.29494,29.57978],[66.31246,29.6319],[66.29179,29.66064],[66.28831,29.719],[66.27808,29.74691],[66.28379,29.79908],[66.30425,29.82075],[66.30286,29.8464],[66.25805,29.86062],[66.24564,29.85137],[66.03554,29.79213],[65.88799,29.75378],[65.78114,29.72374],[65.44134,29.63622],[65.36967,29.61557],[65.1293,29.55164],[65.18922,29.50027],[65.26112,29.41347],[65.33661,29.29293],[65.44504,29.10191],[65.47623,29.03292],[65.52476,29.03919],[65.58844,29.0309],[65.60397,29.03445],[65.62771,29.06057],[65.68683,29.08312],[65.69332,29.1165],[65.71199,29.13402],[65.74567,29.1448],[65.82331,29.14504],[65.86696,29.1285],[65.90119,29.14848],[65.95499,29.16644],[66.00937,29.19749],[66.03692,29.2426],[66.05213,29.25663],[66.04968,29.28596],[66.05964,29.30624],[66.09819,29.34984],[66.1283,29.3266],[66.16306,29.32962]]]]}},{"type":"Feature","properties":{"province_name":"Balochistan","district_name":"Panjgur","district_code":"PK224","area_km2":17670.530188058772},"geometry":{"type":"MultiPolygon","coordinates":[[[[65.33627,26.89541],[65.28085,26.88888],[65.24843,26.90715],[65.24364,26.92736],[65.22388,26.9386],[65.21381,26.98176],[65.18119,27.02291],[65.15602,27.0291],[65.11755,27.02407],[65.08441,27.03269],[65.07831,27.07168],[65.05877,27.10258],[65.0477,27.15354],[65.01442,27.18237],[64.92411,27.1357],[64.80952,27.06401],[64.73386,27.02052],[64.69378,27.00438],[64.63362,27.02775],[64.59045,27.06379],[64.4951,27.11298],[64.50102,27.16187],[64.48392,27.20644],[64.45694,27.22672],[64.45607,27.24688],[64.42626,27.28749],[64.4017,27.29816],[64.38052,27.27859],[64.37474,27.25893],[64.32843,27.23857],[64.2804,27.18386],[64.19272,27.12978],[64.12196,27.1186],[64.10961,27.10536],[64.12429,27.06548],[64.11597,27.033],[64.09923,27.00235],[64.07311,26.99648],[64.10608,27.05177],[64.098,27.07881],[63.99663,27.08871],[63.90303,27.14842],[63.89614,27.18591],[63.82599,27.25606],[63.79059,27.26112],[63.73466,27.23642],[63.65823,27.22908],[63.5998,27.23815],[63.57931,27.2166],[63.5306,27.20967],[63.45472,27.2077],[63.41937,27.1948],[63.38089,27.20385],[63.34449,27.20146],[63.24812,27.20845],[63.29924,27.17892],[63.31746,27.13866],[63.25591,27.08295],[63.25669,26.92868],[63.28139,26.87457],[63.27553,26.86477],[63.19213,26.84349],[63.20321,26.76826],[63.19973,26.73799],[63.17312,26.67011],[63.16919,26.64729],[63.07129,26.64092],[63.12942,26.57937],[63.12901,26.56175],[63.09115,26.52095],[63.1226,26.50702],[63.12978,26.48638],[63.16143,26.48019],[63.13622,26.4587],[63.13862,26.44399],[63.1951,26.43901],[63.29228,26.47157],[63.33766,26.49075],[63.41073,26.5044],[63.49197,26.47836],[63.59836,26.42755],[63.55999,26.41811],[63.51203,26.3932],[63.52591,26.36974],[63.57235,26.37474],[63.59221,26.35715],[63.58602,26.30973],[63.59336,26.27081],[63.60586,26.26394],[63.65709,26.27693],[63.72308,26.27709],[63.74747,26.2974],[63.81242,26.3152],[63.8513,26.31489],[63.88824,26.30228],[63.98054,26.21879],[64.03306,26.1642],[64.07251,26.14829],[64.16348,26.16846],[64.21136,26.17277],[64.24419,26.16826],[64.29059,26.19525],[64.33045,26.21224],[64.35847,26.23753],[64.3655,26.26595],[64.44463,26.22959],[64.42099,26.29598],[64.42009,26.33268],[64.4454,26.3655],[64.51932,26.37233],[64.594,26.37037],[64.73378,26.36212],[64.81016,26.36761],[64.87461,26.36363],[64.91837,26.36768],[64.93166,26.40482],[64.91824,26.42308],[64.9149,26.45073],[64.93956,26.47966],[65.00864,26.53193],[65.1279,26.63003],[65.1804,26.67945],[65.2503,26.75595],[65.29847,26.80337],[65.3257,26.86166],[65.33627,26.89541]]]]}},{"type":"Feature","properties":{"province_name":"Balochistan","district_name":"Pishin","district_code":"PK225","area_km2":6085.885447165226},"geometry":{"type":"MultiPolygon","coordinates":[[[[67.69896,30.6192],[67.68406,30.63704],[67.68647,30.65771],[67.66247,30.68911],[67.60441,30.68363],[67.57494,30.67371],[67.51902,30.66799],[67.48875,30.67098],[67.4711,30.70801],[67.43489,30.70707],[67.43507,30.72344],[67.46438,30.74203],[67.4642,30.77071],[67.47929,30.79441],[67.47763,30.81337],[67.44334,30.835],[67.47006,30.87226],[67.50948,30.8762],[67.57322,30.89797],[67.62009,30.92837],[67.63822,30.95383],[67.6958,30.99894],[67.73904,31.0261],[67.76161,31.06025],[67.75632,31.0813],[67.79289,31.08625],[67.81383,31.11289],[67.81577,31.15081],[67.73619,31.14316],[67.67078,31.15038],[67.64753,31.16116],[67.58609,31.16294],[67.57274,31.19302],[67.53997,31.21133],[67.47664,31.20435],[67.4451,31.233],[67.39053,31.21657],[67.34536,31.21971],[67.26202,31.20694],[67.24852,31.17829],[67.25058,31.1346],[67.22574,31.11685],[67.20925,31.06148],[67.22308,31.03374],[67.19056,31.0085],[67.06055,30.93879],[67.03866,30.96178],[66.992,30.97324],[66.95866,30.955],[66.92061,30.92056],[66.88713,30.93022],[66.85976,30.95343],[66.84333,30.94914],[66.83416,30.94481],[66.82747,30.92617],[66.84246,30.90902],[66.83417,30.85651],[66.76967,30.76774],[66.76739,30.74898],[66.8027,30.66879],[66.84897,30.58143],[66.8312,30.57039],[66.78865,30.58518],[66.74962,30.58298],[66.69742,30.59522],[66.65493,30.58912],[66.56177,30.58286],[66.54191,30.54154],[66.54968,30.51417],[66.57237,30.4822],[66.57002,30.44865],[66.5509,30.40921],[66.55017,30.37162],[66.53019,30.34265],[66.51291,30.27415],[66.52357,30.22233],[66.59211,30.20526],[66.6084,30.1885],[66.64608,30.17313],[66.70275,30.18872],[66.72137,30.22311],[66.74227,30.24528],[66.76054,30.29104],[66.77389,30.29691],[66.81622,30.37046],[66.83048,30.4215],[66.85953,30.46866],[66.8815,30.46042],[66.91716,30.47353],[66.9643,30.39366],[66.99046,30.38179],[67.04874,30.37352],[67.08907,30.41337],[67.12512,30.43786],[67.14915,30.43581],[67.18569,30.45352],[67.21883,30.44375],[67.22415,30.47328],[67.25626,30.50038],[67.2748,30.53176],[67.32349,30.55462],[67.36722,30.58638],[67.41702,30.59822],[67.44959,30.58496],[67.46587,30.55434],[67.49547,30.52169],[67.528,30.51624],[67.55357,30.54869],[67.56012,30.57395],[67.58879,30.58732],[67.70095,30.59349],[67.69896,30.6192]]]]}},{"type":"Feature","properties":{"province_name":"Balochistan","district_name":"Quetta","district_code":"PK226","area_km2":3760.69245530028},"geometry":{"type":"MultiPolygon","coordinates":[[[[67.21883,30.44375],[67.18569,30.45352],[67.14915,30.43581],[67.12512,30.43786],[67.08907,30.41337],[67.04874,30.37352],[66.99046,30.38179],[66.9643,30.39366],[66.91716,30.47353],[66.8815,30.46042],[66.85953,30.46866],[66.83048,30.4215],[66.81622,30.37046],[66.77389,30.29691],[66.76054,30.29104],[66.74227,30.24528],[66.72137,30.22311],[66.70275,30.18872],[66.64608,30.17313],[66.6084,30.1885],[66.59211,30.20526],[66.52357,30.22233],[66.51242,30.21295],[66.51294,30.16594],[66.46838,30.15873],[66.41445,30.16178],[66.40351,30.17092],[66.35063,30.1859],[66.28679,30.12156],[66.26238,30.08646],[66.23986,30.0861],[66.24165,30.05505],[66.35876,29.97445],[66.31891,29.9127],[66.26806,29.87281],[66.31612,29.8544],[66.34944,29.8553],[66.38354,29.8467],[66.43361,29.85405],[66.47297,29.81876],[66.50534,29.80985],[66.5454,29.82799],[66.56803,29.87358],[66.56673,29.91119],[66.60232,29.95285],[66.62312,30.02284],[66.68335,30.13967],[66.69614,30.15326],[66.72995,30.14831],[66.75752,30.12401],[66.78981,30.11807],[66.79754,30.08515],[66.82539,30.07697],[66.80886,30.0306],[66.84478,30.027],[66.88757,30.05654],[66.9482,30.04723],[66.96069,29.98005],[66.98685,29.98239],[67.04871,29.94957],[67.08002,29.96671],[67.12471,29.94425],[67.16696,29.97382],[67.19246,29.98141],[67.21105,29.96536],[67.23764,29.97773],[67.25809,29.96443],[67.27721,29.92835],[67.31944,29.93905],[67.32672,29.91551],[67.3475,29.91115],[67.3763,29.92143],[67.35324,29.98388],[67.35426,30.00412],[67.40868,30.02204],[67.40777,30.03835],[67.43211,30.05193],[67.43318,30.06182],[67.41254,30.17647],[67.30436,30.17602],[67.27793,30.20785],[67.28292,30.24869],[67.24612,30.22887],[67.22828,30.24982],[67.25202,30.25804],[67.2903,30.29976],[67.28019,30.33287],[67.25891,30.32346],[67.22527,30.33744],[67.19268,30.36818],[67.19079,30.406],[67.21883,30.44375]]]]}},{"type":"Feature","properties":{"province_name":"Balochistan","district_name":"Sherani","district_code":"PK227","area_km2":3048.51873837803},"geometry":{"type":"MultiPolygon","coordinates":[[[[69.95645,31.89451],[69.96329,31.93682],[69.939,31.93415],[69.89899,31.88838],[69.85583,31.89206],[69.85332,31.92485],[69.8685,31.94214],[69.88052,31.98171],[69.82647,32.00368],[69.80037,32.02257],[69.81746,32.03669],[69.85249,32.10062],[69.80421,32.09522],[69.73696,32.07821],[69.67955,32.07294],[69.64455,32.04304],[69.62922,32.00724],[69.54615,31.95669],[69.60184,31.88187],[69.62171,31.84033],[69.61797,31.80008],[69.58231,31.7092],[69.56198,31.5864],[69.53131,31.52121],[69.53575,31.47141],[69.55601,31.39338],[69.5694,31.35672],[69.62335,31.33423],[69.72299,31.32551],[69.74516,31.31756],[69.71965,31.29501],[69.71963,31.27356],[69.75223,31.26556],[69.78332,31.27072],[69.81786,31.29505],[69.85263,31.27563],[69.88004,31.27305],[69.93301,31.24934],[69.97467,31.29333],[69.99525,31.28682],[70.02862,31.30365],[70.02717,31.35897],[70.05242,31.39835],[70.04385,31.44229],[70.01814,31.5081],[69.97121,31.51456],[69.93971,31.5456],[69.95136,31.72594],[69.94662,31.76286],[69.95586,31.77565],[69.94292,31.80903],[69.93997,31.85356],[69.95703,31.87086],[69.95645,31.89451]]]]}},{"type":"Feature","properties":{"province_name":"Balochistan","district_name":"Sibi","district_code":"PK228","area_km2":4963.312554866165},"geometry":{"type":"MultiPolygon","coordinates":[[[[68.39828,29.9364],[68.27274,29.93213],[68.1673,29.90845],[68.08445,29.89784],[68.06444,29.88843],[68.05246,29.84624],[68.02862,29.81667],[67.97032,29.79237],[67.97382,29.75261],[67.90572,29.70589],[67.90164,29.7338],[67.92269,29.77697],[67.97646,29.83989],[68.00373,29.90315],[68.01106,29.96009],[68.00152,29.98815],[67.97252,30.02189],[67.93663,30.02838],[67.8868,30.02846],[67.85267,30.01898],[67.77858,30.01763],[67.76526,30.02987],[67.79195,30.04949],[67.79146,30.06261],[67.75361,30.09233],[67.67324,30.12603],[67.63371,30.1202],[67.56197,30.09283],[67.55973,30.07897],[67.51945,30.031],[67.47293,30.02792],[67.43211,30.05193],[67.40777,30.03835],[67.40868,30.02204],[67.35426,30.00412],[67.35324,29.98388],[67.3763,29.92143],[67.43955,29.89796],[67.47446,29.84198],[67.49351,29.7911],[67.49978,29.7366],[67.50873,29.71535],[67.55175,29.67585],[67.58144,29.66646],[67.63472,29.66402],[67.67198,29.64686],[67.69589,29.59986],[67.761,29.60464],[67.77905,29.59666],[67.79946,29.55246],[67.81226,29.48422],[67.81131,29.4624],[67.85891,29.44533],[67.87611,29.4298],[67.88675,29.36721],[67.87516,29.33211],[67.91503,29.3303],[67.94118,29.33876],[67.98382,29.3754],[68.00059,29.37773],[68.04458,29.36345],[68.08649,29.34207],[68.12274,29.34423],[68.17728,29.37445],[68.15208,29.40301],[68.09907,29.41916],[68.12541,29.45737],[68.19368,29.58457],[68.223,29.5901],[68.26564,29.62849],[68.39922,29.62184],[68.43208,29.62404],[68.45714,29.65945],[68.5405,29.69388],[68.57244,29.73254],[68.56354,29.78289],[68.57714,29.81466],[68.56814,29.82885],[68.52072,29.84103],[68.44357,29.88063],[68.40256,29.9057],[68.39828,29.9364]]]]}},{"type":"Feature","properties":{"province_name":"Balochistan","district_name":"Sohbatpur","district_code":"PK229","area_km2":786.2788185303659},"geometry":{"type":"MultiPolygon","coordinates":[[[[69.1275,28.44061],[69.11848,28.4727],[69.08029,28.49362],[69.03601,28.45935],[68.97486,28.46619],[68.92072,28.46501],[68.84589,28.47205],[68.77835,28.48364],[68.69275,28.51876],[68.57069,28.59134],[68.46848,28.64643],[68.44818,28.67401],[68.40373,28.66031],[68.3813,28.63881],[68.38259,28.56272],[68.39146,28.54974],[68.39821,28.47476],[68.40533,28.44439],[68.43421,28.40901],[68.4671,28.43118],[68.75715,28.42981],[68.89153,28.43196],[68.92007,28.43022],[69.00129,28.43122],[69.1275,28.44061]]]]}},{"type":"Feature","properties":{"province_name":"Balochistan","district_name":"Washuk","district_code":"PK230","area_km2":39205.37810144695},"geometry":{"type":"MultiPolygon","coordinates":[[[[64.91309,28.68296],[64.81122,28.69511],[64.76453,28.6795],[64.63647,28.64349],[64.61247,28.64508],[64.52167,28.61196],[64.49875,28.61161],[64.46149,28.58112],[64.43707,28.54712],[64.40704,28.5234],[64.33691,28.52271],[64.30581,28.53749],[64.28353,28.53485],[64.28589,28.50568],[64.27368,28.49573],[64.23533,28.4908],[64.20545,28.47149],[64.12671,28.46771],[64.07889,28.43047],[64.04388,28.42108],[64.01236,28.38523],[63.98767,28.39392],[63.95911,28.37769],[63.92352,28.37909],[63.89111,28.36133],[63.82373,28.30529],[63.81649,28.34569],[63.78661,28.31451],[63.70212,28.29305],[63.66876,28.29036],[63.57104,28.2959],[63.46834,28.2888],[63.3673,28.26459],[63.33517,28.26523],[63.26043,28.27656],[63.22559,28.24464],[63.2199,28.20933],[63.20505,28.18295],[63.1463,28.16947],[63.01764,28.0718],[62.94597,28.01255],[62.88776,27.94936],[62.85344,27.91992],[62.80196,27.88882],[62.81982,27.805],[62.83002,27.73527],[62.85204,27.54267],[62.85539,27.46514],[62.8074,27.34007],[62.83253,27.30494],[62.82318,27.28622],[62.78148,27.25142],[62.78297,27.23428],[62.82136,27.21232],[62.87833,27.21714],[62.90871,27.19924],[62.95166,27.19207],[62.97725,27.19511],[63.05865,27.23319],[63.11577,27.23435],[63.18422,27.24144],[63.24812,27.20845],[63.34449,27.20146],[63.38089,27.20385],[63.41937,27.1948],[63.45472,27.2077],[63.5306,27.20967],[63.57931,27.2166],[63.5998,27.23815],[63.65823,27.22908],[63.73466,27.23642],[63.79059,27.26112],[63.82599,27.25606],[63.89614,27.18591],[63.90303,27.14842],[63.99663,27.08871],[64.098,27.07881],[64.10608,27.05177],[64.07311,26.99648],[64.09923,27.00235],[64.11597,27.033],[64.12429,27.06548],[64.10961,27.10536],[64.12196,27.1186],[64.19272,27.12978],[64.2804,27.18386],[64.32843,27.23857],[64.37474,27.25893],[64.38052,27.27859],[64.4017,27.29816],[64.42626,27.28749],[64.45607,27.24688],[64.45694,27.22672],[64.48392,27.20644],[64.50102,27.16187],[64.4951,27.11298],[64.59045,27.06379],[64.63362,27.02775],[64.69378,27.00438],[64.73386,27.02052],[64.80952,27.06401],[64.92411,27.1357],[65.01442,27.18237],[65.0477,27.15354],[65.05877,27.10258],[65.07831,27.07168],[65.08441,27.03269],[65.11755,27.02407],[65.15602,27.0291],[65.18119,27.02291],[65.21381,26.98176],[65.22388,26.9386],[65.24364,26.92736],[65.24843,26.90715],[65.28085,26.88888],[65.33627,26.89541],[65.34731,26.98374],[65.36748,27.01674],[65.42162,27.08713],[65.48351,27.17812],[65.49997,27.20715],[65.53864,27.25773],[65.57575,27.32334],[65.58517,27.35731],[65.59297,27.41753],[65.59839,27.42645],[65.71076,27.52869],[65.69126,27.58259],[65.7189,27.66629],[65.76991,27.70822],[65.77246,27.74993],[65.80938,27.81207],[65.86334,27.84066],[65.91229,27.88994],[65.92818,27.91666],[65.96059,27.93828],[65.97832,27.97324],[65.97969,28.00994],[65.96426,28.04113],[65.93074,28.05387],[65.90212,28.04221],[65.88564,28.06767],[65.88746,28.11758],[65.90277,28.173],[65.8929,28.19827],[65.85407,28.20379],[65.83177,28.23014],[65.88985,28.35789],[65.67362,28.29387],[65.574,28.23651],[65.50331,28.2082],[65.45259,28.18009],[65.35907,28.11062],[65.34323,28.11794],[65.30898,28.15825],[65.28096,28.20811],[65.27439,28.2415],[65.27318,28.31966],[65.28119,28.36762],[65.27812,28.40547],[65.23332,28.45568],[65.21124,28.5084],[65.10333,28.47287],[64.99879,28.44848],[64.97928,28.49478],[64.98046,28.54028],[64.96125,28.61894],[64.94003,28.65576],[64.91309,28.68296]]]]}},{"type":"Feature","properties":{"province_name":"Balochistan","district_name":"Zhob","district_code":"PK231","area_km2":11927.696454651004},"geometry":{"type":"MultiPolygon","coordinates":[[[[69.54615,31.95669],[69.52312,31.9756],[69.48125,31.96609],[69.38931,31.96275],[69.32092,31.95189],[69.31762,31.92807],[69.27768,31.91152],[69.26258,31.8866],[69.23113,31.86259],[69.19761,31.8484],[69.17469,31.8],[69.15625,31.78394],[69.13526,31.74793],[69.11794,31.70326],[69.02417,31.64211],[69.02101,31.62671],[68.98594,31.62801],[68.94916,31.64575],[68.92846,31.61337],[68.90064,31.60125],[68.84183,31.59914],[68.80494,31.60998],[68.78268,31.63525],[68.77351,31.66098],[68.71699,31.69664],[68.70184,31.76988],[68.63223,31.77826],[68.57014,31.82797],[68.46594,31.77404],[68.46368,31.74812],[68.53852,31.75457],[68.58202,31.75034],[68.55562,31.71436],[68.53715,31.71402],[68.49039,31.74039],[68.44533,31.74251],[68.42303,31.75536],[68.37204,31.75848],[68.28661,31.757],[68.25097,31.78535],[68.25935,31.80155],[68.17749,31.8145],[68.16888,31.83424],[68.11668,31.75871],[68.06734,31.7155],[68.06409,31.6994],[67.98772,31.64893],[67.94992,31.63341],[67.9044,31.62596],[67.86871,31.6288],[67.81739,31.59738],[67.86006,31.56599],[67.94123,31.52882],[68.0207,31.49615],[68.08486,31.44696],[68.17514,31.36597],[68.23772,31.32702],[68.38106,31.28345],[68.40372,31.28726],[68.50279,31.33368],[68.59549,31.35574],[68.65612,31.33225],[68.66098,31.314],[68.6552,31.24397],[68.67022,31.23786],[68.68208,31.20988],[68.66563,31.18942],[68.67213,31.16334],[68.68986,31.1485],[68.69115,31.11321],[68.70432,31.09766],[68.73393,31.10125],[68.76717,31.11795],[68.80246,31.15232],[68.83445,31.15068],[68.87193,31.13667],[68.91451,31.13969],[68.924,31.11166],[68.93922,31.1118],[68.98949,31.13939],[69.0015,31.12086],[69.02721,31.13546],[69.07367,31.13192],[69.11148,31.14323],[69.15523,31.10694],[69.21458,31.08853],[69.22806,31.06461],[69.2641,31.0302],[69.31278,31.02659],[69.36115,31.06218],[69.38031,31.04333],[69.35023,31.00066],[69.304,30.986],[69.28156,30.94532],[69.28712,30.91724],[69.25181,30.8393],[69.20421,30.81936],[69.15275,30.80853],[69.10152,30.7761],[69.05701,30.75678],[69.09032,30.68971],[69.12954,30.70506],[69.14124,30.69113],[69.20355,30.68258],[69.22462,30.62706],[69.32624,30.62105],[69.40901,30.54797],[69.4603,30.52401],[69.52609,30.47941],[69.56113,30.44837],[69.5472,30.46995],[69.55683,30.48906],[69.53382,30.50494],[69.52784,30.53826],[69.49707,30.53205],[69.46865,30.54049],[69.46047,30.57558],[69.47353,30.60693],[69.50386,30.62774],[69.53036,30.66302],[69.52697,30.725],[69.53188,30.74824],[69.63536,30.84679],[69.67463,30.93035],[69.71823,30.98487],[69.7315,31.03811],[69.70497,31.05567],[69.71628,31.10339],[69.70484,31.13052],[69.69623,31.18144],[69.71622,31.22388],[69.69626,31.24703],[69.71963,31.27356],[69.71965,31.29501],[69.74516,31.31756],[69.72299,31.32551],[69.62335,31.33423],[69.5694,31.35672],[69.55601,31.39338],[69.53575,31.47141],[69.53131,31.52121],[69.56198,31.5864],[69.58231,31.7092],[69.61797,31.80008],[69.62171,31.84033],[69.60184,31.88187],[69.54615,31.95669]]]]}},{"type":"Feature","properties":{"province_name":"Balochistan","district_name":"Ziarat","district_code":"PK232","area_km2":3269.7531405973077},"geometry":{"type":"MultiPolygon","coordinates":[[[[67.70095,30.59349],[67.58879,30.58732],[67.56012,30.57395],[67.55357,30.54869],[67.528,30.51624],[67.49547,30.52169],[67.46587,30.55434],[67.44959,30.58496],[67.41702,30.59822],[67.36722,30.58638],[67.32349,30.55462],[67.2748,30.53176],[67.25626,30.50038],[67.22415,30.47328],[67.21883,30.44375],[67.19079,30.406],[67.19268,30.36818],[67.22527,30.33744],[67.25891,30.32346],[67.28019,30.33287],[67.3127,30.33827],[67.33717,30.32432],[67.37911,30.3213],[67.40922,30.30988],[67.45352,30.31811],[67.48994,30.31537],[67.52166,30.29433],[67.56153,30.2791],[67.64304,30.30077],[67.6703,30.29807],[67.73073,30.32271],[67.75706,30.35592],[67.75652,30.38343],[67.83404,30.3742],[67.87168,30.36285],[67.86888,30.34455],[67.98268,30.30343],[68.01095,30.28122],[68.09875,30.26109],[68.10554,30.24161],[68.14062,30.21209],[68.16971,30.2025],[68.2082,30.17378],[68.23073,30.1792],[68.2992,30.16533],[68.33328,30.1635],[68.37087,30.17647],[68.46201,30.1893],[68.50117,30.22309],[68.53699,30.23442],[68.54955,30.26144],[68.59993,30.26606],[68.57178,30.27697],[68.56658,30.29234],[68.50964,30.2969],[68.4965,30.30449],[68.48132,30.3384],[68.51896,30.38649],[68.44758,30.38939],[68.39037,30.37839],[68.33023,30.38345],[68.31005,30.40243],[68.31892,30.43572],[68.30418,30.45485],[68.24108,30.45735],[68.23257,30.47599],[68.23475,30.52055],[68.22662,30.52908],[68.14397,30.52868],[68.11292,30.54462],[68.05863,30.53692],[68.03421,30.54292],[67.9727,30.50259],[67.96648,30.48351],[67.84789,30.50405],[67.78001,30.50368],[67.78115,30.52038],[67.73354,30.54826],[67.70095,30.59349]]]]}},{"type":"Feature","properties":{"province_name":"Balochistan","district_name":"Shaheed Sikandarabad","district_code":"PK233","area_km2":3710.487820546155},"geometry":{"type":"MultiPolygon","coordinates":[[[[66.51771,28.55064],[66.42508,28.5606],[66.39994,28.57099],[66.37606,28.5961],[66.37247,28.62255],[66.33681,28.66747],[66.31,28.68246],[66.16062,28.71613],[66.09112,28.72306],[66.08417,28.63512],[66.06645,28.60666],[66.04943,28.56071],[66.01409,28.52063],[65.99124,28.47468],[65.95758,28.44111],[65.92968,28.42236],[65.88985,28.35789],[65.83177,28.23014],[65.85407,28.20379],[65.8929,28.19827],[65.90277,28.173],[65.88746,28.11758],[65.88564,28.06767],[65.90212,28.04221],[65.93074,28.05387],[65.96426,28.04113],[65.97969,28.00994],[65.97832,27.97324],[65.96059,27.93828],[66.03284,27.93203],[66.09016,27.9404],[66.13078,27.96154],[66.20435,28.01769],[66.25871,28.05216],[66.39352,28.11779],[66.47178,28.1505],[66.49944,28.16707],[66.52,28.21457],[66.51933,28.28584],[66.50015,28.31566],[66.4521,28.35682],[66.42851,28.40525],[66.42899,28.42825],[66.46105,28.4985],[66.48719,28.53155],[66.51771,28.55064]]]]}},{"type":"Feature","properties":{"province_name":"Balochistan","district_name":"Duki","district_code":"PK234","area_km2":4333.13664657364},"geometry":{"type":"MultiPolygon","coordinates":[[[[69.73954,30.35838],[69.70963,30.36239],[69.66595,30.38405],[69.65596,30.40606],[69.63247,30.41102],[69.58344,30.44522],[69.56113,30.44837],[69.52632,30.40662],[69.47716,30.359],[69.44938,30.34971],[69.38644,30.34647],[69.36172,30.33992],[69.31336,30.34435],[69.24888,30.36932],[69.21079,30.39078],[69.15857,30.37011],[69.01991,30.32498],[68.99578,30.2995],[68.91357,30.29221],[68.87028,30.28377],[68.79327,30.28461],[68.76181,30.2717],[68.68506,30.26507],[68.64514,30.27282],[68.59993,30.26606],[68.54955,30.26144],[68.53699,30.23442],[68.50117,30.22309],[68.46201,30.1893],[68.37087,30.17647],[68.33328,30.1635],[68.2992,30.16533],[68.23073,30.1792],[68.2082,30.17378],[68.21726,30.14601],[68.28948,30.10651],[68.31879,30.09566],[68.38793,30.05289],[68.40944,30.01609],[68.47991,29.95098],[68.53403,29.92952],[68.55538,29.9154],[68.68581,29.91827],[68.75977,29.92868],[68.80456,29.94894],[68.85524,29.99679],[68.94437,30.02827],[68.9724,30.0067],[68.9817,29.98577],[69.00839,29.98855],[69.04072,29.97614],[69.07405,29.99215],[69.11533,29.98529],[69.14742,29.99028],[69.17984,30.00786],[69.26695,30.00881],[69.32196,30.01372],[69.3348,30.00865],[69.40407,30.0448],[69.40332,30.06138],[69.43778,30.10096],[69.56696,30.22685],[69.58435,30.21127],[69.56277,30.1893],[69.55767,30.16001],[69.59424,30.13783],[69.60713,30.14383],[69.64459,30.19328],[69.6413,30.20857],[69.69555,30.27391],[69.72942,30.32757],[69.73954,30.35838]]]]}},{"type":"Feature","properties":{"province_name":"Balochistan","district_name":"Chaman","district_code":"PK235","area_km2":1636.411751306168},"geometry":{"type":"MultiPolygon","coordinates":[[[[66.76859,31.20975],[66.73107,31.21251],[66.71816,31.2027],[66.7093,31.1607],[66.6862,31.11527],[66.68317,31.07459],[66.66697,31.06671],[66.61816,31.02047],[66.56267,30.97769],[66.48415,30.96403],[66.40097,30.94473],[66.38657,30.93392],[66.33304,30.74059],[66.28106,30.56928],[66.2979,30.5093],[66.32573,30.49338],[66.36542,30.54446],[66.39186,30.54625],[66.42692,30.58359],[66.3996,30.6],[66.41521,30.625],[66.45937,30.655],[66.52953,30.67328],[66.57817,30.67807],[66.6131,30.69975],[66.62482,30.71844],[66.61116,30.73809],[66.62313,30.76385],[66.62502,30.81093],[66.65923,30.83835],[66.7477,30.89043],[66.79112,30.9219],[66.83416,30.94481],[66.84333,30.94914],[66.84709,31.01221],[66.8271,31.05861],[66.82139,31.09144],[66.82496,31.14998],[66.81782,31.18139],[66.78284,31.19067],[66.76859,31.20975]]]]}},{"type":"Feature","properties":{"province_name":"Gilgit Baltistan","district_name":"Astore","district_code":"PK301","area_km2":5164.834214094034},"geometry":{"type":"MultiPolygon","coordinates":[[[[74.7391,35.72086],[74.75628,35.77287],[74.73887,35.78731],[74.73681,35.85261],[74.70794,35.83817],[74.6518,35.82695],[74.62316,35.79097],[74.65203,35.76967],[74.62385,35.72618],[74.64768,35.70895],[74.63393,35.66885],[74.61377,35.65602],[74.61599,35.62415],[74.63256,35.61066],[74.6266,35.58981],[74.66784,35.55177],[74.67792,35.49862],[74.7045,35.47823],[74.71092,35.43584],[74.73154,35.38429],[74.71504,35.35038],[74.68319,35.33526],[74.67472,35.30387],[74.63829,35.25896],[74.59246,35.25025],[74.56978,35.22642],[74.48523,35.21726],[74.44836,35.19138],[74.40458,35.14555],[74.43763,35.1312],[74.46635,35.1106],[74.48188,35.11297],[74.53699,35.06557],[74.52853,35.036],[74.55426,35.01323],[74.57462,35.01867],[74.56271,34.95698],[74.5747,34.9473],[74.56596,34.90751],[74.60325,34.91932],[74.65353,34.90121],[74.6774,34.88009],[74.72277,34.86094],[74.72588,34.8433],[74.76445,34.81287],[74.78239,34.76397],[74.82656,34.7265],[74.86488,34.67993],[74.89375,34.68449],[75.01874,34.6415],[75.0418,34.64143],[75.08473,34.65538],[75.1423,34.66241],[75.20735,34.64633],[75.23004,34.67331],[75.25677,34.68816],[75.26179,34.71991],[75.24763,34.75623],[75.2474,34.78661],[75.23484,34.80351],[75.17362,34.83572],[75.14553,34.838],[75.14667,34.86838],[75.10433,34.90067],[75.14655,34.9164],[75.16165,34.93543],[75.18521,34.93447],[75.21119,34.95139],[75.20011,34.97454],[75.2275,35.00777],[75.20776,35.04623],[75.21532,35.06664],[75.20152,35.07906],[75.21884,35.13786],[75.23656,35.15115],[75.23535,35.19352],[75.21179,35.19001],[75.17031,35.22667],[75.17786,35.25541],[75.177,35.3061],[75.16756,35.33351],[75.12803,35.35794],[75.09721,35.38818],[75.09836,35.40674],[75.05849,35.43469],[75.01565,35.44661],[75.00602,35.47571],[74.96684,35.48006],[74.94897,35.50893],[74.88346,35.54352],[74.87107,35.57354],[74.83441,35.60081],[74.85544,35.63186],[74.87267,35.64067],[74.8784,35.67802],[74.86878,35.6991],[74.82868,35.72064],[74.81287,35.7133],[74.75078,35.71239],[74.7391,35.72086]]]]}},{"type":"Feature","properties":{"province_name":"Gilgit Baltistan","district_name":"Diamir","district_code":"PK302","area_km2":4235.535361378333},"geometry":{"type":"MultiPolygon","coordinates":[[[[74.61599,35.62415],[74.57466,35.62941],[74.53545,35.57389],[74.48594,35.57618],[74.46819,35.5593],[74.42126,35.57361],[74.38233,35.5726],[74.3598,35.59793],[74.3422,35.59257],[74.30871,35.62262],[74.27749,35.63685],[74.23316,35.62948],[74.21105,35.6619],[74.1898,35.67134],[74.17091,35.71105],[74.15744,35.71889],[74.12781,35.66335],[74.10058,35.67632],[74.04827,35.66897],[74.01347,35.61818],[73.97781,35.61947],[73.96398,35.59764],[73.93156,35.57322],[73.91297,35.54772],[73.87233,35.53734],[73.83159,35.51821],[73.7884,35.51686],[73.80304,35.50305],[73.76721,35.45305],[73.72192,35.42749],[73.69942,35.38388],[73.69775,35.31194],[73.72137,35.22943],[73.73054,35.21971],[73.7811,35.24055],[73.80462,35.23613],[73.84972,35.20777],[73.8911,35.21166],[73.93027,35.20305],[73.95974,35.1819],[73.9947,35.17639],[74.02777,35.14555],[74.07443,35.15082],[74.09499,35.14527],[74.11591,35.12306],[74.16074,35.08042],[74.21619,35.08714],[74.23795,35.06601],[74.24857,35.03936],[74.27426,35.04173],[74.29949,35.06739],[74.33127,35.06032],[74.37508,35.06126],[74.40495,35.09777],[74.4294,35.11036],[74.43763,35.1312],[74.40458,35.14555],[74.44836,35.19138],[74.48523,35.21726],[74.56978,35.22642],[74.59246,35.25025],[74.63829,35.25896],[74.67472,35.30387],[74.68319,35.33526],[74.71504,35.35038],[74.73154,35.38429],[74.71092,35.43584],[74.7045,35.47823],[74.67792,35.49862],[74.66784,35.55177],[74.6266,35.58981],[74.63256,35.61066],[74.61599,35.62415]]]]}},{"type":"Feature","properties":{"province_name":"Gilgit Baltistan","district_name":"Ghanche","district_code":"PK303","area_km2":8765.515365857886},"geometry":{"type":"MultiPolygon","coordinates":[[[[76.90022,35.6191],[76.84369,35.58537],[76.79081,35.51524],[76.75568,35.45602],[76.72953,35.42201],[76.67535,35.46917],[76.65438,35.52908],[76.61259,35.57026],[76.56209,35.59646],[76.49074,35.65249],[76.46554,35.68053],[76.44584,35.68772],[76.35509,35.66029],[76.30028,35.6273],[76.22847,35.59396],[76.15621,35.52277],[76.08237,35.50252],[76.01644,35.46305],[76.00346,35.43137],[76.00597,35.39307],[75.99639,35.35953],[75.96684,35.32282],[75.93089,35.29602],[75.91241,35.25954],[75.91228,35.22844],[75.93545,35.1943],[75.99101,35.15051],[76.02802,35.14333],[76.1036,35.11977],[76.17831,35.07954],[76.26998,35.06603],[76.29412,35.04735],[76.33693,35.04678],[76.37716,35.01804],[76.41365,34.97559],[76.41736,34.93022],[76.45203,34.87329],[76.46019,34.83774],[76.49258,34.81849],[76.48392,34.79313],[76.51409,34.7838],[76.56181,34.75834],[76.67164,34.75742],[76.68719,34.76321],[76.70619,34.80125],[76.74469,34.84473],[76.73886,34.90193],[76.76331,34.93305],[76.81105,34.93545],[76.86315,34.97084],[76.88351,34.97032],[76.95034,34.94094],[76.99749,34.93915],[77.01014,34.95629],[77.0103,35.01618],[77.02692,35.04079],[77.05226,35.02456],[77.07684,35.02456],[77.12598,35.04299],[77.83397,35.50214],[77.81405,35.51947],[77.79475,35.4923],[77.75504,35.49814],[77.72547,35.45886],[77.68797,35.44921],[77.655,35.47849],[77.61448,35.46393],[77.57575,35.47677],[77.51614,35.48302],[77.47423,35.47423],[77.44908,35.4613],[77.39413,35.46855],[77.3755,35.49287],[77.34458,35.50112],[77.33536,35.52485],[77.30485,35.5413],[77.19292,35.52008],[77.12804,35.55615],[77.09037,35.57028],[77.06955,35.59171],[77.00621,35.61155],[76.96409,35.59267],[76.90022,35.6191]]]]}},{"type":"Feature","properties":{"province_name":"Gilgit Baltistan","district_name":"Ghizer","district_code":"PK304","area_km2":4340.571854118433},"geometry":{"type":"MultiPolygon","coordinates":[[[[74.04525,36.82887],[73.9632,36.83751],[73.93554,36.86736],[73.90833,36.88103],[73.84658,36.89861],[73.80018,36.88969],[73.79074,36.90134],[73.73352,36.90073],[73.70505,36.91273],[73.63955,36.90325],[73.66302,36.88825],[73.69635,36.84686],[73.7847,36.82548],[73.79748,36.80325],[73.84027,36.79131],[73.8611,36.7577],[73.8547,36.7138],[73.83076,36.70548],[73.78137,36.72101],[73.73663,36.71323],[73.70692,36.72072],[73.66025,36.70266],[73.60314,36.70609],[73.58567,36.68095],[73.6065,36.63964],[73.58073,36.60116],[73.53942,36.59304],[73.56654,36.54488],[73.56626,36.51776],[73.59478,36.51296],[73.63602,36.485],[73.62839,36.43529],[73.65805,36.42625],[73.69251,36.37993],[73.69477,36.34151],[73.71144,36.31581],[73.71595,36.28418],[73.66427,36.25904],[73.63913,36.23418],[73.6476,36.20933],[73.62049,36.16611],[73.62557,36.14126],[73.64732,36.1164],[73.65963,36.08635],[73.65489,36.06126],[73.63523,36.02647],[73.69805,35.97563],[73.71499,35.97924],[73.7455,35.94151],[73.74256,35.89677],[73.76041,35.87168],[73.77181,35.88049],[73.80606,35.86445],[73.83272,35.87869],[73.8874,35.83914],[73.9152,35.85903],[73.94511,35.84967],[73.93656,35.90816],[73.96541,35.89662],[73.99081,35.90095],[74.00617,35.94747],[74.04746,35.94621],[74.08246,35.9616],[74.07528,35.9972],[74.09714,36.05265],[74.1136,36.06437],[74.09376,36.09638],[74.09331,36.1223],[74.11878,36.13627],[74.11517,36.17189],[74.09376,36.17933],[74.07144,36.21832],[74.04349,36.2359],[74.0311,36.2607],[74.02907,36.31547],[74.04845,36.35131],[74.08084,36.37758],[74.09894,36.39662],[74.07821,36.41691],[74.08993,36.45838],[74.11315,36.46717],[74.12802,36.52262],[74.15505,36.52355],[74.18235,36.54223],[74.19173,36.56427],[74.23294,36.59364],[74.27383,36.59184],[74.31688,36.62724],[74.27567,36.6489],[74.25534,36.67082],[74.20356,36.67584],[74.1893,36.70596],[74.1663,36.72407],[74.11819,36.71755],[74.1053,36.78045],[74.06488,36.7926],[74.04525,36.82887]]]]}},{"type":"Feature","properties":{"province_name":"Gilgit Baltistan","district_name":"Gilgit","district_code":"PK305","area_km2":4036.593846255472},"geometry":{"type":"MultiPolygon","coordinates":[[[[74.89369,36.00427],[74.87501,36.00427],[74.84686,36.04282],[74.78608,36.04637],[74.713,36.08847],[74.68225,36.09415],[74.65789,36.11993],[74.60869,36.14381],[74.54432,36.14735],[74.49546,36.14402],[74.46473,36.11408],[74.45173,36.09005],[74.42809,36.07271],[74.40091,36.11684],[74.35403,36.16844],[74.30694,36.18117],[74.21871,36.17711],[74.20043,36.21048],[74.16561,36.23428],[74.14616,36.29348],[74.12556,36.31757],[74.09625,36.32714],[74.08084,36.37758],[74.04845,36.35131],[74.02907,36.31547],[74.0311,36.2607],[74.04349,36.2359],[74.07144,36.21832],[74.09376,36.17933],[74.11517,36.17189],[74.11878,36.13627],[74.09331,36.1223],[74.09376,36.09638],[74.1136,36.06437],[74.09714,36.05265],[74.07528,35.9972],[74.08246,35.9616],[74.04746,35.94621],[74.00617,35.94747],[73.99081,35.90095],[73.96541,35.89662],[73.93656,35.90816],[73.94511,35.84967],[73.94432,35.8308],[73.96487,35.81764],[74.0013,35.81241],[74.02366,35.82395],[74.05233,35.76931],[74.09435,35.76751],[74.136,35.72621],[74.15744,35.71889],[74.17091,35.71105],[74.1898,35.67134],[74.21105,35.6619],[74.23316,35.62948],[74.27749,35.63685],[74.30871,35.62262],[74.3422,35.59257],[74.3598,35.59793],[74.38233,35.5726],[74.42126,35.57361],[74.46819,35.5593],[74.48594,35.57618],[74.53545,35.57389],[74.57466,35.62941],[74.61599,35.62415],[74.61377,35.65602],[74.63393,35.66885],[74.64768,35.70895],[74.62385,35.72618],[74.65203,35.76967],[74.62316,35.79097],[74.6518,35.82695],[74.70794,35.83817],[74.73681,35.85261],[74.73887,35.78731],[74.75628,35.77287],[74.7391,35.72086],[74.80247,35.75064],[74.83088,35.75842],[74.83776,35.78158],[74.8839,35.80782],[74.89832,35.84057],[74.95448,35.85479],[74.96654,35.86473],[74.95614,35.92267],[74.9235,35.93828],[74.93177,35.97258],[74.89369,36.00427]]]]}},{"type":"Feature","properties":{"province_name":"Gilgit Baltistan","district_name":"Hunza","district_code":"PK306","area_km2":11495.02475238196},"geometry":{"type":"MultiPolygon","coordinates":[[[[75.94932,36.07386],[75.94024,36.13871],[75.96517,36.15959],[76.01351,36.16614],[76.00862,36.22979],[76.05796,36.22578],[76.05222,36.25329],[76.02813,36.27035],[76.02571,36.28681],[75.99604,36.31283],[75.98817,36.35257],[76.03179,36.40969],[76.00755,36.45498],[76.01077,36.47446],[75.96012,36.52427],[75.93248,36.56963],[75.93965,36.60083],[75.89294,36.63485],[75.85788,36.67018],[75.77625,36.72148],[75.72072,36.75106],[75.70133,36.74644],[75.67883,36.7623],[75.63121,36.7722],[75.58579,36.76334],[75.53434,36.77359],[75.53404,36.73071],[75.50172,36.74408],[75.45516,36.72135],[75.42243,36.77905],[75.43131,36.83337],[75.42674,36.87355],[75.3931,36.9044],[75.41028,36.95473],[75.37489,36.95574],[75.28559,36.97488],[75.24178,36.9636],[75.16524,36.99196],[75.16886,37.01411],[75.14497,37.02618],[75.12786,37.0113],[75.06012,37.00635],[75.02938,37.01709],[75.00265,36.99493],[74.98005,36.99611],[74.9247,36.97847],[74.93586,36.94382],[74.89269,36.93807],[74.86722,36.99093],[74.83992,37.02092],[74.8443,37.05736],[74.80402,37.05463],[74.78983,37.0278],[74.73633,37.02829],[74.71754,37.04981],[74.70626,37.0848],[74.63008,37.06707],[74.61459,37.04415],[74.57162,37.03387],[74.56891,36.98745],[74.55843,36.96028],[74.53659,36.96517],[74.51736,36.99891],[74.42787,36.99764],[74.40119,36.98043],[74.35409,36.9647],[74.31084,36.92986],[74.26399,36.90445],[74.23638,36.89957],[74.21027,36.90762],[74.15204,36.90985],[74.12743,36.8481],[74.0789,36.84414],[74.04525,36.82887],[74.06488,36.7926],[74.1053,36.78045],[74.11819,36.71755],[74.1663,36.72407],[74.1893,36.70596],[74.20356,36.67584],[74.25534,36.67082],[74.27567,36.6489],[74.31688,36.62724],[74.27383,36.59184],[74.34107,36.58573],[74.44577,36.55809],[74.54907,36.51292],[74.45432,36.45983],[74.43947,36.42655],[74.46727,36.40773],[74.48474,36.37879],[74.42213,36.31897],[74.38941,36.2562],[74.43596,36.2466],[74.51737,36.24809],[74.54778,36.25976],[74.59489,36.25932],[74.63373,36.31019],[74.68974,36.31423],[74.72959,36.30226],[74.76008,36.30878],[74.78545,36.30226],[74.83105,36.30546],[74.87577,36.31923],[74.94426,36.30841],[75.0012,36.32656],[75.05406,36.31658],[75.08537,36.2889],[75.14549,36.30524],[75.19041,36.32384],[75.22422,36.3066],[75.22853,36.28073],[75.25598,36.23808],[75.29726,36.21962],[75.33272,36.24523],[75.35418,36.24534],[75.37547,36.21701],[75.42269,36.19766],[75.43141,36.16894],[75.48586,36.14066],[75.52988,36.13704],[75.5754,36.12173],[75.64288,36.12375],[75.67306,36.13081],[75.72982,36.10577],[75.72684,36.07196],[75.7547,36.06387],[75.77895,36.01687],[75.81553,36.01261],[75.86573,36.01942],[75.91124,36.04473],[75.94932,36.07386]]]]}},{"type":"Feature","properties":{"province_name":"Gilgit Baltistan","district_name":"Skardu","district_code":"PK307","area_km2":2135.6940547435793},"geometry":{"type":"MultiPolygon","coordinates":[[[[75.91228,35.22844],[75.87766,35.22997],[75.86041,35.26792],[75.85745,35.30612],[75.84094,35.33545],[75.79876,35.3426],[75.79488,35.32293],[75.72092,35.30316],[75.69012,35.31499],[75.67632,35.29725],[75.65118,35.31672],[75.69056,35.35855],[75.66777,35.38956],[75.60733,35.45],[75.58504,35.48255],[75.55674,35.46878],[75.49504,35.42369],[75.45438,35.46522],[75.39107,35.42645],[75.38763,35.41428],[75.33742,35.39145],[75.30127,35.35287],[75.26732,35.35311],[75.16756,35.33351],[75.177,35.3061],[75.17786,35.25541],[75.17031,35.22667],[75.21179,35.19001],[75.23535,35.19352],[75.23656,35.15115],[75.21884,35.13786],[75.20152,35.07906],[75.21532,35.06664],[75.31192,35.03401],[75.46853,35.06909],[75.58146,35.07271],[75.61991,35.08023],[75.65993,35.0979],[75.69342,35.09039],[75.7445,35.12848],[75.81371,35.15389],[75.89475,35.151],[75.95028,35.13389],[75.99101,35.15051],[75.93545,35.1943],[75.91228,35.22844]]]]}},{"type":"Feature","properties":{"province_name":"Gilgit Baltistan","district_name":"Nagar","district_code":"PK308","area_km2":3038.83116758354},"geometry":{"type":"MultiPolygon","coordinates":[[[[74.27383,36.59184],[74.23294,36.59364],[74.19173,36.56427],[74.18235,36.54223],[74.15505,36.52355],[74.12802,36.52262],[74.11315,36.46717],[74.08993,36.45838],[74.07821,36.41691],[74.09894,36.39662],[74.08084,36.37758],[74.09625,36.32714],[74.12556,36.31757],[74.14616,36.29348],[74.16561,36.23428],[74.20043,36.21048],[74.21871,36.17711],[74.30694,36.18117],[74.35403,36.16844],[74.40091,36.11684],[74.42809,36.07271],[74.45173,36.09005],[74.46473,36.11408],[74.49546,36.14402],[74.54432,36.14735],[74.60869,36.14381],[74.65789,36.11993],[74.68225,36.09415],[74.713,36.08847],[74.78608,36.04637],[74.84686,36.04282],[74.87501,36.00427],[74.89369,36.00427],[74.91522,36.04046],[74.96167,36.04737],[75.02228,36.07895],[75.03962,36.04299],[75.08742,36.03792],[75.14442,36.0688],[75.16218,36.11226],[75.18851,36.15636],[75.19391,36.19157],[75.27576,36.20141],[75.29726,36.21962],[75.25598,36.23808],[75.22853,36.28073],[75.22422,36.3066],[75.19041,36.32384],[75.14549,36.30524],[75.08537,36.2889],[75.05406,36.31658],[75.0012,36.32656],[74.94426,36.30841],[74.87577,36.31923],[74.83105,36.30546],[74.78545,36.30226],[74.76008,36.30878],[74.72959,36.30226],[74.68974,36.31423],[74.63373,36.31019],[74.59489,36.25932],[74.54778,36.25976],[74.51737,36.24809],[74.43596,36.2466],[74.38941,36.2562],[74.42213,36.31897],[74.48474,36.37879],[74.46727,36.40773],[74.43947,36.42655],[74.45432,36.45983],[74.54907,36.51292],[74.44577,36.55809],[74.34107,36.58573],[74.27383,36.59184]]]]}},{"type":"Feature","properties":{"province_name":"Gilgit Baltistan","district_name":"Kharmang","district_code":"PK309","area_km2":6023.311971002279},"geometry":{"type":"MultiPolygon","coordinates":[[[[75.99101,35.15051],[75.95028,35.13389],[75.89475,35.151],[75.81371,35.15389],[75.7445,35.12848],[75.69342,35.09039],[75.65993,35.0979],[75.61991,35.08023],[75.58146,35.07271],[75.46853,35.06909],[75.31192,35.03401],[75.21532,35.06664],[75.20776,35.04623],[75.2275,35.00777],[75.20011,34.97454],[75.21119,34.95139],[75.18521,34.93447],[75.16165,34.93543],[75.14655,34.9164],[75.10433,34.90067],[75.14667,34.86838],[75.14553,34.838],[75.17362,34.83572],[75.23484,34.80351],[75.2474,34.78661],[75.24763,34.75623],[75.26179,34.71991],[75.25677,34.68816],[75.23004,34.67331],[75.20735,34.64633],[75.24971,34.64731],[75.26606,34.63955],[75.26186,34.61088],[75.35055,34.56224],[75.39497,34.54881],[75.5061,34.53733],[75.59189,34.54006],[75.64415,34.53354],[75.69231,34.52153],[75.74921,34.51583],[75.79303,34.53392],[75.84218,34.57386],[75.91865,34.60483],[75.93221,34.62443],[76.00039,34.63581],[76.03646,34.67027],[76.08582,34.67146],[76.12192,34.64665],[76.15791,34.64341],[76.19279,34.65527],[76.27512,34.69364],[76.31614,34.73163],[76.38593,34.73596],[76.43697,34.76438],[76.4692,34.79167],[76.48392,34.79313],[76.49258,34.81849],[76.46019,34.83774],[76.45203,34.87329],[76.41736,34.93022],[76.41365,34.97559],[76.37716,35.01804],[76.33693,35.04678],[76.29412,35.04735],[76.26998,35.06603],[76.17831,35.07954],[76.1036,35.11977],[76.02802,35.14333],[75.99101,35.15051]]]]}},{"type":"Feature","properties":{"province_name":"Gilgit Baltistan","district_name":"Shigar","district_code":"PK310","area_km2":8585.849546016374},"geometry":{"type":"MultiPolygon","coordinates":[[[[75.94932,36.07386],[75.91124,36.04473],[75.86573,36.01942],[75.81553,36.01261],[75.77895,36.01687],[75.7547,36.06387],[75.72684,36.07196],[75.72982,36.10577],[75.67306,36.13081],[75.64288,36.12375],[75.5754,36.12173],[75.52988,36.13704],[75.48586,36.14066],[75.43141,36.16894],[75.42269,36.19766],[75.37547,36.21701],[75.35418,36.24534],[75.33272,36.24523],[75.29726,36.21962],[75.27576,36.20141],[75.19391,36.19157],[75.18851,36.15636],[75.16218,36.11226],[75.14442,36.0688],[75.08742,36.03792],[75.03962,36.04299],[75.02228,36.07895],[74.96167,36.04737],[74.91522,36.04046],[74.89369,36.00427],[74.93177,35.97258],[74.9235,35.93828],[74.95614,35.92267],[74.96654,35.86473],[74.95448,35.85479],[74.89832,35.84057],[74.96447,35.82352],[75.01809,35.79671],[75.058,35.7689],[75.08401,35.77555],[75.12997,35.74148],[75.17492,35.71689],[75.16061,35.69814],[75.17572,35.66307],[75.2233,35.65601],[75.25918,35.63263],[75.28458,35.60602],[75.34882,35.61509],[75.43366,35.61863],[75.45276,35.60829],[75.48467,35.55292],[75.54215,35.49872],[75.58504,35.48255],[75.60733,35.45],[75.66777,35.38956],[75.69056,35.35855],[75.65118,35.31672],[75.67632,35.29725],[75.69012,35.31499],[75.72092,35.30316],[75.79488,35.32293],[75.79876,35.3426],[75.84094,35.33545],[75.85745,35.30612],[75.86041,35.26792],[75.87766,35.22997],[75.91228,35.22844],[75.91241,35.25954],[75.93089,35.29602],[75.96684,35.32282],[75.99639,35.35953],[76.00597,35.39307],[76.00346,35.43137],[76.01644,35.46305],[76.08237,35.50252],[76.15621,35.52277],[76.22847,35.59396],[76.30028,35.6273],[76.35509,35.66029],[76.44584,35.68772],[76.46554,35.68053],[76.49074,35.65249],[76.56209,35.59646],[76.61259,35.57026],[76.65438,35.52908],[76.67535,35.46917],[76.72953,35.42201],[76.75568,35.45602],[76.79081,35.51524],[76.84369,35.58537],[76.90022,35.6191],[76.86085,35.65174],[76.83424,35.66293],[76.75862,35.65671],[76.74896,35.68127],[76.71604,35.71423],[76.69584,35.72312],[76.69051,35.74844],[76.619,35.76176],[76.59112,35.77302],[76.5638,35.82024],[76.58523,35.84132],[76.57722,35.86745],[76.59498,35.89668],[76.57357,35.92177],[76.54636,35.92007],[76.53724,35.89729],[76.5127,35.88177],[76.48907,35.88982],[76.4617,35.88196],[76.42889,35.85239],[76.36681,35.86395],[76.35548,35.84998],[76.36301,35.82487],[76.296,35.84234],[76.22589,35.83783],[76.21876,35.82418],[76.15741,35.82516],[76.14381,35.84078],[76.15712,35.86449],[76.16181,35.90954],[76.1502,35.93522],[76.10441,35.98918],[76.10107,36.01938],[76.04153,36.02741],[76.0116,36.01881],[75.96587,36.04293],[75.94932,36.07386]]]]}},{"type":"Feature","properties":{"province_name":"Gilgit Baltistan","district_name":"Darel","district_code":"PK311","area_km2":1657.243663899262},"geometry":{"type":"MultiPolygon","coordinates":[[[[73.76041,35.87168],[73.72682,35.85715],[73.68012,35.87884],[73.64216,35.87854],[73.62469,35.86106],[73.55449,35.88185],[73.51743,35.85835],[73.4938,35.87315],[73.49557,35.82595],[73.52272,35.79202],[73.51708,35.71608],[73.50915,35.68206],[73.52679,35.6522],[73.57973,35.5884],[73.57981,35.55361],[73.67304,35.53277],[73.71388,35.53221],[73.74165,35.52222],[73.7884,35.51686],[73.83159,35.51821],[73.87233,35.53734],[73.91297,35.54772],[73.93156,35.57322],[73.96398,35.59764],[73.97781,35.61947],[74.01347,35.61818],[74.04827,35.66897],[74.10058,35.67632],[74.12781,35.66335],[74.15744,35.71889],[74.136,35.72621],[74.09435,35.76751],[74.05233,35.76931],[74.02366,35.82395],[74.0013,35.81241],[73.96487,35.81764],[73.94432,35.8308],[73.94511,35.84967],[73.9152,35.85903],[73.8874,35.83914],[73.83272,35.87869],[73.80606,35.86445],[73.77181,35.88049],[73.76041,35.87168]]]]}},{"type":"Feature","properties":{"province_name":"Gilgit Baltistan","district_name":"Tangir","district_code":"PK312","area_km2":1105.665022935858},"geometry":{"type":"MultiPolygon","coordinates":[[[[73.4938,35.87315],[73.46681,35.8704],[73.40686,35.88426],[73.36287,35.92433],[73.32943,35.94723],[73.30894,35.93578],[73.26074,35.93699],[73.25049,35.8933],[73.25381,35.86257],[73.22398,35.86076],[73.18843,35.84178],[73.12436,35.8377],[73.11192,35.77083],[73.1172,35.73833],[73.15721,35.69027],[73.19887,35.66999],[73.23027,35.64388],[73.29582,35.6075],[73.34749,35.59943],[73.41443,35.57333],[73.49304,35.5686],[73.53472,35.55332],[73.57981,35.55361],[73.57973,35.5884],[73.52679,35.6522],[73.50915,35.68206],[73.51708,35.71608],[73.52272,35.79202],[73.49557,35.82595],[73.4938,35.87315]]]]}},{"type":"Feature","properties":{"province_name":"Gilgit Baltistan","district_name":"Gupis-Yasin","district_code":"PK313","area_km2":7746.809536998689},"geometry":{"type":"MultiPolygon","coordinates":[[[[73.60314,36.70609],[73.56859,36.72737],[73.52386,36.7232],[73.45776,36.73096],[73.40721,36.75153],[73.37137,36.74932],[73.27414,36.71712],[73.23026,36.70963],[73.16997,36.7216],[73.14192,36.71883],[73.1058,36.69662],[73.05997,36.6908],[73.04747,36.67108],[73.07303,36.60528],[73.0583,36.58723],[73.03552,36.53753],[72.96414,36.4984],[72.95497,36.46925],[72.90692,36.46704],[72.87524,36.4529],[72.86386,36.43207],[72.8508,36.37571],[72.80746,36.35407],[72.75998,36.32269],[72.70914,36.30326],[72.68636,36.27328],[72.66331,36.2594],[72.61415,36.26717],[72.56721,36.2483],[72.54025,36.20248],[72.54469,36.15499],[72.52248,36.10695],[72.52191,36.07223],[72.5594,36.03334],[72.56694,36.00751],[72.51388,35.91055],[72.51447,35.89881],[72.54915,35.8811],[72.57027,35.8486],[72.61886,35.83777],[72.67082,35.81833],[72.73245,35.83179],[72.81109,35.85722],[72.89166,35.84138],[72.97638,35.83388],[73.0636,35.86277],[73.09248,35.86028],[73.12436,35.8377],[73.18843,35.84178],[73.22398,35.86076],[73.25381,35.86257],[73.25049,35.8933],[73.26074,35.93699],[73.30894,35.93578],[73.32943,35.94723],[73.36287,35.92433],[73.40686,35.88426],[73.46681,35.8704],[73.4938,35.87315],[73.51743,35.85835],[73.55449,35.88185],[73.62469,35.86106],[73.64216,35.87854],[73.68012,35.87884],[73.72682,35.85715],[73.76041,35.87168],[73.74256,35.89677],[73.7455,35.94151],[73.71499,35.97924],[73.69805,35.97563],[73.63523,36.02647],[73.65489,36.06126],[73.65963,36.08635],[73.64732,36.1164],[73.62557,36.14126],[73.62049,36.16611],[73.6476,36.20933],[73.63913,36.23418],[73.66427,36.25904],[73.71595,36.28418],[73.71144,36.31581],[73.69477,36.34151],[73.69251,36.37993],[73.65805,36.42625],[73.62839,36.43529],[73.63602,36.485],[73.59478,36.51296],[73.56626,36.51776],[73.56654,36.54488],[73.53942,36.59304],[73.58073,36.60116],[73.6065,36.63964],[73.58567,36.68095],[73.60314,36.70609]]]]}},{"type":"Feature","properties":{"province_name":"Gilgit Baltistan","district_name":"Rondu","district_code":"PK314","area_km2":1894.835396952275},"geometry":{"type":"MultiPolygon","coordinates":[[[[75.58504,35.48255],[75.54215,35.49872],[75.48467,35.55292],[75.45276,35.60829],[75.43366,35.61863],[75.34882,35.61509],[75.28458,35.60602],[75.25918,35.63263],[75.2233,35.65601],[75.17572,35.66307],[75.16061,35.69814],[75.17492,35.71689],[75.12997,35.74148],[75.08401,35.77555],[75.058,35.7689],[75.01809,35.79671],[74.96447,35.82352],[74.89832,35.84057],[74.8839,35.80782],[74.83776,35.78158],[74.83088,35.75842],[74.80247,35.75064],[74.7391,35.72086],[74.75078,35.71239],[74.81287,35.7133],[74.82868,35.72064],[74.86878,35.6991],[74.8784,35.67802],[74.87267,35.64067],[74.85544,35.63186],[74.83441,35.60081],[74.87107,35.57354],[74.88346,35.54352],[74.94897,35.50893],[74.96684,35.48006],[75.00602,35.47571],[75.01565,35.44661],[75.05849,35.43469],[75.09836,35.40674],[75.09721,35.38818],[75.12803,35.35794],[75.16756,35.33351],[75.26732,35.35311],[75.30127,35.35287],[75.33742,35.39145],[75.38763,35.41428],[75.39107,35.42645],[75.45438,35.46522],[75.49504,35.42369],[75.55674,35.46878],[75.58504,35.48255]]]]}},{"type":"Feature","properties":{"province_name":"Islamabad","district_name":"Islamabad","district_code":"PK401","area_km2":904.0617407519072},"geometry":{"type":"MultiPolygon","coordinates":[[[[73.16847,33.80451],[73.1526,33.81095],[73.1218,33.78743],[73.08147,33.79355],[73.01553,33.77468],[72.97863,33.74158],[72.95671,33.73108],[72.91642,33.72937],[72.84611,33.71524],[72.81388,33.7014],[72.91422,33.57263],[73.0882,33.66419],[73.1545,33.57837],[73.08688,33.54242],[73.19973,33.48971],[73.29595,33.58774],[73.30213,33.65501],[73.358,33.67126],[73.3894,33.70363],[73.35284,33.7071],[73.33691,33.72808],[73.30628,33.7415],[73.26719,33.77576],[73.16847,33.80451]]]]}},{"type":"Feature","properties":{"province_name":"Khyber Pakhtunkhwa","district_name":"Abbottabad","district_code":"PK501","area_km2":1644.5045909257074},"geometry":{"type":"MultiPolygon","coordinates":[[[[73.39816,34.37406],[73.36153,34.36935],[73.32453,34.31941],[73.28528,34.30232],[73.25584,34.27892],[73.21201,34.28511],[73.19611,34.23567],[73.15937,34.23762],[73.13736,34.25077],[73.09739,34.23206],[73.07513,34.23176],[73.02707,34.26388],[72.99008,34.21041],[72.9952,34.17021],[73.0171,34.17297],[73.03985,34.15246],[73.02507,34.1312],[73.05207,34.1211],[73.09241,34.09143],[73.09517,34.0675],[73.07295,34.03204],[73.10068,34.02252],[73.12545,34.02585],[73.14644,33.99957],[73.12814,33.95038],[73.09655,33.93585],[73.11446,33.89253],[73.17998,33.91407],[73.19253,33.87066],[73.21103,33.85297],[73.20934,33.8161],[73.23595,33.82385],[73.24581,33.84149],[73.29997,33.84563],[73.32787,33.87204],[73.32797,33.88742],[73.38467,33.94655],[73.40263,33.97599],[73.43031,33.96531],[73.47154,34.01176],[73.51201,34.01767],[73.49441,34.10701],[73.48665,34.13722],[73.48776,34.18499],[73.46471,34.27527],[73.41415,34.3161],[73.39816,34.37406]]]]}},{"type":"Feature","properties":{"province_name":"Khyber Pakhtunkhwa","district_name":"Bajaur","district_code":"PK502","area_km2":1366.9948508991963},"geometry":{"type":"MultiPolygon","coordinates":[[[[71.76009,34.65601],[71.76704,34.71234],[71.78093,34.76609],[71.76246,34.7868],[71.73199,34.79945],[71.70741,34.79797],[71.68797,34.81134],[71.63822,34.81628],[71.61241,34.82547],[71.61118,34.84583],[71.58358,34.90948],[71.55611,34.94622],[71.51032,34.98502],[71.49925,34.96376],[71.44552,34.94507],[71.38471,34.91673],[71.35432,34.91167],[71.30986,34.87882],[71.27946,34.80501],[71.24631,34.79089],[71.2191,34.74809],[71.19572,34.74728],[71.17278,34.73099],[71.20842,34.70504],[71.23098,34.72206],[71.27309,34.67634],[71.26918,34.65516],[71.32335,34.65761],[71.35267,34.64699],[71.41626,34.67377],[71.45242,34.67513],[71.48122,34.65896],[71.52473,34.6782],[71.55128,34.67252],[71.56063,34.65564],[71.53151,34.62334],[71.54332,34.54428],[71.57916,34.51401],[71.62488,34.51958],[71.6418,34.53634],[71.67052,34.56126],[71.66688,34.57996],[71.67889,34.61891],[71.71298,34.63108],[71.72375,34.64662],[71.76009,34.65601]]]]}},{"type":"Feature","properties":{"province_name":"Khyber Pakhtunkhwa","district_name":"Bannu","district_code":"PK503","area_km2":2027.2935229315965},"geometry":{"type":"MultiPolygon","coordinates":[[[[70.75038,33.21721],[70.70392,33.2198],[70.65031,33.26146],[70.62695,33.26025],[70.61867,33.23156],[70.51899,33.19125],[70.48647,33.1529],[70.4864,33.116],[70.45694,33.10954],[70.41493,33.05755],[70.41034,33.00124],[70.39102,32.97722],[70.38231,32.94693],[70.35634,32.91068],[70.34791,32.85567],[70.32092,32.78542],[70.26442,32.75038],[70.26139,32.73004],[70.28892,32.73347],[70.3129,32.76187],[70.33698,32.76906],[70.3857,32.76561],[70.37256,32.7076],[70.39153,32.72556],[70.49221,32.76304],[70.51903,32.76044],[70.53551,32.80645],[70.56058,32.81039],[70.56151,32.84303],[70.60162,32.82813],[70.66411,32.82832],[70.68535,32.84247],[70.70237,32.80955],[70.7306,32.79294],[70.75555,32.80957],[70.79297,32.81674],[70.76572,32.84513],[70.79458,32.86748],[70.83083,32.84924],[70.85526,32.87398],[70.87413,32.87845],[70.90213,32.8565],[70.95488,32.87117],[70.96468,32.90829],[70.93836,32.96252],[70.92143,32.97924],[70.9155,33.01377],[70.84123,33.02656],[70.81797,33.04352],[70.79184,33.09986],[70.82008,33.1212],[70.84061,33.15574],[70.87839,33.17745],[70.83591,33.20371],[70.77291,33.21737],[70.75038,33.21721]]]]}},{"type":"Feature","properties":{"province_name":"Khyber Pakhtunkhwa","district_name":"Batagram","district_code":"PK504","area_km2":1489.2511645640188},"geometry":{"type":"MultiPolygon","coordinates":[[[[73.48956,34.89613],[73.43813,34.90197],[73.39864,34.92677],[73.32978,34.92252],[73.24698,34.92448],[73.22177,34.91706],[73.21541,34.9386],[73.18024,34.92832],[73.11074,34.92791],[73.08349,34.95385],[73.05151,34.96731],[72.97738,34.95561],[72.92192,34.93845],[72.88984,34.91433],[72.87806,34.91853],[72.86336,34.89541],[72.92065,34.87193],[72.95277,34.86677],[72.99762,34.84787],[72.99609,34.8146],[72.97364,34.81823],[72.93261,34.80217],[72.92765,34.77347],[72.89983,34.76161],[72.87641,34.76523],[72.90107,34.71562],[72.8954,34.68443],[72.90618,34.67178],[72.90054,34.62117],[72.90529,34.59566],[72.93909,34.56499],[72.96465,34.57983],[72.98946,34.57514],[73.02373,34.58859],[73.03695,34.56004],[73.08876,34.56691],[73.10192,34.59786],[73.11058,34.64368],[73.13269,34.64898],[73.17544,34.68623],[73.21994,34.73925],[73.2587,34.70911],[73.27905,34.71017],[73.31821,34.65738],[73.34446,34.67078],[73.36617,34.71172],[73.36152,34.75014],[73.39407,34.77478],[73.40374,34.79965],[73.44025,34.80464],[73.44114,34.8274],[73.49719,34.86901],[73.48956,34.89613]]]]}},{"type":"Feature","properties":{"province_name":"Khyber Pakhtunkhwa","district_name":"Buner","district_code":"PK505","area_km2":1777.216531790968},"geometry":{"type":"MultiPolygon","coordinates":[[[[72.53078,34.70542],[72.50026,34.71153],[72.47157,34.67442],[72.42424,34.68933],[72.37355,34.66377],[72.34877,34.62279],[72.29199,34.611],[72.23481,34.57],[72.21658,34.56789],[72.2353,34.53742],[72.20285,34.51319],[72.22431,34.49246],[72.22356,34.45434],[72.27671,34.4283],[72.33401,34.44049],[72.3717,34.43401],[72.39601,34.40969],[72.4249,34.4047],[72.43185,34.38057],[72.4759,34.37245],[72.48432,34.34728],[72.47279,34.32138],[72.45096,34.30612],[72.44852,34.2822],[72.46309,34.26878],[72.41749,34.22046],[72.41512,34.18623],[72.46009,34.18157],[72.51116,34.16717],[72.54068,34.15072],[72.54758,34.17243],[72.57029,34.16965],[72.58352,34.19818],[72.5683,34.21875],[72.60947,34.24686],[72.62971,34.26981],[72.68096,34.29971],[72.7323,34.30692],[72.74875,34.29346],[72.78769,34.29793],[72.78597,34.34875],[72.76005,34.36456],[72.74039,34.3583],[72.7538,34.40921],[72.72692,34.44259],[72.76832,34.47731],[72.72978,34.53719],[72.72282,34.58386],[72.70719,34.59775],[72.69694,34.63492],[72.71693,34.67354],[72.6849,34.67995],[72.65325,34.66945],[72.64454,34.64687],[72.60698,34.64471],[72.58065,34.63397],[72.56583,34.65572],[72.53691,34.67002],[72.53078,34.70542]]]]}},{"type":"Feature","properties":{"province_name":"Khyber Pakhtunkhwa","district_name":"Charsadda","district_code":"PK506","area_km2":999.8847440655284},"geometry":{"type":"MultiPolygon","coordinates":[[[[71.83238,34.36437],[71.79739,34.40654],[71.76976,34.41246],[71.75852,34.45041],[71.73994,34.45719],[71.7062,34.44665],[71.65728,34.41453],[71.65567,34.38811],[71.62553,34.37792],[71.62662,34.35758],[71.59004,34.36515],[71.56264,34.34368],[71.56042,34.32826],[71.53345,34.30869],[71.53835,34.26314],[71.49055,34.22264],[71.48528,34.20403],[71.50128,34.18084],[71.57439,34.17506],[71.60144,34.15306],[71.64892,34.14391],[71.68031,34.11111],[71.72105,34.0929],[71.78395,34.08753],[71.81656,34.07471],[71.81635,34.05723],[71.84209,34.03976],[71.89636,34.12661],[71.94367,34.14077],[71.91458,34.17736],[71.88219,34.25662],[71.84181,34.26435],[71.82447,34.29001],[71.82124,34.31804],[71.83238,34.36437]]]]}},{"type":"Feature","properties":{"province_name":"Khyber Pakhtunkhwa","district_name":"Chitral Lower","district_code":"PK507","area_km2":6081.68666121857},"geometry":{"type":"MultiPolygon","coordinates":[[[[72.15293,35.78398],[72.16417,35.83791],[72.1908,35.83975],[72.24987,35.91585],[72.23279,35.95339],[72.23849,35.97777],[72.28617,36.01533],[72.29456,36.06782],[72.26735,36.09151],[72.25391,36.11844],[72.22732,36.10182],[72.21099,36.07678],[72.17199,36.06567],[72.15186,36.06869],[72.15237,36.09356],[72.11479,36.11223],[72.08524,36.11034],[72.05806,36.12145],[72.04885,36.08883],[72.02426,36.07371],[71.98455,36.09853],[71.93941,36.1172],[71.91246,36.11767],[71.88056,36.15478],[71.88505,36.16707],[71.85472,36.19205],[71.83671,36.23618],[71.78534,36.27053],[71.76757,36.29933],[71.77072,36.324],[71.75183,36.34335],[71.77066,36.36121],[71.74862,36.38599],[71.80154,36.38808],[71.81216,36.39711],[71.79579,36.4006],[71.72447,36.44838],[71.6562,36.47822],[71.62361,36.45309],[71.6139,36.40912],[71.55614,36.36914],[71.57217,36.34709],[71.56874,36.32949],[71.52421,36.32086],[71.52055,36.29971],[71.48516,36.29598],[71.43447,36.26095],[71.41906,36.2279],[71.38457,36.20456],[71.35907,36.1987],[71.34744,36.17256],[71.31028,36.15817],[71.24544,36.12277],[71.24237,36.09268],[71.20809,36.07105],[71.20142,36.03578],[71.25362,35.99709],[71.28485,35.9895],[71.31933,35.96488],[71.37673,35.95612],[71.38072,35.90172],[71.42966,35.88175],[71.48986,35.80347],[71.48538,35.75388],[71.54667,35.72023],[71.5388,35.68829],[71.50958,35.65826],[71.49948,35.62642],[71.52627,35.60489],[71.61224,35.57324],[71.59368,35.5178],[71.5934,35.49752],[71.64895,35.45247],[71.64107,35.42054],[71.62337,35.40937],[71.5558,35.31285],[71.57004,35.27436],[71.63541,35.22701],[71.67329,35.21542],[71.71897,35.22921],[71.75756,35.26462],[71.75492,35.28603],[71.78188,35.30824],[71.78085,35.33286],[71.80963,35.36292],[71.85853,35.35301],[71.87207,35.37316],[71.875,35.43576],[71.88578,35.4606],[71.91903,35.46476],[71.9129,35.49736],[71.91797,35.54238],[71.95806,35.58782],[71.9952,35.61842],[72.04059,35.6463],[72.06612,35.63916],[72.09862,35.65988],[72.10738,35.68655],[72.08665,35.70848],[72.10239,35.73066],[72.12306,35.78572],[72.15293,35.78398]]]]}},{"type":"Feature","properties":{"province_name":"Khyber Pakhtunkhwa","district_name":"Chitral Upper","district_code":"PK508","area_km2":8630.544246521536},"geometry":{"type":"MultiPolygon","coordinates":[[[[73.63955,36.90325],[73.59763,36.90757],[73.52777,36.88556],[73.50641,36.89453],[73.44061,36.89261],[73.40313,36.89913],[73.35696,36.88069],[73.33623,36.88533],[73.3066,36.87315],[73.27335,36.88854],[73.21568,36.8899],[73.18938,36.8832],[73.14413,36.89411],[73.12167,36.88717],[73.07175,36.88904],[73.02684,36.8607],[72.95339,36.87212],[72.92951,36.84874],[72.88264,36.84108],[72.78157,36.84467],[72.74999,36.85055],[72.71846,36.84198],[72.65617,36.84984],[72.5661,36.83241],[72.5454,36.82286],[72.49522,36.77756],[72.41116,36.77667],[72.39007,36.76178],[72.33683,36.75923],[72.30255,36.74501],[72.24136,36.75348],[72.1969,36.69356],[72.21446,36.66424],[72.19165,36.65473],[72.16555,36.65961],[72.10291,36.64855],[72.10623,36.60574],[72.05916,36.59564],[72.01295,36.56773],[71.9353,36.56088],[71.90913,36.5053],[71.83207,36.50546],[71.82187,36.4864],[71.81862,36.44214],[71.86168,36.42942],[71.85727,36.39943],[71.81216,36.39711],[71.80154,36.38808],[71.74862,36.38599],[71.77066,36.36121],[71.75183,36.34335],[71.77072,36.324],[71.76757,36.29933],[71.78534,36.27053],[71.83671,36.23618],[71.85472,36.19205],[71.88505,36.16707],[71.88056,36.15478],[71.91246,36.11767],[71.93941,36.1172],[71.98455,36.09853],[72.02426,36.07371],[72.04885,36.08883],[72.05806,36.12145],[72.08524,36.11034],[72.11479,36.11223],[72.15237,36.09356],[72.15186,36.06869],[72.17199,36.06567],[72.21099,36.07678],[72.22732,36.10182],[72.25391,36.11844],[72.26735,36.09151],[72.29456,36.06782],[72.28617,36.01533],[72.23849,35.97777],[72.23279,35.95339],[72.24987,35.91585],[72.1908,35.83975],[72.16417,35.83791],[72.15293,35.78398],[72.16969,35.78089],[72.18315,35.75481],[72.22305,35.77522],[72.29152,35.76532],[72.30716,35.77986],[72.36173,35.76009],[72.40832,35.79581],[72.41198,35.82184],[72.45267,35.83124],[72.48861,35.85481],[72.51447,35.89881],[72.51388,35.91055],[72.56694,36.00751],[72.5594,36.03334],[72.52191,36.07223],[72.52248,36.10695],[72.54469,36.15499],[72.54025,36.20248],[72.56721,36.2483],[72.61415,36.26717],[72.66331,36.2594],[72.68636,36.27328],[72.70914,36.30326],[72.75998,36.32269],[72.80746,36.35407],[72.8508,36.37571],[72.86386,36.43207],[72.87524,36.4529],[72.90692,36.46704],[72.95497,36.46925],[72.96414,36.4984],[73.03552,36.53753],[73.0583,36.58723],[73.07303,36.60528],[73.04747,36.67108],[73.05997,36.6908],[73.1058,36.69662],[73.14192,36.71883],[73.16997,36.7216],[73.23026,36.70963],[73.27414,36.71712],[73.37137,36.74932],[73.40721,36.75153],[73.45776,36.73096],[73.52386,36.7232],[73.56859,36.72737],[73.60314,36.70609],[73.66025,36.70266],[73.70692,36.72072],[73.73663,36.71323],[73.78137,36.72101],[73.83076,36.70548],[73.8547,36.7138],[73.8611,36.7577],[73.84027,36.79131],[73.79748,36.80325],[73.7847,36.82548],[73.69635,36.84686],[73.66302,36.88825],[73.63955,36.90325]]]]}},{"type":"Feature","properties":{"province_name":"Khyber Pakhtunkhwa","district_name":"D. I. Khan","district_code":"PK509","area_km2":9026.620404878106},"geometry":{"type":"MultiPolygon","coordinates":[[[[71.17431,32.20497],[71.16653,32.23153],[71.17303,32.25157],[71.20457,32.2805],[71.21824,32.30739],[71.2858,32.36612],[71.329,32.36441],[71.34022,32.37407],[71.32713,32.4047],[71.35303,32.49855],[71.33838,32.50205],[71.32348,32.53395],[71.27294,32.5088],[71.25676,32.49188],[71.23196,32.51204],[71.17499,32.44469],[71.14817,32.46176],[71.08198,32.40415],[71.04123,32.38437],[70.97353,32.36747],[70.96118,32.35656],[70.84725,32.32422],[70.81291,32.29802],[70.77872,32.30441],[70.74272,32.27972],[70.70503,32.26271],[70.67291,32.27452],[70.64558,32.2549],[70.59118,32.23003],[70.57001,32.19977],[70.57091,32.13519],[70.5365,32.09969],[70.48933,32.10666],[70.39697,32.07645],[70.34059,32.08675],[70.30054,32.08249],[70.23876,32.09049],[70.25732,32.06943],[70.21795,32.02572],[70.18298,32.00641],[70.22061,31.84635],[70.21198,31.81543],[70.18418,31.83869],[70.13549,31.84865],[70.0963,31.84312],[70.0503,31.85679],[70.04287,31.87506],[70.01635,31.8913],[69.95645,31.89451],[69.95703,31.87086],[69.93997,31.85356],[69.94292,31.80903],[69.95586,31.77565],[69.94662,31.76286],[69.95136,31.72594],[69.93971,31.5456],[69.97121,31.51456],[70.01814,31.5081],[70.04385,31.44229],[70.05242,31.39835],[70.07756,31.39245],[70.11841,31.43411],[70.14959,31.4338],[70.17104,31.44372],[70.19241,31.46917],[70.22357,31.48561],[70.24559,31.50855],[70.26079,31.50746],[70.27646,31.43177],[70.27863,31.39753],[70.26582,31.31421],[70.27007,31.24324],[70.25766,31.22374],[70.26248,31.20112],[70.28751,31.1655],[70.30988,31.17481],[70.40454,31.19983],[70.405,31.21261],[70.45022,31.29405],[70.52039,31.30475],[70.55842,31.34015],[70.63448,31.31761],[70.68083,31.31877],[70.70475,31.33798],[70.74044,31.33297],[70.74503,31.31688],[70.77474,31.30574],[70.78651,31.35013],[70.83541,31.38301],[70.84248,31.42483],[70.8717,31.42667],[70.88438,31.44847],[70.89249,31.48784],[70.8763,31.50907],[70.90202,31.52224],[70.86936,31.54725],[70.89947,31.59039],[70.88327,31.61238],[70.88254,31.63785],[70.90771,31.68209],[70.93193,31.69662],[70.98103,31.77372],[70.99673,31.77697],[71.01714,31.80751],[71.03546,31.86793],[71.06062,31.88183],[71.07101,31.95022],[71.06919,32.0329],[71.08841,32.03947],[71.10236,32.08987],[71.11359,32.10797],[71.10239,32.13321],[71.11216,32.16092],[71.14658,32.16021],[71.17298,32.19094],[71.17431,32.20497]]]]}},{"type":"Feature","properties":{"province_name":"Khyber Pakhtunkhwa","district_name":"Hangu","district_code":"PK510","area_km2":1371.9245874649691},"geometry":{"type":"MultiPolygon","coordinates":[[[[71.06242,33.395],[71.11373,33.4154],[71.11018,33.43884],[71.13381,33.47799],[71.13971,33.50094],[71.21448,33.50634],[71.19675,33.52879],[71.22485,33.56772],[71.17466,33.60943],[71.13018,33.59679],[71.06648,33.58282],[71.00838,33.54863],[70.9703,33.54634],[70.91536,33.56451],[70.90018,33.55613],[70.83263,33.56021],[70.81934,33.57305],[70.7751,33.58691],[70.75062,33.58455],[70.73232,33.52692],[70.74192,33.48397],[70.6983,33.48999],[70.67707,33.47101],[70.6283,33.47617],[70.59309,33.42813],[70.56869,33.41993],[70.53957,33.42387],[70.49912,33.41418],[70.49987,33.38665],[70.54397,33.35825],[70.54089,33.34834],[70.55934,33.32498],[70.56983,33.29441],[70.62695,33.26025],[70.65031,33.26146],[70.70392,33.2198],[70.75038,33.21721],[70.76836,33.28203],[70.75944,33.31977],[70.77941,33.33819],[70.81962,33.32149],[70.88344,33.30839],[70.90491,33.35433],[70.98426,33.36614],[71.04104,33.36198],[71.06242,33.395]]]]}},{"type":"Feature","properties":{"province_name":"Khyber Pakhtunkhwa","district_name":"Haripur","district_code":"PK511","area_km2":1958.6027000983172},"geometry":{"type":"MultiPolygon","coordinates":[[[[72.8205,34.36662],[72.78597,34.34875],[72.78769,34.29793],[72.74875,34.29346],[72.76578,34.27191],[72.77139,34.2403],[72.75573,34.20241],[72.76594,34.18537],[72.75192,34.16294],[72.75109,34.12149],[72.74249,34.10487],[72.70623,34.09132],[72.63772,34.01746],[72.58448,33.9936],[72.54918,33.99383],[72.55883,33.95956],[72.63396,33.94431],[72.65256,33.9311],[72.60805,33.89153],[72.63377,33.88021],[72.64414,33.85751],[72.70889,33.88232],[72.70512,33.90569],[72.76227,33.95366],[72.78236,33.94179],[72.77015,33.91527],[72.79423,33.88706],[72.83274,33.88729],[72.8219,33.82908],[72.84174,33.80281],[72.82166,33.77831],[72.82941,33.76333],[72.86217,33.76976],[72.88873,33.75125],[72.92387,33.7456],[72.91642,33.72937],[72.95671,33.73108],[72.97863,33.74158],[73.01553,33.77468],[73.08147,33.79355],[73.1218,33.78743],[73.1526,33.81095],[73.16847,33.80451],[73.20934,33.8161],[73.21103,33.85297],[73.19253,33.87066],[73.17998,33.91407],[73.11446,33.89253],[73.09655,33.93585],[73.12814,33.95038],[73.14644,33.99957],[73.12545,34.02585],[73.10068,34.02252],[73.07295,34.03204],[73.09517,34.0675],[73.09241,34.09143],[73.05207,34.1211],[73.02507,34.1312],[73.03985,34.15246],[73.0171,34.17297],[72.9952,34.17021],[72.99008,34.21041],[72.9751,34.22827],[72.91269,34.24892],[72.88639,34.28536],[72.8574,34.29198],[72.85635,34.32606],[72.8205,34.36662]]]]}},{"type":"Feature","properties":{"province_name":"Khyber Pakhtunkhwa","district_name":"Karak","district_code":"PK512","area_km2":2648.8119094237013},"geometry":{"type":"MultiPolygon","coordinates":[[[[71.44458,33.24043],[71.44819,33.29851],[71.41716,33.28569],[71.38465,33.28996],[71.38335,33.31133],[71.32124,33.30955],[71.31054,33.3498],[71.22025,33.36848],[71.16378,33.37195],[71.1074,33.368],[71.06556,33.3807],[71.06242,33.395],[71.04104,33.36198],[70.98426,33.36614],[70.90491,33.35433],[70.88344,33.30839],[70.81962,33.32149],[70.77941,33.33819],[70.75944,33.31977],[70.76836,33.28203],[70.75038,33.21721],[70.77291,33.21737],[70.83591,33.20371],[70.87839,33.17745],[70.84061,33.15574],[70.82008,33.1212],[70.79184,33.09986],[70.81797,33.04352],[70.84123,33.02656],[70.9155,33.01377],[70.92143,32.97924],[70.93836,32.96252],[70.96468,32.90829],[70.95488,32.87117],[70.96568,32.84629],[71.00003,32.81362],[71.03886,32.80596],[71.11029,32.81003],[71.13369,32.811],[71.14493,32.88805],[71.1456,32.92855],[71.16549,32.9602],[71.18864,32.97553],[71.21955,32.9811],[71.25487,32.99821],[71.31824,33.0167],[71.34058,32.99158],[71.38508,32.99909],[71.4055,33.01036],[71.43221,33.004],[71.45399,33.0165],[71.46709,33.0443],[71.45605,33.0699],[71.42326,33.09326],[71.4406,33.12008],[71.4305,33.17301],[71.40704,33.19381],[71.41599,33.22549],[71.44458,33.24043]]]]}},{"type":"Feature","properties":{"province_name":"Khyber Pakhtunkhwa","district_name":"Khyber","district_code":"PK513","area_km2":2747.7405429207784},"geometry":{"type":"MultiPolygon","coordinates":[[[[71.41231,34.16589],[71.34862,34.16285],[71.31704,34.17079],[71.30151,34.21388],[71.31519,34.26022],[71.3,34.28384],[71.24223,34.32784],[71.16881,34.33587],[71.12206,34.26721],[71.13531,34.22532],[71.12444,34.20381],[71.12608,34.16243],[71.07275,34.10569],[71.07629,34.06251],[71.03416,34.05054],[71.01779,34.0366],[70.93562,34.01166],[70.88495,33.97676],[70.82412,33.98175],[70.76794,33.95486],[70.75072,33.96071],[70.6763,33.96024],[70.65128,33.95437],[70.59388,33.96432],[70.53914,33.94578],[70.46773,33.94334],[70.44438,33.95201],[70.44834,33.90107],[70.49988,33.88328],[70.49612,33.85248],[70.52485,33.85308],[70.54269,33.83346],[70.57056,33.84214],[70.57616,33.78826],[70.60881,33.77546],[70.61611,33.79814],[70.6361,33.79886],[70.66488,33.75951],[70.69778,33.73936],[70.72447,33.75334],[70.74966,33.75303],[70.78618,33.7667],[70.82892,33.77116],[70.84511,33.78289],[70.88666,33.7717],[70.93634,33.78721],[70.98442,33.79532],[70.9712,33.83586],[71.0067,33.84334],[71.06383,33.83923],[71.08473,33.84446],[71.12776,33.83052],[71.14926,33.81188],[71.17328,33.81567],[71.20866,33.83592],[71.252,33.82104],[71.27019,33.79624],[71.33221,33.75633],[71.34945,33.76407],[71.41871,33.74868],[71.44991,33.75373],[71.50301,33.75119],[71.51799,33.80936],[71.47604,33.8352],[71.43355,33.87383],[71.4499,33.90925],[71.43896,33.93376],[71.41193,33.96063],[71.40555,33.9968],[71.38031,33.99947],[71.38902,34.03382],[71.36967,34.08699],[71.38208,34.11792],[71.41218,34.14465],[71.41231,34.16589]]]]}},{"type":"Feature","properties":{"province_name":"Khyber Pakhtunkhwa","district_name":"Kohat","district_code":"PK514","area_km2":3440.5290048944357},"geometry":{"type":"MultiPolygon","coordinates":[[[[71.50301,33.75119],[71.44991,33.75373],[71.41871,33.74868],[71.34945,33.76407],[71.35257,33.72818],[71.38429,33.71682],[71.38027,33.6972],[71.40708,33.6837],[71.40585,33.65069],[71.36673,33.65109],[71.3616,33.63196],[71.33112,33.62585],[71.31516,33.64324],[71.26367,33.6623],[71.22348,33.69408],[71.21217,33.72216],[71.14577,33.74513],[71.12389,33.73866],[71.13863,33.70525],[71.13429,33.68027],[71.15363,33.66117],[71.08449,33.62471],[71.13018,33.59679],[71.17466,33.60943],[71.22485,33.56772],[71.19675,33.52879],[71.21448,33.50634],[71.13971,33.50094],[71.13381,33.47799],[71.11018,33.43884],[71.11373,33.4154],[71.06242,33.395],[71.06556,33.3807],[71.1074,33.368],[71.16378,33.37195],[71.22025,33.36848],[71.31054,33.3498],[71.32124,33.30955],[71.38335,33.31133],[71.38465,33.28996],[71.41716,33.28569],[71.44819,33.29851],[71.44458,33.24043],[71.45237,33.21978],[71.51506,33.21536],[71.5529,33.22852],[71.60253,33.18422],[71.60301,33.13326],[71.63726,33.08549],[71.6582,33.07349],[71.71848,33.05983],[71.71155,33.10226],[71.74624,33.14193],[71.76141,33.18547],[71.75198,33.21072],[71.71655,33.24124],[71.70509,33.28491],[71.72907,33.31011],[71.71465,33.33899],[71.73565,33.36545],[71.83235,33.40914],[71.86693,33.41175],[71.86742,33.44502],[71.8929,33.46189],[71.90599,33.48492],[71.94738,33.5074],[71.96709,33.53659],[71.95199,33.5705],[71.97837,33.5868],[71.98122,33.65937],[71.99763,33.67685],[72.00999,33.71464],[71.94709,33.73329],[71.88932,33.70411],[71.8564,33.6959],[71.81322,33.69806],[71.77605,33.68208],[71.75095,33.69259],[71.74199,33.67088],[71.68988,33.65718],[71.68038,33.68092],[71.70356,33.69868],[71.68702,33.71064],[71.61435,33.6842],[71.57172,33.68688],[71.54546,33.70495],[71.54198,33.72778],[71.50301,33.75119]]]]}},{"type":"Feature","properties":{"province_name":"Khyber Pakhtunkhwa","district_name":"Kohistan Lower","district_code":"PK515","area_km2":825.4103531381534},"geometry":{"type":"MultiPolygon","coordinates":[[[[73.17858,35.2386],[73.15622,35.23464],[73.12338,35.25114],[73.05836,35.25901],[73.04338,35.27863],[73.0513,35.30499],[73.00728,35.32495],[72.97945,35.32718],[72.91027,35.27885],[72.8867,35.24307],[72.8421,35.25136],[72.80164,35.24637],[72.76052,35.26619],[72.724,35.25955],[72.72529,35.2417],[72.70474,35.22114],[72.68631,35.17982],[72.72284,35.15883],[72.75479,35.15438],[72.79317,35.11149],[72.78941,35.05798],[72.81165,35.02596],[72.81013,34.99505],[72.84065,34.97636],[72.87201,34.98305],[72.90586,34.97071],[72.90495,35.00185],[72.88779,35.02436],[72.95549,35.04799],[72.95258,35.06123],[72.98341,35.07912],[72.99678,35.10417],[73.02443,35.11962],[73.04842,35.11729],[73.06311,35.13518],[73.09984,35.15496],[73.13392,35.20525],[73.17858,35.2386]]]]}},{"type":"Feature","properties":{"province_name":"Khyber Pakhtunkhwa","district_name":"Kohistan Upper","district_code":"PK516","area_km2":5500.814889765335},"geometry":{"type":"MultiPolygon","coordinates":[[[[73.57981,35.55361],[73.53472,35.55332],[73.49304,35.5686],[73.41443,35.57333],[73.34749,35.59943],[73.29582,35.6075],[73.23027,35.64388],[73.19887,35.66999],[73.15721,35.69027],[73.1172,35.73833],[73.11192,35.77083],[73.12436,35.8377],[73.09248,35.86028],[73.0636,35.86277],[72.97638,35.83388],[72.89166,35.84138],[72.81109,35.85722],[72.73245,35.83179],[72.71469,35.80888],[72.70842,35.76203],[72.73663,35.7548],[72.76426,35.70489],[72.79622,35.67887],[72.81128,35.62285],[72.82132,35.60769],[72.81525,35.57854],[72.77032,35.56964],[72.75526,35.5588],[72.78213,35.53934],[72.75691,35.49296],[72.73547,35.47463],[72.7602,35.46299],[72.75039,35.44137],[72.72139,35.41871],[72.7288,35.40166],[72.7576,35.38142],[72.7812,35.37958],[72.78354,35.35538],[72.76052,35.26619],[72.80164,35.24637],[72.8421,35.25136],[72.8867,35.24307],[72.91027,35.27885],[72.97945,35.32718],[73.00728,35.32495],[73.0513,35.30499],[73.04338,35.27863],[73.05836,35.25901],[73.12338,35.25114],[73.15622,35.23464],[73.17858,35.2386],[73.18661,35.23034],[73.17117,35.18813],[73.19802,35.16566],[73.21297,35.10309],[73.2919,35.10903],[73.32429,35.0913],[73.37837,35.08721],[73.39132,35.06699],[73.41405,35.07051],[73.45472,35.09539],[73.4946,35.10505],[73.54124,35.06983],[73.60044,35.04185],[73.63319,35.0193],[73.62978,35.00079],[73.66249,34.98087],[73.68445,35.01832],[73.71082,35.02742],[73.74586,35.01675],[73.78195,35.02093],[73.8173,35.00352],[73.84396,35.03447],[73.84636,35.08628],[73.86341,35.10408],[73.91251,35.09843],[73.93806,35.11043],[73.95506,35.13603],[73.94906,35.15703],[73.95974,35.1819],[73.93027,35.20305],[73.8911,35.21166],[73.84972,35.20777],[73.80462,35.23613],[73.7811,35.24055],[73.73054,35.21971],[73.72137,35.22943],[73.69775,35.31194],[73.69942,35.38388],[73.72192,35.42749],[73.76721,35.45305],[73.80304,35.50305],[73.7884,35.51686],[73.74165,35.52222],[73.71388,35.53221],[73.67304,35.53277],[73.57981,35.55361]]]]}},{"type":"Feature","properties":{"province_name":"Khyber Pakhtunkhwa","district_name":"Kolai Palas Kohistan","district_code":"PK517","area_km2":1233.2940559752117},"geometry":{"type":"MultiPolygon","coordinates":[[[[73.62978,35.00079],[73.63319,35.0193],[73.60044,35.04185],[73.54124,35.06983],[73.4946,35.10505],[73.45472,35.09539],[73.41405,35.07051],[73.39132,35.06699],[73.37837,35.08721],[73.32429,35.0913],[73.2919,35.10903],[73.21297,35.10309],[73.19802,35.16566],[73.17117,35.18813],[73.18661,35.23034],[73.17858,35.2386],[73.13392,35.20525],[73.09984,35.15496],[73.06311,35.13518],[73.04842,35.11729],[73.02443,35.11962],[72.99678,35.10417],[72.98341,35.07912],[72.95258,35.06123],[72.95549,35.04799],[72.88779,35.02436],[72.90495,35.00185],[72.90586,34.97071],[72.88126,34.94446],[72.87806,34.91853],[72.88984,34.91433],[72.92192,34.93845],[72.97738,34.95561],[73.05151,34.96731],[73.08349,34.95385],[73.11074,34.92791],[73.18024,34.92832],[73.21541,34.9386],[73.22177,34.91706],[73.24698,34.92448],[73.32978,34.92252],[73.39864,34.92677],[73.43813,34.90197],[73.48956,34.89613],[73.5054,34.91685],[73.54044,34.92737],[73.56249,34.97976],[73.58796,34.99722],[73.62978,35.00079]]]]}},{"type":"Feature","properties":{"province_name":"Khyber Pakhtunkhwa","district_name":"Kurram","district_code":"PK518","area_km2":3396.955259546667},"geometry":{"type":"MultiPolygon","coordinates":[[[[70.44438,33.95201],[70.40372,33.96294],[70.32626,33.96322],[70.27912,33.98028],[70.23882,33.97314],[70.19834,33.9853],[70.1543,34.00831],[70.10017,34.00805],[70.04618,34.03672],[70.00167,34.04895],[69.9871,34.04086],[69.91348,34.03794],[69.89754,34.02774],[69.90106,33.99331],[69.87668,33.96835],[69.86574,33.92691],[69.9039,33.89027],[69.91631,33.8534],[69.95569,33.81671],[69.9698,33.76262],[70.00564,33.73353],[70.03506,33.73146],[70.09212,33.71663],[70.13697,33.71507],[70.1501,33.69531],[70.14928,33.65351],[70.19702,33.6336],[70.17471,33.54737],[70.17358,33.52506],[70.21481,33.47963],[70.24009,33.47336],[70.2585,33.43302],[70.28787,33.43195],[70.3154,33.39556],[70.31173,33.37426],[70.32416,33.33289],[70.38168,33.35292],[70.40516,33.34268],[70.43461,33.35385],[70.46213,33.33322],[70.50114,33.33483],[70.54089,33.34834],[70.54397,33.35825],[70.49987,33.38665],[70.49912,33.41418],[70.53957,33.42387],[70.56869,33.41993],[70.59309,33.42813],[70.6283,33.47617],[70.67707,33.47101],[70.6983,33.48999],[70.74192,33.48397],[70.73232,33.52692],[70.75062,33.58455],[70.73367,33.5947],[70.753,33.62243],[70.7506,33.64558],[70.7014,33.64721],[70.61883,33.68516],[70.61806,33.71451],[70.58539,33.74132],[70.60881,33.77546],[70.57616,33.78826],[70.57056,33.84214],[70.54269,33.83346],[70.52485,33.85308],[70.49612,33.85248],[70.49988,33.88328],[70.44834,33.90107],[70.44438,33.95201]]]]}},{"type":"Feature","properties":{"province_name":"Khyber Pakhtunkhwa","district_name":"Lakki Marwat","district_code":"PK519","area_km2":3339.568701268832},"geometry":{"type":"MultiPolygon","coordinates":[[[[70.95488,32.87117],[70.90213,32.8565],[70.87413,32.87845],[70.85526,32.87398],[70.83083,32.84924],[70.79458,32.86748],[70.76572,32.84513],[70.79297,32.81674],[70.75555,32.80957],[70.7306,32.79294],[70.70237,32.80955],[70.68535,32.84247],[70.66411,32.82832],[70.60162,32.82813],[70.56151,32.84303],[70.56058,32.81039],[70.53551,32.80645],[70.51903,32.76044],[70.49221,32.76304],[70.39153,32.72556],[70.37256,32.7076],[70.3461,32.70552],[70.31974,32.68558],[70.30703,32.65888],[70.28391,32.63926],[70.31958,32.58503],[70.35717,32.57495],[70.41226,32.5803],[70.44419,32.59574],[70.49995,32.6022],[70.54937,32.57364],[70.54807,32.56139],[70.59707,32.50012],[70.61569,32.46454],[70.59741,32.43504],[70.657,32.39178],[70.68176,32.39655],[70.70663,32.37614],[70.71151,32.34964],[70.66918,32.32217],[70.66094,32.28993],[70.67291,32.27452],[70.70503,32.26271],[70.74272,32.27972],[70.77872,32.30441],[70.81291,32.29802],[70.84725,32.32422],[70.96118,32.35656],[70.97353,32.36747],[71.04123,32.38437],[71.08198,32.40415],[71.14817,32.46176],[71.17499,32.44469],[71.23196,32.51204],[71.2489,32.54451],[71.16393,32.59908],[71.1676,32.6188],[71.13402,32.69484],[71.14205,32.7286],[71.12167,32.75221],[71.11029,32.81003],[71.03886,32.80596],[71.00003,32.81362],[70.96568,32.84629],[70.95488,32.87117]]]]}},{"type":"Feature","properties":{"province_name":"Khyber Pakhtunkhwa","district_name":"Lower Dir","district_code":"PK520","area_km2":1606.1532597913738},"geometry":{"type":"MultiPolygon","coordinates":[[[[72.12792,34.86685],[72.0889,34.83927],[72.06756,34.8335],[72.01678,34.84792],[71.96888,34.88568],[71.94612,34.91922],[71.91685,34.92681],[71.92646,34.9873],[71.9093,34.99365],[71.89327,35.02768],[71.86019,35.056],[71.82115,35.06895],[71.79351,35.05541],[71.7534,35.051],[71.72568,35.02737],[71.67718,35.03253],[71.64169,35.02658],[71.62277,35.03808],[71.55459,35.02954],[71.51761,35.00417],[71.51032,34.98502],[71.55611,34.94622],[71.58358,34.90948],[71.61118,34.84583],[71.61241,34.82547],[71.63822,34.81628],[71.68797,34.81134],[71.70741,34.79797],[71.73199,34.79945],[71.76246,34.7868],[71.78093,34.76609],[71.76704,34.71234],[71.76009,34.65601],[71.8346,34.61342],[71.88984,34.62456],[71.91783,34.61684],[72.01112,34.62152],[72.01064,34.64114],[72.09315,34.66953],[72.11069,34.69649],[72.11714,34.73971],[72.13932,34.76385],[72.18698,34.78862],[72.19296,34.80139],[72.17203,34.83142],[72.12792,34.86685]]]]}},{"type":"Feature","properties":{"province_name":"Khyber Pakhtunkhwa","district_name":"Malakand","district_code":"PK521","area_km2":906.5508406301368},"geometry":{"type":"MultiPolygon","coordinates":[[[[72.21658,34.56789],[72.13614,34.58299],[72.11592,34.61918],[72.12659,34.66495],[72.09315,34.66953],[72.01064,34.64114],[72.01112,34.62152],[71.91783,34.61684],[71.88984,34.62456],[71.8346,34.61342],[71.76009,34.65601],[71.72375,34.64662],[71.71298,34.63108],[71.67889,34.61891],[71.66688,34.57996],[71.67052,34.56126],[71.6418,34.53634],[71.65455,34.52481],[71.66037,34.46796],[71.7062,34.44665],[71.73994,34.45719],[71.75852,34.45041],[71.76976,34.41246],[71.79739,34.40654],[71.83238,34.36437],[71.92009,34.43191],[71.95257,34.43893],[71.96582,34.46678],[71.95655,34.48501],[72.0065,34.52917],[72.01816,34.52944],[72.06263,34.4972],[72.09029,34.49298],[72.11227,34.52149],[72.13198,34.53159],[72.17502,34.52752],[72.20285,34.51319],[72.2353,34.53742],[72.21658,34.56789]]]]}},{"type":"Feature","properties":{"province_name":"Khyber Pakhtunkhwa","district_name":"Mansehra","district_code":"PK522","area_km2":4045.2551035978186},"geometry":{"type":"MultiPolygon","coordinates":[[[[74.11591,35.12306],[74.09499,35.14527],[74.07443,35.15082],[74.02777,35.14555],[73.9947,35.17639],[73.95974,35.1819],[73.94906,35.15703],[73.95506,35.13603],[73.93806,35.11043],[73.91251,35.09843],[73.86341,35.10408],[73.84636,35.08628],[73.84396,35.03447],[73.8173,35.00352],[73.78195,35.02093],[73.74586,35.01675],[73.71082,35.02742],[73.68445,35.01832],[73.66249,34.98087],[73.62978,35.00079],[73.58796,34.99722],[73.56249,34.97976],[73.54044,34.92737],[73.5054,34.91685],[73.48956,34.89613],[73.49719,34.86901],[73.44114,34.8274],[73.44025,34.80464],[73.40374,34.79965],[73.39407,34.77478],[73.36152,34.75014],[73.36617,34.71172],[73.34446,34.67078],[73.31821,34.65738],[73.27905,34.71017],[73.2587,34.70911],[73.21994,34.73925],[73.17544,34.68623],[73.13269,34.64898],[73.11058,34.64368],[73.10192,34.59786],[73.08876,34.56691],[73.03695,34.56004],[73.02373,34.58859],[72.98946,34.57514],[72.96465,34.57983],[72.93909,34.56499],[72.94115,34.54563],[72.89246,34.50067],[72.89566,34.48095],[72.86816,34.4485],[72.84797,34.45362],[72.81776,34.42735],[72.8205,34.36662],[72.85635,34.32606],[72.8574,34.29198],[72.88639,34.28536],[72.91269,34.24892],[72.9751,34.22827],[72.99008,34.21041],[73.02707,34.26388],[73.07513,34.23176],[73.09739,34.23206],[73.13736,34.25077],[73.15937,34.23762],[73.19611,34.23567],[73.21201,34.28511],[73.25584,34.27892],[73.28528,34.30232],[73.32453,34.31941],[73.36153,34.36935],[73.39816,34.37406],[73.40694,34.42444],[73.4322,34.47916],[73.44275,34.55499],[73.46471,34.57194],[73.5194,34.57251],[73.58166,34.58777],[73.62498,34.56388],[73.64451,34.57099],[73.67442,34.64583],[73.6611,34.68416],[73.67276,34.70332],[73.70915,34.73221],[73.72053,34.76721],[73.76027,34.79944],[73.79942,34.8036],[73.83388,34.82694],[73.89833,34.82472],[73.93719,34.84944],[73.98638,34.87054],[74.01027,34.91332],[74.05165,34.95555],[74.05582,34.9961],[74.08735,35.02494],[74.0622,35.06055],[74.06137,35.08055],[74.08221,35.10555],[74.11591,35.12306]]]]}},{"type":"Feature","properties":{"province_name":"Khyber Pakhtunkhwa","district_name":"Mardan","district_code":"PK523","area_km2":1638.384633855259},"geometry":{"type":"MultiPolygon","coordinates":[[[[72.20285,34.51319],[72.17502,34.52752],[72.13198,34.53159],[72.11227,34.52149],[72.09029,34.49298],[72.06263,34.4972],[72.01816,34.52944],[72.0065,34.52917],[71.95655,34.48501],[71.96582,34.46678],[71.95257,34.43893],[71.92009,34.43191],[71.83238,34.36437],[71.82124,34.31804],[71.82447,34.29001],[71.84181,34.26435],[71.88219,34.25662],[71.91458,34.17736],[71.94367,34.14077],[72.01978,34.13099],[72.03521,34.08043],[72.06688,34.07638],[72.09915,34.08391],[72.14816,34.07683],[72.15153,34.09156],[72.19991,34.09094],[72.20583,34.12194],[72.20287,34.1611],[72.21201,34.17588],[72.20556,34.20557],[72.21985,34.21297],[72.23133,34.2457],[72.26791,34.25853],[72.32686,34.24704],[72.31638,34.27376],[72.33791,34.30181],[72.33275,34.32291],[72.35215,34.34019],[72.38696,34.3526],[72.43185,34.38057],[72.4249,34.4047],[72.39601,34.40969],[72.3717,34.43401],[72.33401,34.44049],[72.27671,34.4283],[72.22356,34.45434],[72.22431,34.49246],[72.20285,34.51319]]]]}},{"type":"Feature","properties":{"province_name":"Khyber Pakhtunkhwa","district_name":"Mohmand","district_code":"PK524","area_km2":2262.728488307785},"geometry":{"type":"MultiPolygon","coordinates":[[[[71.6418,34.53634],[71.62488,34.51958],[71.57916,34.51401],[71.54332,34.54428],[71.53151,34.62334],[71.56063,34.65564],[71.55128,34.67252],[71.52473,34.6782],[71.48122,34.65896],[71.45242,34.67513],[71.41626,34.67377],[71.35267,34.64699],[71.32335,34.65761],[71.26918,34.65516],[71.27309,34.67634],[71.23098,34.72206],[71.20842,34.70504],[71.17278,34.73099],[71.13667,34.70951],[71.11453,34.71046],[71.09567,34.67552],[71.11057,34.62998],[71.08709,34.59046],[71.05434,34.57691],[71.01796,34.57317],[70.99556,34.55477],[70.99487,34.49151],[71.00681,34.46112],[71.05357,34.4275],[71.08727,34.38914],[71.16947,34.36361],[71.16881,34.33587],[71.24223,34.32784],[71.3,34.28384],[71.31519,34.26022],[71.30151,34.21388],[71.31704,34.17079],[71.34862,34.16285],[71.41231,34.16589],[71.43411,34.19039],[71.49055,34.22264],[71.53835,34.26314],[71.53345,34.30869],[71.56042,34.32826],[71.56264,34.34368],[71.59004,34.36515],[71.62662,34.35758],[71.62553,34.37792],[71.65567,34.38811],[71.65728,34.41453],[71.7062,34.44665],[71.66037,34.46796],[71.65455,34.52481],[71.6418,34.53634]]]]}},{"type":"Feature","properties":{"province_name":"Khyber Pakhtunkhwa","district_name":"North Waziristan","district_code":"PK525","area_km2":4926.868305539888},"geometry":{"type":"MultiPolygon","coordinates":[[[[70.54089,33.34834],[70.50114,33.33483],[70.46213,33.33322],[70.43461,33.35385],[70.40516,33.34268],[70.38168,33.35292],[70.32416,33.33289],[70.29143,33.32782],[70.23346,33.26881],[70.15574,33.2212],[70.09385,33.20836],[70.06728,33.21352],[70.02308,33.14327],[69.9459,33.12874],[69.9167,33.10399],[69.87553,33.0957],[69.82881,33.10474],[69.78653,33.12754],[69.7373,33.10982],[69.72172,33.09303],[69.58005,33.09757],[69.5071,33.02904],[69.49203,32.94269],[69.53054,32.86117],[69.50079,32.84813],[69.47424,32.85106],[69.44098,32.81455],[69.39521,32.78159],[69.39312,32.76129],[69.44122,32.72775],[69.43697,32.68623],[69.45123,32.66318],[69.41039,32.60632],[69.4497,32.59851],[69.47293,32.57492],[69.50424,32.56009],[69.53748,32.56229],[69.58273,32.58672],[69.61092,32.59033],[69.60154,32.64151],[69.61421,32.66032],[69.63951,32.66963],[69.64576,32.68609],[69.67235,32.70129],[69.73614,32.71048],[69.75875,32.69562],[69.80024,32.70007],[69.84141,32.65741],[69.87159,32.65883],[69.88306,32.68509],[69.94382,32.67894],[69.98054,32.70356],[70.04221,32.67643],[70.14628,32.73127],[70.17058,32.73427],[70.19703,32.72016],[70.23331,32.73071],[70.26139,32.73004],[70.26442,32.75038],[70.32092,32.78542],[70.34791,32.85567],[70.35634,32.91068],[70.38231,32.94693],[70.39102,32.97722],[70.41034,33.00124],[70.41493,33.05755],[70.45694,33.10954],[70.4864,33.116],[70.48647,33.1529],[70.51899,33.19125],[70.61867,33.23156],[70.62695,33.26025],[70.56983,33.29441],[70.55934,33.32498],[70.54089,33.34834]]]]}},{"type":"Feature","properties":{"province_name":"Khyber Pakhtunkhwa","district_name":"Nowshera","district_code":"PK526","area_km2":1727.5813499462668},"geometry":{"type":"MultiPolygon","coordinates":[[[[72.19991,34.09094],[72.15153,34.09156],[72.14816,34.07683],[72.09915,34.08391],[72.06688,34.07638],[72.03521,34.08043],[72.01978,34.13099],[71.94367,34.14077],[71.89636,34.12661],[71.84209,34.03976],[71.81635,34.05723],[71.81656,34.07471],[71.78395,34.08753],[71.72105,34.0929],[71.70117,34.09142],[71.69997,34.04848],[71.71204,34.02431],[71.70447,33.98812],[71.7235,33.97043],[71.76941,33.97734],[71.7731,33.91665],[71.76908,33.87036],[71.74957,33.84959],[71.75059,33.81939],[71.79367,33.78413],[71.8383,33.78339],[71.86019,33.74858],[71.81483,33.7069],[71.81322,33.69806],[71.8564,33.6959],[71.88932,33.70411],[71.94709,33.73329],[72.00999,33.71464],[72.03655,33.75177],[72.06888,33.75994],[72.07176,33.78267],[72.09612,33.78535],[72.193,33.76206],[72.2343,33.78631],[72.23991,33.86635],[72.23453,33.90053],[72.23335,33.93951],[72.20868,33.97924],[72.23444,34.0076],[72.24668,34.0868],[72.22674,34.08054],[72.19991,34.09094]]]]}},{"type":"Feature","properties":{"province_name":"Khyber Pakhtunkhwa","district_name":"Orakzai","district_code":"PK527","area_km2":1369.954177986197},"geometry":{"type":"MultiPolygon","coordinates":[[[[71.34945,33.76407],[71.33221,33.75633],[71.27019,33.79624],[71.252,33.82104],[71.20866,33.83592],[71.17328,33.81567],[71.14926,33.81188],[71.12776,33.83052],[71.08473,33.84446],[71.06383,33.83923],[71.0067,33.84334],[70.9712,33.83586],[70.98442,33.79532],[70.93634,33.78721],[70.88666,33.7717],[70.84511,33.78289],[70.82892,33.77116],[70.78618,33.7667],[70.74966,33.75303],[70.72447,33.75334],[70.69778,33.73936],[70.66488,33.75951],[70.6361,33.79886],[70.61611,33.79814],[70.60881,33.77546],[70.58539,33.74132],[70.61806,33.71451],[70.61883,33.68516],[70.7014,33.64721],[70.7506,33.64558],[70.753,33.62243],[70.73367,33.5947],[70.75062,33.58455],[70.7751,33.58691],[70.81934,33.57305],[70.83263,33.56021],[70.90018,33.55613],[70.91536,33.56451],[70.9703,33.54634],[71.00838,33.54863],[71.06648,33.58282],[71.13018,33.59679],[71.08449,33.62471],[71.15363,33.66117],[71.13429,33.68027],[71.13863,33.70525],[71.12389,33.73866],[71.14577,33.74513],[71.21217,33.72216],[71.22348,33.69408],[71.26367,33.6623],[71.31516,33.64324],[71.33112,33.62585],[71.3616,33.63196],[71.36673,33.65109],[71.40585,33.65069],[71.40708,33.6837],[71.38027,33.6972],[71.38429,33.71682],[71.35257,33.72818],[71.34945,33.76407]]]]}},{"type":"Feature","properties":{"province_name":"Khyber Pakhtunkhwa","district_name":"Peshawar","district_code":"PK528","area_km2":1540.0291854594193},"geometry":{"type":"MultiPolygon","coordinates":[[[[71.72105,34.0929],[71.68031,34.11111],[71.64892,34.14391],[71.60144,34.15306],[71.57439,34.17506],[71.50128,34.18084],[71.48528,34.20403],[71.49055,34.22264],[71.43411,34.19039],[71.41231,34.16589],[71.41218,34.14465],[71.38208,34.11792],[71.36967,34.08699],[71.38902,34.03382],[71.38031,33.99947],[71.40555,33.9968],[71.41193,33.96063],[71.43896,33.93376],[71.4499,33.90925],[71.43355,33.87383],[71.47604,33.8352],[71.51799,33.80936],[71.50301,33.75119],[71.54198,33.72778],[71.54546,33.70495],[71.57172,33.68688],[71.61435,33.6842],[71.68702,33.71064],[71.70356,33.69868],[71.68038,33.68092],[71.68988,33.65718],[71.74199,33.67088],[71.75095,33.69259],[71.77605,33.68208],[71.81322,33.69806],[71.81483,33.7069],[71.86019,33.74858],[71.8383,33.78339],[71.79367,33.78413],[71.75059,33.81939],[71.74957,33.84959],[71.76908,33.87036],[71.7731,33.91665],[71.76941,33.97734],[71.7235,33.97043],[71.70447,33.98812],[71.71204,34.02431],[71.69997,34.04848],[71.70117,34.09142],[71.72105,34.0929]]]]}},{"type":"Feature","properties":{"province_name":"Khyber Pakhtunkhwa","district_name":"Shangla","district_code":"PK529","area_km2":1387.0753281434},"geometry":{"type":"MultiPolygon","coordinates":[[[[72.90586,34.97071],[72.87201,34.98305],[72.84065,34.97636],[72.81013,34.99505],[72.81165,35.02596],[72.78941,35.05798],[72.79317,35.11149],[72.75479,35.15438],[72.72284,35.15883],[72.69931,35.14279],[72.69989,35.11877],[72.67752,35.09953],[72.67116,35.07837],[72.62405,35.06093],[72.60278,35.02394],[72.57732,35.01049],[72.5764,34.98865],[72.59945,34.96038],[72.587,34.91558],[72.593,34.8716],[72.58073,34.8476],[72.58667,34.81841],[72.57143,34.76728],[72.55074,34.7249],[72.53078,34.70542],[72.53691,34.67002],[72.56583,34.65572],[72.58065,34.63397],[72.60698,34.64471],[72.64454,34.64687],[72.65325,34.66945],[72.6849,34.67995],[72.71693,34.67354],[72.69694,34.63492],[72.70719,34.59775],[72.72282,34.58386],[72.72978,34.53719],[72.76224,34.5345],[72.79931,34.54407],[72.81459,34.57963],[72.78161,34.60614],[72.80643,34.66664],[72.79669,34.68395],[72.81185,34.74125],[72.83653,34.76948],[72.87641,34.76523],[72.89983,34.76161],[72.92765,34.77347],[72.93261,34.80217],[72.97364,34.81823],[72.99609,34.8146],[72.99762,34.84787],[72.95277,34.86677],[72.92065,34.87193],[72.86336,34.89541],[72.87806,34.91853],[72.88126,34.94446],[72.90586,34.97071]]]]}},{"type":"Feature","properties":{"province_name":"Khyber Pakhtunkhwa","district_name":"South Waziristan","district_code":"PK530","area_km2":6220.293066473898},"geometry":{"type":"MultiPolygon","coordinates":[[[[70.37256,32.7076],[70.3857,32.76561],[70.33698,32.76906],[70.3129,32.76187],[70.28892,32.73347],[70.26139,32.73004],[70.23331,32.73071],[70.19703,32.72016],[70.17058,32.73427],[70.14628,32.73127],[70.04221,32.67643],[69.98054,32.70356],[69.94382,32.67894],[69.88306,32.68509],[69.87159,32.65883],[69.84141,32.65741],[69.80024,32.70007],[69.75875,32.69562],[69.73614,32.71048],[69.67235,32.70129],[69.64576,32.68609],[69.63951,32.66963],[69.61421,32.66032],[69.60154,32.64151],[69.61092,32.59033],[69.58273,32.58672],[69.53748,32.56229],[69.50424,32.56009],[69.47293,32.57492],[69.4497,32.59851],[69.41039,32.60632],[69.38524,32.56655],[69.32607,32.54254],[69.28521,32.53298],[69.2407,32.46139],[69.25024,32.414],[69.28084,32.35639],[69.27959,32.29216],[69.26998,32.27209],[69.27577,32.19375],[69.27284,32.15101],[69.28946,32.09272],[69.28611,32.0714],[69.30035,31.99193],[69.312,31.98613],[69.32092,31.95189],[69.38931,31.96275],[69.48125,31.96609],[69.52312,31.9756],[69.54615,31.95669],[69.62922,32.00724],[69.64455,32.04304],[69.67955,32.07294],[69.73696,32.07821],[69.80421,32.09522],[69.85249,32.10062],[69.81746,32.03669],[69.80037,32.02257],[69.82647,32.00368],[69.88052,31.98171],[69.8685,31.94214],[69.85332,31.92485],[69.85583,31.89206],[69.89899,31.88838],[69.939,31.93415],[69.96329,31.93682],[69.95645,31.89451],[70.01635,31.8913],[70.04287,31.87506],[70.0503,31.85679],[70.0963,31.84312],[70.13549,31.84865],[70.18418,31.83869],[70.21198,31.81543],[70.22061,31.84635],[70.18298,32.00641],[70.1694,31.99826],[70.12437,32.02439],[70.10319,32.10041],[70.10009,32.13672],[70.07427,32.14809],[70.06702,32.17675],[70.0908,32.22701],[70.05884,32.23841],[70.05618,32.26704],[70.07436,32.27133],[70.07866,32.32304],[70.09325,32.36101],[70.11412,32.37646],[70.09539,32.42898],[70.11202,32.52449],[70.12578,32.54552],[70.1996,32.62598],[70.22586,32.60948],[70.28391,32.63926],[70.30703,32.65888],[70.31974,32.68558],[70.3461,32.70552],[70.37256,32.7076]]]]}},{"type":"Feature","properties":{"province_name":"Khyber Pakhtunkhwa","district_name":"Swabi","district_code":"PK531","area_km2":1482.9991479784685},"geometry":{"type":"MultiPolygon","coordinates":[[[[72.74875,34.29346],[72.7323,34.30692],[72.68096,34.29971],[72.62971,34.26981],[72.60947,34.24686],[72.5683,34.21875],[72.58352,34.19818],[72.57029,34.16965],[72.54758,34.17243],[72.54068,34.15072],[72.51116,34.16717],[72.46009,34.18157],[72.41512,34.18623],[72.41749,34.22046],[72.46309,34.26878],[72.44852,34.2822],[72.45096,34.30612],[72.47279,34.32138],[72.48432,34.34728],[72.4759,34.37245],[72.43185,34.38057],[72.38696,34.3526],[72.35215,34.34019],[72.33275,34.32291],[72.33791,34.30181],[72.31638,34.27376],[72.32686,34.24704],[72.26791,34.25853],[72.23133,34.2457],[72.21985,34.21297],[72.20556,34.20557],[72.21201,34.17588],[72.20287,34.1611],[72.20583,34.12194],[72.19991,34.09094],[72.22674,34.08054],[72.24668,34.0868],[72.23444,34.0076],[72.20868,33.97924],[72.23335,33.93951],[72.23453,33.90053],[72.32301,33.94815],[72.33879,33.94417],[72.3783,33.95967],[72.4025,33.97775],[72.40233,34.00516],[72.44877,33.99147],[72.48966,34.00145],[72.54918,33.99383],[72.58448,33.9936],[72.63772,34.01746],[72.70623,34.09132],[72.74249,34.10487],[72.75109,34.12149],[72.75192,34.16294],[72.76594,34.18537],[72.75573,34.20241],[72.77139,34.2403],[72.76578,34.27191],[72.74875,34.29346]]]]}},{"type":"Feature","properties":{"province_name":"Khyber Pakhtunkhwa","district_name":"Swat","district_code":"PK532","area_km2":5357.165663773955},"geometry":{"type":"MultiPolygon","coordinates":[[[[72.73245,35.83179],[72.67082,35.81833],[72.61886,35.83777],[72.57027,35.8486],[72.54915,35.8811],[72.51447,35.89881],[72.48861,35.85481],[72.45267,35.83124],[72.41198,35.82184],[72.40832,35.79581],[72.36173,35.76009],[72.30716,35.77986],[72.29152,35.76532],[72.25708,35.68019],[72.25047,35.65048],[72.20783,35.62293],[72.22741,35.59549],[72.25262,35.58709],[72.28543,35.5464],[72.30944,35.53778],[72.36974,35.50004],[72.34383,35.4844],[72.37175,35.43923],[72.34999,35.39256],[72.36839,35.36971],[72.35443,35.34615],[72.32247,35.34419],[72.31095,35.33143],[72.30668,35.28821],[72.28218,35.26145],[72.30764,35.23806],[72.30739,35.2186],[72.32935,35.19503],[72.31179,35.18399],[72.26947,35.17928],[72.25364,35.13362],[72.20655,35.12544],[72.1901,35.10783],[72.21158,35.06346],[72.21253,35.03985],[72.18254,35.00708],[72.18677,34.96786],[72.16711,34.95159],[72.15818,34.90483],[72.12561,34.89052],[72.12792,34.86685],[72.17203,34.83142],[72.19296,34.80139],[72.18698,34.78862],[72.13932,34.76385],[72.11714,34.73971],[72.11069,34.69649],[72.09315,34.66953],[72.12659,34.66495],[72.11592,34.61918],[72.13614,34.58299],[72.21658,34.56789],[72.23481,34.57],[72.29199,34.611],[72.34877,34.62279],[72.37355,34.66377],[72.42424,34.68933],[72.47157,34.67442],[72.50026,34.71153],[72.53078,34.70542],[72.55074,34.7249],[72.57143,34.76728],[72.58667,34.81841],[72.58073,34.8476],[72.593,34.8716],[72.587,34.91558],[72.59945,34.96038],[72.5764,34.98865],[72.57732,35.01049],[72.60278,35.02394],[72.62405,35.06093],[72.67116,35.07837],[72.67752,35.09953],[72.69989,35.11877],[72.69931,35.14279],[72.72284,35.15883],[72.68631,35.17982],[72.70474,35.22114],[72.72529,35.2417],[72.724,35.25955],[72.76052,35.26619],[72.78354,35.35538],[72.7812,35.37958],[72.7576,35.38142],[72.7288,35.40166],[72.72139,35.41871],[72.75039,35.44137],[72.7602,35.46299],[72.73547,35.47463],[72.75691,35.49296],[72.78213,35.53934],[72.75526,35.5588],[72.77032,35.56964],[72.81525,35.57854],[72.82132,35.60769],[72.81128,35.62285],[72.79622,35.67887],[72.76426,35.70489],[72.73663,35.7548],[72.70842,35.76203],[72.71469,35.80888],[72.73245,35.83179]]]]}},{"type":"Feature","properties":{"province_name":"Khyber Pakhtunkhwa","district_name":"Tank","district_code":"PK533","area_km2":2817.651654052052},"geometry":{"type":"MultiPolygon","coordinates":[[[[70.67291,32.27452],[70.66094,32.28993],[70.66918,32.32217],[70.71151,32.34964],[70.70663,32.37614],[70.68176,32.39655],[70.657,32.39178],[70.59741,32.43504],[70.61569,32.46454],[70.59707,32.50012],[70.54807,32.56139],[70.54937,32.57364],[70.49995,32.6022],[70.44419,32.59574],[70.41226,32.5803],[70.35717,32.57495],[70.31958,32.58503],[70.28391,32.63926],[70.22586,32.60948],[70.1996,32.62598],[70.12578,32.54552],[70.11202,32.52449],[70.09539,32.42898],[70.11412,32.37646],[70.09325,32.36101],[70.07866,32.32304],[70.07436,32.27133],[70.05618,32.26704],[70.05884,32.23841],[70.0908,32.22701],[70.06702,32.17675],[70.07427,32.14809],[70.10009,32.13672],[70.10319,32.10041],[70.12437,32.02439],[70.1694,31.99826],[70.18298,32.00641],[70.21795,32.02572],[70.25732,32.06943],[70.23876,32.09049],[70.30054,32.08249],[70.34059,32.08675],[70.39697,32.07645],[70.48933,32.10666],[70.5365,32.09969],[70.57091,32.13519],[70.57001,32.19977],[70.59118,32.23003],[70.64558,32.2549],[70.67291,32.27452]]]]}},{"type":"Feature","properties":{"province_name":"Khyber Pakhtunkhwa","district_name":"Tor Ghar","district_code":"PK534","area_km2":455.4042082175759},"geometry":{"type":"MultiPolygon","coordinates":[[[[72.87641,34.76523],[72.83653,34.76948],[72.81185,34.74125],[72.79669,34.68395],[72.80643,34.66664],[72.78161,34.60614],[72.81459,34.57963],[72.79931,34.54407],[72.76224,34.5345],[72.72978,34.53719],[72.76832,34.47731],[72.72692,34.44259],[72.7538,34.40921],[72.74039,34.3583],[72.76005,34.36456],[72.78597,34.34875],[72.8205,34.36662],[72.81776,34.42735],[72.84797,34.45362],[72.86816,34.4485],[72.89566,34.48095],[72.89246,34.50067],[72.94115,34.54563],[72.93909,34.56499],[72.90529,34.59566],[72.90054,34.62117],[72.90618,34.67178],[72.8954,34.68443],[72.90107,34.71562],[72.87641,34.76523]]]]}},{"type":"Feature","properties":{"province_name":"Khyber Pakhtunkhwa","district_name":"Upper Dir","district_code":"PK535","area_km2":3735.863045828393},"geometry":{"type":"MultiPolygon","coordinates":[[[[72.15293,35.78398],[72.12306,35.78572],[72.10239,35.73066],[72.08665,35.70848],[72.10738,35.68655],[72.09862,35.65988],[72.06612,35.63916],[72.04059,35.6463],[71.9952,35.61842],[71.95806,35.58782],[71.91797,35.54238],[71.9129,35.49736],[71.91903,35.46476],[71.88578,35.4606],[71.875,35.43576],[71.87207,35.37316],[71.85853,35.35301],[71.80963,35.36292],[71.78085,35.33286],[71.78188,35.30824],[71.75492,35.28603],[71.75756,35.26462],[71.71897,35.22921],[71.67329,35.21542],[71.6749,35.19654],[71.61732,35.13979],[71.58533,35.12937],[71.5526,35.10797],[71.53007,35.07235],[71.55459,35.02954],[71.62277,35.03808],[71.64169,35.02658],[71.67718,35.03253],[71.72568,35.02737],[71.7534,35.051],[71.79351,35.05541],[71.82115,35.06895],[71.86019,35.056],[71.89327,35.02768],[71.9093,34.99365],[71.92646,34.9873],[71.91685,34.92681],[71.94612,34.91922],[71.96888,34.88568],[72.01678,34.84792],[72.06756,34.8335],[72.0889,34.83927],[72.12792,34.86685],[72.12561,34.89052],[72.15818,34.90483],[72.16711,34.95159],[72.18677,34.96786],[72.18254,35.00708],[72.21253,35.03985],[72.21158,35.06346],[72.1901,35.10783],[72.20655,35.12544],[72.25364,35.13362],[72.26947,35.17928],[72.31179,35.18399],[72.32935,35.19503],[72.30739,35.2186],[72.30764,35.23806],[72.28218,35.26145],[72.30668,35.28821],[72.31095,35.33143],[72.32247,35.34419],[72.35443,35.34615],[72.36839,35.36971],[72.34999,35.39256],[72.37175,35.43923],[72.34383,35.4844],[72.36974,35.50004],[72.30944,35.53778],[72.28543,35.5464],[72.25262,35.58709],[72.22741,35.59549],[72.20783,35.62293],[72.25047,35.65048],[72.25708,35.68019],[72.29152,35.76532],[72.22305,35.77522],[72.18315,35.75481],[72.16969,35.78089],[72.15293,35.78398]]]]}},{"type":"Feature","properties":{"province_name":"Punjab","district_name":"Attock","district_code":"PK601","area_km2":6920.709756005734},"geometry":{"type":"MultiPolygon","coordinates":[[[[72.54918,33.99383],[72.48966,34.00145],[72.44877,33.99147],[72.40233,34.00516],[72.4025,33.97775],[72.3783,33.95967],[72.33879,33.94417],[72.32301,33.94815],[72.23453,33.90053],[72.23991,33.86635],[72.2343,33.78631],[72.193,33.76206],[72.09612,33.78535],[72.07176,33.78267],[72.06888,33.75994],[72.03655,33.75177],[72.00999,33.71464],[71.99763,33.67685],[71.98122,33.65937],[71.97837,33.5868],[71.95199,33.5705],[71.96709,33.53659],[71.94738,33.5074],[71.90599,33.48492],[71.8929,33.46189],[71.86742,33.44502],[71.86693,33.41175],[71.83235,33.40914],[71.73565,33.36545],[71.71465,33.33899],[71.72907,33.31011],[71.70509,33.28491],[71.71655,33.24124],[71.75198,33.21072],[71.76141,33.18547],[71.74624,33.14193],[71.71155,33.10226],[71.71848,33.05983],[71.72644,33.02875],[71.76707,33.00898],[71.80418,33.00487],[71.83515,33.02398],[71.84825,33.04731],[71.86832,33.05276],[71.90716,33.04445],[71.96468,33.09663],[72.04764,33.11702],[72.09277,33.12318],[72.1172,33.11237],[72.17142,33.10325],[72.19635,33.13214],[72.19757,33.16187],[72.25197,33.13291],[72.2774,33.14518],[72.29648,33.12874],[72.34598,33.13939],[72.37444,33.1303],[72.43045,33.14121],[72.47086,33.14316],[72.50478,33.16655],[72.50919,33.18929],[72.53934,33.21255],[72.57703,33.20839],[72.58898,33.18916],[72.63627,33.19018],[72.65026,33.25327],[72.67934,33.2949],[72.69605,33.3324],[72.72879,33.3829],[72.77246,33.3964],[72.77431,33.44256],[72.82558,33.46395],[72.86776,33.47458],[72.88736,33.46211],[72.92083,33.48642],[72.90033,33.51799],[72.85597,33.53179],[72.84442,33.56124],[72.81605,33.56893],[72.82234,33.60095],[72.79874,33.6375],[72.74302,33.63644],[72.74578,33.66544],[72.7305,33.68974],[72.75534,33.69689],[72.70101,33.745],[72.70377,33.77503],[72.68492,33.80821],[72.7117,33.82247],[72.73026,33.85589],[72.74854,33.865],[72.78063,33.84321],[72.78924,33.80699],[72.81375,33.80094],[72.8219,33.82908],[72.83274,33.88729],[72.79423,33.88706],[72.77015,33.91527],[72.78236,33.94179],[72.76227,33.95366],[72.70512,33.90569],[72.70889,33.88232],[72.64414,33.85751],[72.63377,33.88021],[72.60805,33.89153],[72.65256,33.9311],[72.63396,33.94431],[72.55883,33.95956],[72.54918,33.99383]]]]}},{"type":"Feature","properties":{"province_name":"Punjab","district_name":"Bahawalnagar","district_code":"PK602","area_km2":8602.170386856105},"geometry":{"type":"MultiPolygon","coordinates":[[[[73.92427,30.32961],[73.89782,30.3376],[73.85559,30.31123],[73.80446,30.32488],[73.77402,30.31636],[73.77257,30.28662],[73.73185,30.26662],[73.70105,30.27547],[73.68426,30.26732],[73.66293,30.28105],[73.6255,30.27819],[73.56249,30.25527],[73.53013,30.25973],[73.4809,30.21718],[73.45527,30.22011],[73.45823,30.18306],[73.44356,30.15765],[73.41502,30.17355],[73.40643,30.15611],[73.37597,30.14909],[73.37759,30.09694],[73.30717,30.1128],[73.27219,30.11071],[73.23364,30.09276],[73.21805,30.06673],[73.16452,30.07454],[73.14841,30.05417],[73.08342,30.02438],[73.04021,30.04033],[73.01639,30.02708],[73.02815,29.99993],[73.00716,29.98476],[73.01771,29.96419],[72.97099,29.96313],[72.94067,29.96549],[72.92165,29.99512],[72.88671,29.99548],[72.85495,29.94971],[72.83726,29.95339],[72.82011,29.98019],[72.77944,29.97825],[72.7621,29.95969],[72.77223,29.93779],[72.7571,29.91888],[72.70766,29.92257],[72.6779,29.85885],[72.65387,29.87395],[72.61015,29.85317],[72.6022,29.84099],[72.56784,29.84002],[72.56252,29.80866],[72.55656,29.77622],[72.56814,29.7327],[72.62267,29.69028],[72.64341,29.6843],[72.64379,29.65019],[72.66009,29.65229],[72.6813,29.6296],[72.667,29.59556],[72.69679,29.59071],[72.71942,29.56175],[72.69894,29.54576],[72.72579,29.52836],[72.72632,29.46601],[72.70216,29.45523],[72.69498,29.43612],[72.63541,29.40836],[72.63424,29.36927],[72.64512,29.34419],[72.68165,29.32631],[72.70353,29.33913],[72.71921,29.30317],[72.74283,29.312],[72.75848,29.28834],[72.70756,29.29194],[72.68733,29.26844],[72.71305,29.24302],[72.73708,29.24845],[72.73786,29.21678],[72.70853,29.21633],[72.68376,29.20531],[72.6309,29.22226],[72.61305,29.24157],[72.57406,29.24194],[72.51143,29.23206],[72.46515,29.20275],[72.38626,29.20378],[72.36754,29.19892],[72.32874,29.23224],[72.30003,29.21847],[72.2793,29.21962],[72.26492,29.19111],[72.26436,29.15699],[72.27802,29.14604],[72.28356,29.11796],[72.27555,29.09482],[72.29686,29.08987],[72.2987,29.06507],[72.36014,29.08883],[72.40605,29.02683],[72.42637,28.98642],[72.44656,28.91353],[72.49,28.81439],[72.57699,28.86224],[72.73019,28.95012],[72.91496,29.02024],[72.94442,29.0341],[73.00574,29.15677],[73.0966,29.25538],[73.13201,29.31868],[73.21436,29.4522],[73.27481,29.55616],[73.28586,29.5849],[73.34665,29.77646],[73.39652,29.93901],[73.40829,29.94754],[73.57822,30.01012],[73.77041,30.05809],[73.80391,30.06986],[73.84249,30.10515],[73.96526,30.1913],[73.96896,30.20155],[73.95667,30.27748],[73.92427,30.32961]]]]}},{"type":"Feature","properties":{"province_name":"Punjab","district_name":"Bahawalpur","district_code":"PK603","area_km2":23989.7543361468},"geometry":{"type":"MultiPolygon","coordinates":[[[[72.56252,29.80866],[72.54181,29.81037],[72.52919,29.83181],[72.50245,29.83612],[72.45542,29.82884],[72.39555,29.86336],[72.36675,29.837],[72.33449,29.84356],[72.28206,29.80466],[72.24434,29.80991],[72.20916,29.75932],[72.24472,29.72254],[72.23637,29.70684],[72.191,29.70915],[72.1784,29.64795],[72.16447,29.62064],[72.12509,29.59404],[72.09271,29.60177],[72.07069,29.58808],[72.07327,29.55651],[72.04963,29.55125],[72.01583,29.5723],[72.00734,29.55056],[71.98539,29.54617],[71.91168,29.56451],[71.90924,29.53166],[71.87183,29.54494],[71.81868,29.53409],[71.80115,29.50985],[71.77727,29.50259],[71.74777,29.52897],[71.71192,29.48137],[71.69298,29.48373],[71.62956,29.4718],[71.61159,29.4385],[71.58244,29.44403],[71.57062,29.42779],[71.5434,29.43097],[71.5167,29.44885],[71.50383,29.41019],[71.47866,29.39769],[71.45387,29.40135],[71.43273,29.41836],[71.39194,29.41129],[71.38128,29.39145],[71.35455,29.42322],[71.3324,29.44557],[71.23861,29.44594],[71.23067,29.47991],[71.21667,29.4825],[71.16208,29.46897],[71.09283,29.43094],[71.06105,29.44277],[71.03608,29.41535],[71.03743,29.38669],[70.99898,29.36742],[70.9716,29.36236],[70.95956,29.34641],[70.9352,29.34763],[70.91472,29.31838],[70.95005,29.30023],[70.94577,29.26969],[70.91746,29.28183],[70.91493,29.24129],[70.91113,29.20819],[70.91708,29.18165],[70.95187,29.10501],[70.98441,29.08222],[71.00312,29.08888],[71.0213,29.12948],[71.045,29.14645],[71.07789,29.14994],[71.08743,29.06791],[71.06387,29.05078],[71.06404,29.025],[71.04573,29.00916],[71.06122,28.98261],[71.05229,28.96706],[71.06159,28.93463],[71.04528,28.9223],[71.06018,28.89061],[71.04652,28.81872],[71.02031,28.75959],[70.98597,28.69933],[70.95258,28.57733],[70.9481,28.54415],[70.95128,28.47953],[70.97054,28.37742],[70.9676,28.28838],[70.97463,28.23447],[70.99663,28.16918],[71.02534,28.12896],[71.03907,28.07763],[71.06132,28.0157],[71.07347,27.94729],[71.09067,27.90236],[71.09853,27.82272],[71.1058,27.79313],[71.22108,27.84276],[71.35252,27.86608],[71.58549,27.87685],[71.67488,27.88552],[71.89957,27.9642],[71.92227,28.11397],[71.99203,28.20356],[72.01914,28.2275],[72.12421,28.30395],[72.15143,28.33337],[72.18443,28.358],[72.20885,28.39998],[72.30196,28.66482],[72.32982,28.70384],[72.39619,28.77465],[72.41142,28.78622],[72.49,28.81439],[72.44656,28.91353],[72.42637,28.98642],[72.40605,29.02683],[72.36014,29.08883],[72.2987,29.06507],[72.29686,29.08987],[72.27555,29.09482],[72.28356,29.11796],[72.27802,29.14604],[72.26436,29.15699],[72.26492,29.19111],[72.2793,29.21962],[72.30003,29.21847],[72.32874,29.23224],[72.36754,29.19892],[72.38626,29.20378],[72.46515,29.20275],[72.51143,29.23206],[72.57406,29.24194],[72.61305,29.24157],[72.6309,29.22226],[72.68376,29.20531],[72.70853,29.21633],[72.73786,29.21678],[72.73708,29.24845],[72.71305,29.24302],[72.68733,29.26844],[72.70756,29.29194],[72.75848,29.28834],[72.74283,29.312],[72.71921,29.30317],[72.70353,29.33913],[72.68165,29.32631],[72.64512,29.34419],[72.63424,29.36927],[72.63541,29.40836],[72.69498,29.43612],[72.70216,29.45523],[72.72632,29.46601],[72.72579,29.52836],[72.69894,29.54576],[72.71942,29.56175],[72.69679,29.59071],[72.667,29.59556],[72.6813,29.6296],[72.66009,29.65229],[72.64379,29.65019],[72.64341,29.6843],[72.62267,29.69028],[72.56814,29.7327],[72.55656,29.77622],[72.56252,29.80866]]]]}},{"type":"Feature","properties":{"province_name":"Punjab","district_name":"Bhakkar","district_code":"PK604","area_km2":8477.596948414808},"geometry":{"type":"MultiPolygon","coordinates":[[[[71.72838,32.19879],[71.66283,32.19174],[71.61367,32.19602],[71.52389,32.22156],[71.47301,32.19681],[71.43297,32.19526],[71.38122,32.20529],[71.33589,32.20224],[71.32112,32.17393],[71.26656,32.18892],[71.24419,32.20195],[71.22809,32.17924],[71.19862,32.18739],[71.17431,32.20497],[71.17298,32.19094],[71.14658,32.16021],[71.11216,32.16092],[71.10239,32.13321],[71.11359,32.10797],[71.10236,32.08987],[71.08841,32.03947],[71.06919,32.0329],[71.07101,31.95022],[71.06062,31.88183],[71.03546,31.86793],[71.01714,31.80751],[70.99673,31.77697],[70.98103,31.77372],[70.93193,31.69662],[70.90771,31.68209],[70.88254,31.63785],[70.88327,31.61238],[70.89947,31.59039],[70.86936,31.54725],[70.90202,31.52224],[70.8763,31.50907],[70.89249,31.48784],[70.88438,31.44847],[70.8717,31.42667],[70.84248,31.42483],[70.83541,31.38301],[70.87033,31.37621],[70.91609,31.41139],[70.93241,31.37894],[70.97387,31.37697],[70.99996,31.38472],[71.09376,31.38153],[71.13814,31.36187],[71.19667,31.36348],[71.19292,31.3124],[71.25626,31.23117],[71.28262,31.23664],[71.29333,31.17568],[71.30539,31.14948],[71.32281,31.14045],[71.34847,31.14684],[71.44379,31.15254],[71.47232,31.17092],[71.49981,31.22827],[71.53841,31.24266],[71.59782,31.23595],[71.63249,31.22039],[71.6877,31.17488],[71.72204,31.1792],[71.7621,31.17374],[71.76426,31.15718],[71.79052,31.18424],[71.80304,31.23185],[71.84472,31.24525],[71.87159,31.26373],[71.91146,31.26821],[71.99081,31.2531],[72.01031,31.27026],[72.0239,31.33119],[72.02084,31.37671],[72.01039,31.42028],[72.00343,31.48351],[71.97847,31.49388],[71.98891,31.53142],[71.93694,31.55552],[71.92334,31.58728],[71.90068,31.6025],[71.85976,31.61485],[71.80678,31.66309],[71.77537,31.67635],[71.75437,31.69595],[71.74912,31.75314],[71.73309,31.77188],[71.71544,31.81227],[71.62621,31.84625],[71.64467,31.88009],[71.67183,31.88636],[71.71891,31.95509],[71.71198,31.98958],[71.76932,32.04697],[71.77881,32.13868],[71.75139,32.17741],[71.72838,32.19879]]]]}},{"type":"Feature","properties":{"province_name":"Punjab","district_name":"Chakwal","district_code":"PK605","area_km2":6499.9922171558665},"geometry":{"type":"MultiPolygon","coordinates":[[[[72.63627,33.19018],[72.58898,33.18916],[72.57703,33.20839],[72.53934,33.21255],[72.50919,33.18929],[72.50478,33.16655],[72.47086,33.14316],[72.43045,33.14121],[72.37444,33.1303],[72.34598,33.13939],[72.29648,33.12874],[72.2774,33.14518],[72.25197,33.13291],[72.19757,33.16187],[72.19635,33.13214],[72.17142,33.10325],[72.1172,33.11237],[72.09277,33.12318],[72.04764,33.11702],[71.96468,33.09663],[71.90716,33.04445],[71.86832,33.05276],[71.84825,33.04731],[71.83515,33.02398],[71.80418,33.00487],[71.83143,33.00266],[71.87825,32.9831],[71.88601,32.92933],[71.91454,32.86345],[71.96879,32.83501],[71.97407,32.80457],[71.95398,32.79719],[71.89266,32.75607],[71.89744,32.69314],[71.91312,32.67003],[71.89059,32.65731],[71.92537,32.60893],[71.92264,32.58468],[71.93777,32.57118],[71.93177,32.54625],[71.95063,32.53388],[71.96112,32.55511],[71.9819,32.5569],[71.98625,32.58052],[72.04639,32.59956],[72.07357,32.62005],[72.12021,32.6339],[72.15508,32.66667],[72.16451,32.70342],[72.23575,32.70114],[72.29026,32.69098],[72.34092,32.69475],[72.34951,32.67837],[72.3887,32.65406],[72.38859,32.63128],[72.43298,32.61892],[72.44049,32.63477],[72.47673,32.66476],[72.50913,32.66763],[72.5672,32.662],[72.5651,32.63836],[72.60382,32.59924],[72.65265,32.59481],[72.72763,32.61202],[72.74433,32.63278],[72.73324,32.65287],[72.73473,32.68591],[72.77498,32.6951],[72.80971,32.66178],[72.833,32.66558],[72.87234,32.63964],[72.88964,32.65331],[72.93496,32.65684],[72.94066,32.6692],[72.97888,32.66367],[73.01062,32.70052],[73.0503,32.68935],[73.06972,32.67196],[73.08929,32.69653],[73.15475,32.72448],[73.15743,32.73945],[73.21232,32.7293],[73.24769,32.75985],[73.24019,32.79436],[73.22081,32.81497],[73.11527,32.83279],[73.15191,32.8683],[73.15336,32.90303],[73.20512,32.9456],[73.21476,32.98336],[73.18932,33.013],[73.18642,33.04126],[73.19604,33.08023],[73.21026,33.09275],[73.20339,33.09792],[73.1313,33.09434],[73.11791,33.07408],[73.08439,33.09777],[73.06789,33.07778],[73.03491,33.06438],[73.02588,33.08694],[72.98373,33.11247],[72.94936,33.11479],[72.93574,33.13123],[72.9254,33.16939],[72.87703,33.16824],[72.85493,33.16014],[72.81201,33.1589],[72.76791,33.1894],[72.72305,33.19303],[72.71007,33.21269],[72.66203,33.2125],[72.63627,33.19018]]]]}},{"type":"Feature","properties":{"province_name":"Punjab","district_name":"Chiniot","district_code":"PK606","area_km2":2608.4035258263625},"geometry":{"type":"MultiPolygon","coordinates":[[[[73.16694,31.8913],[73.15584,31.9137],[73.10486,31.92781],[73.04863,31.93395],[73.00688,31.95586],[72.96959,31.95821],[72.94747,31.97708],[72.93699,31.93754],[72.89498,31.91238],[72.92588,31.88841],[72.97215,31.8825],[72.98462,31.87034],[72.96744,31.84143],[72.94954,31.8515],[72.91033,31.84215],[72.89531,31.87376],[72.86574,31.86429],[72.8393,31.83152],[72.81279,31.84172],[72.78072,31.83397],[72.74369,31.81308],[72.71564,31.80586],[72.67889,31.77792],[72.64313,31.77712],[72.56856,31.76556],[72.51717,31.72399],[72.50541,31.68735],[72.46307,31.6658],[72.43451,31.66267],[72.43604,31.60342],[72.46087,31.57917],[72.45902,31.54049],[72.52796,31.50134],[72.56694,31.45441],[72.59266,31.47117],[72.61947,31.46395],[72.62108,31.4161],[72.65833,31.39983],[72.66669,31.38065],[72.70642,31.36501],[72.73835,31.37815],[72.81171,31.37542],[72.85329,31.43285],[72.88422,31.4927],[72.94334,31.53587],[73.02398,31.57098],[73.05366,31.5886],[73.09328,31.62902],[73.13415,31.70593],[73.23,31.78703],[73.20557,31.82469],[73.18818,31.82939],[73.15583,31.85642],[73.16694,31.8913]]]]}},{"type":"Feature","properties":{"province_name":"Punjab","district_name":"Dera Ghazi Khan","district_code":"PK607","area_km2":11761.994760351785},"geometry":{"type":"MultiPolygon","coordinates":[[[[70.77474,31.30574],[70.74503,31.31688],[70.74044,31.33297],[70.70475,31.33798],[70.68083,31.31877],[70.63448,31.31761],[70.55842,31.34015],[70.52039,31.30475],[70.45022,31.29405],[70.405,31.21261],[70.40454,31.19983],[70.30988,31.17481],[70.28751,31.1655],[70.29274,31.15946],[70.29438,31.09524],[70.26997,31.04026],[70.26466,30.99994],[70.26376,30.92529],[70.25256,30.88283],[70.2707,30.85999],[70.26717,30.84529],[70.2268,30.84311],[70.21577,30.79021],[70.2011,30.77771],[70.17068,30.77626],[70.15865,30.73993],[70.11191,30.73913],[70.08872,30.6975],[70.09489,30.64182],[70.08563,30.59292],[70.03894,30.49549],[69.99777,30.44563],[69.99345,30.38118],[69.96117,30.32264],[69.95909,30.29786],[69.98406,30.29376],[69.97132,30.26256],[69.98237,30.25075],[70.01242,30.27739],[70.05992,30.27506],[70.0762,30.26242],[70.05165,30.22989],[70.02417,30.22197],[70.01506,30.18991],[69.99713,30.17901],[69.98554,30.13951],[69.98754,30.10607],[69.97966,30.07675],[69.9407,30.03596],[69.92247,30.00171],[69.89251,29.91481],[69.87768,29.89879],[69.90816,29.86164],[70.00653,29.83335],[70.06127,29.8245],[70.10767,29.80367],[70.11633,29.78563],[70.1615,29.75306],[70.22656,29.73765],[70.34707,29.73323],[70.39288,29.69394],[70.39792,29.66441],[70.42842,29.64049],[70.43451,29.61974],[70.48393,29.63471],[70.53803,29.67031],[70.57589,29.73878],[70.57793,29.77374],[70.60821,29.8037],[70.66096,29.80285],[70.68378,29.78801],[70.69164,29.76845],[70.68534,29.74361],[70.72182,29.66632],[70.74266,29.71831],[70.7983,29.79577],[70.81557,29.80577],[70.84225,29.84207],[70.85515,29.89181],[70.83044,29.91178],[70.8517,29.93485],[70.88354,29.93784],[70.86433,30.01998],[70.86363,30.04721],[70.8859,30.05495],[70.8572,30.10213],[70.8476,30.12928],[70.84083,30.20014],[70.80422,30.23887],[70.82603,30.2652],[70.81877,30.31256],[70.82291,30.36132],[70.83309,30.39662],[70.81817,30.45345],[70.80126,30.45522],[70.79267,30.49105],[70.80441,30.51391],[70.79315,30.55839],[70.81452,30.57391],[70.80152,30.59228],[70.81222,30.61729],[70.79777,30.62755],[70.79549,30.65351],[70.79227,30.67134],[70.79478,30.7542],[70.783,30.76996],[70.74321,30.7762],[70.74516,30.8462],[70.76989,30.84443],[70.78882,30.87827],[70.76768,30.88329],[70.75918,30.92019],[70.79333,30.94691],[70.79061,30.97494],[70.76173,30.97361],[70.78096,31.00587],[70.77617,31.03036],[70.77993,31.1089],[70.79546,31.10386],[70.79041,31.15422],[70.77726,31.18844],[70.778,31.22086],[70.79396,31.28197],[70.76283,31.28466],[70.77474,31.30574]]]]}},{"type":"Feature","properties":{"province_name":"Punjab","district_name":"Faisalabad","district_code":"PK608","area_km2":5965.6641368361325},"geometry":{"type":"MultiPolygon","coordinates":[[[[73.29195,31.76531],[73.24045,31.76403],[73.23,31.78703],[73.13415,31.70593],[73.09328,31.62902],[73.05366,31.5886],[73.02398,31.57098],[72.94334,31.53587],[72.88422,31.4927],[72.85329,31.43285],[72.81171,31.37542],[72.80486,31.3318],[72.83972,31.29581],[72.85464,31.27177],[72.82267,31.22623],[72.77374,31.19694],[72.77614,31.11991],[72.76746,31.10101],[72.81726,31.06725],[72.813,31.0298],[72.80052,31.02735],[72.79538,30.99047],[72.77379,30.97586],[72.76894,30.94432],[72.73613,30.93669],[72.72658,30.90821],[72.71054,30.9018],[72.70413,30.8771],[72.77296,30.83975],[72.76005,30.81881],[72.77013,30.80037],[72.74368,30.78637],[72.73013,30.76582],[72.73857,30.7425],[72.78288,30.73971],[72.78813,30.75251],[72.82386,30.74628],[72.8367,30.72596],[72.79412,30.71273],[72.78343,30.68016],[72.86275,30.68909],[72.9063,30.67487],[72.92938,30.69733],[72.91881,30.73764],[72.94419,30.75654],[72.9807,30.77172],[73.03556,30.78021],[73.05453,30.8087],[73.07187,30.79624],[73.11568,30.81173],[73.13927,30.82945],[73.13311,30.87011],[73.16017,30.86638],[73.1734,30.89868],[73.22709,30.91011],[73.23772,30.93013],[73.26752,30.93864],[73.29661,30.97405],[73.34902,30.98492],[73.39002,31.02245],[73.40023,31.09148],[73.44076,31.11562],[73.43281,31.13474],[73.45173,31.16872],[73.49595,31.19188],[73.51257,31.18533],[73.55583,31.20957],[73.57097,31.23619],[73.60728,31.25312],[73.64547,31.28137],[73.67166,31.33197],[73.66329,31.36598],[73.68065,31.38696],[73.65359,31.45928],[73.60698,31.44458],[73.57475,31.45126],[73.5407,31.42765],[73.50958,31.42855],[73.46501,31.47016],[73.48095,31.48929],[73.48566,31.53753],[73.46333,31.54685],[73.45072,31.56913],[73.45728,31.60366],[73.44552,31.63159],[73.37429,31.65928],[73.36413,31.72055],[73.32912,31.71727],[73.28958,31.73894],[73.29195,31.76531]]]]}},{"type":"Feature","properties":{"province_name":"Punjab","district_name":"Gujranwala","district_code":"PK609","area_km2":3637.591264871516},"geometry":{"type":"MultiPolygon","coordinates":[[[[74.5588,32.04472],[74.5267,32.06352],[74.50295,32.09196],[74.51482,32.10363],[74.48936,32.12265],[74.49063,32.14867],[74.4455,32.16035],[74.37893,32.16597],[74.3283,32.20822],[74.32297,32.24633],[74.25647,32.2624],[74.23531,32.29064],[74.2433,32.3101],[74.22559,32.35152],[74.22164,32.38733],[74.20239,32.40177],[74.20972,32.41806],[74.19747,32.4569],[74.20699,32.47642],[74.20976,32.55367],[74.17025,32.54718],[74.1675,32.53292],[74.12986,32.51501],[74.11458,32.49649],[74.0578,32.48423],[74.03047,32.46471],[73.99635,32.42472],[73.89708,32.39832],[73.83913,32.39042],[73.80344,32.37045],[73.78679,32.37365],[73.75557,32.34303],[73.731,32.36231],[73.67662,32.3399],[73.687,32.29315],[73.70651,32.25354],[73.73221,32.22402],[73.72698,32.20955],[73.76856,32.17669],[73.77741,32.15737],[73.8031,32.13861],[73.79377,32.07446],[73.829,32.05483],[73.82414,32.01712],[73.80561,31.98445],[73.83079,31.95776],[73.85848,31.95328],[73.87588,31.92967],[73.8543,31.90228],[73.88199,31.87629],[73.88382,31.85223],[73.94762,31.83708],[74.00014,31.83082],[74.04161,31.84062],[74.07534,31.82092],[74.13402,31.82189],[74.18634,31.85237],[74.20415,31.88471],[74.30141,31.88519],[74.31164,31.89759],[74.35826,31.88871],[74.39991,31.9218],[74.43532,31.95952],[74.46371,31.96647],[74.47549,32.00114],[74.51066,32.00438],[74.52374,32.02259],[74.5588,32.04472]]]]}},{"type":"Feature","properties":{"province_name":"Punjab","district_name":"Gujrat","district_code":"PK610","area_km2":3182.968889622696},"geometry":{"type":"MultiPolygon","coordinates":[[[[74.44193,32.79192],[74.41223,32.77444],[74.37166,32.77111],[74.35056,32.78222],[74.33278,32.81556],[74.31499,32.81889],[74.18915,32.87833],[74.07777,32.92777],[74.02721,32.9411],[73.98638,32.96166],[73.9422,33.02193],[73.8911,33.0375],[73.82544,33.01335],[73.80582,33.00889],[73.79616,32.98623],[73.73011,32.92177],[73.66316,32.87449],[73.63339,32.84169],[73.61126,32.78225],[73.59028,32.74746],[73.63047,32.69614],[73.6634,32.69217],[73.674,32.6452],[73.6963,32.62733],[73.72751,32.61714],[73.73189,32.59393],[73.76374,32.57348],[73.79322,32.56927],[73.78635,32.51075],[73.82007,32.47983],[73.85829,32.46478],[73.88534,32.43837],[73.89708,32.39832],[73.99635,32.42472],[74.03047,32.46471],[74.0578,32.48423],[74.11458,32.49649],[74.12986,32.51501],[74.1675,32.53292],[74.17025,32.54718],[74.20976,32.55367],[74.23517,32.57421],[74.27995,32.59121],[74.33622,32.59194],[74.45487,32.67375],[74.4649,32.70296],[74.45954,32.72743],[74.43914,32.73112],[74.45326,32.77672],[74.44193,32.79192]]]]}},{"type":"Feature","properties":{"province_name":"Punjab","district_name":"Hafizabad","district_code":"PK611","area_km2":2285.7120275883312},"geometry":{"type":"MultiPolygon","coordinates":[[[[73.80561,31.98445],[73.82414,32.01712],[73.829,32.05483],[73.79377,32.07446],[73.8031,32.13861],[73.77741,32.15737],[73.76856,32.17669],[73.72698,32.20955],[73.73221,32.22402],[73.70651,32.25354],[73.687,32.29315],[73.67662,32.3399],[73.59542,32.30239],[73.5452,32.28708],[73.51418,32.26582],[73.50748,32.23963],[73.48087,32.24173],[73.43555,32.18509],[73.39186,32.16985],[73.37716,32.15637],[73.30803,32.12211],[73.26139,32.08249],[73.26134,32.05766],[73.22756,32.02913],[73.23542,31.99948],[73.20031,31.96609],[73.17989,31.90272],[73.16694,31.8913],[73.15583,31.85642],[73.18818,31.82939],[73.20557,31.82469],[73.23,31.78703],[73.24045,31.76403],[73.29195,31.76531],[73.32492,31.77078],[73.35111,31.79276],[73.39247,31.80279],[73.40777,31.82012],[73.44489,31.80763],[73.46568,31.841],[73.48518,31.82949],[73.51643,31.80997],[73.55234,31.84022],[73.57483,31.88381],[73.59483,31.86944],[73.61748,31.87937],[73.64531,31.8763],[73.65907,31.892],[73.69131,31.89234],[73.71921,31.92209],[73.76763,31.96284],[73.80561,31.98445]]]]}},{"type":"Feature","properties":{"province_name":"Punjab","district_name":"Jhang","district_code":"PK612","area_km2":6354.45644079229},"geometry":{"type":"MultiPolygon","coordinates":[[[[72.43451,31.66267],[72.36916,31.65311],[72.37261,31.62666],[72.28803,31.5874],[72.2809,31.56469],[72.25817,31.56581],[72.24264,31.59472],[72.2773,31.63142],[72.30709,31.64937],[72.35844,31.71335],[72.30739,31.75131],[72.26897,31.7656],[72.24793,31.74744],[72.21156,31.7592],[72.20136,31.73837],[72.17123,31.7337],[72.14564,31.74995],[72.09882,31.68679],[72.07605,31.66741],[72.02931,31.6141],[72.02366,31.56909],[71.98891,31.53142],[71.97847,31.49388],[72.00343,31.48351],[72.01039,31.42028],[72.02084,31.37671],[72.0239,31.33119],[72.01031,31.27026],[71.99081,31.2531],[71.91146,31.26821],[71.87159,31.26373],[71.84472,31.24525],[71.80304,31.23185],[71.79052,31.18424],[71.76426,31.15718],[71.77207,31.12672],[71.81538,31.05455],[71.81113,31.02037],[71.79231,31.002],[71.77617,30.96934],[71.82346,30.92945],[71.80991,30.90619],[71.81577,30.88145],[71.85327,30.86759],[71.82633,30.83888],[71.7978,30.83142],[71.79948,30.80807],[71.78246,30.79183],[71.75292,30.79197],[71.72955,30.75336],[71.70541,30.74454],[71.69955,30.70452],[71.67169,30.68839],[71.66851,30.63679],[71.65566,30.62023],[71.68666,30.60219],[71.69949,30.58436],[71.72669,30.5782],[71.76822,30.59762],[71.79558,30.63824],[71.86491,30.67595],[71.8955,30.68296],[71.91984,30.66453],[71.93409,30.68077],[71.99237,30.66862],[71.9998,30.68953],[72.05282,30.71861],[72.1313,30.73046],[72.18643,30.71237],[72.22728,30.71669],[72.23559,30.73202],[72.28155,30.71962],[72.32324,30.72295],[72.34789,30.73957],[72.34984,30.77025],[72.34091,30.79599],[72.30966,30.81226],[72.28703,30.83959],[72.24529,30.84997],[72.27448,30.89265],[72.31259,30.9],[72.35416,30.94794],[72.35665,30.97277],[72.3723,30.98694],[72.37982,31.02225],[72.43309,31.05151],[72.43916,31.10974],[72.48357,31.12568],[72.50012,31.18297],[72.48533,31.20773],[72.49716,31.22366],[72.51965,31.21751],[72.54943,31.22585],[72.5729,31.24834],[72.68226,31.23761],[72.75245,31.27607],[72.80486,31.3318],[72.81171,31.37542],[72.73835,31.37815],[72.70642,31.36501],[72.66669,31.38065],[72.65833,31.39983],[72.62108,31.4161],[72.61947,31.46395],[72.59266,31.47117],[72.56694,31.45441],[72.52796,31.50134],[72.45902,31.54049],[72.46087,31.57917],[72.43604,31.60342],[72.43451,31.66267]]]]}},{"type":"Feature","properties":{"province_name":"Punjab","district_name":"Jhelum","district_code":"PK613","area_km2":3580.274218080692},"geometry":{"type":"MultiPolygon","coordinates":[[[[73.80582,33.00889],[73.77394,33.02333],[73.75027,33.05305],[73.62831,33.09471],[73.63179,33.13594],[73.66858,33.15799],[73.66706,33.21531],[73.62324,33.24404],[73.6236,33.25527],[73.59115,33.23594],[73.5576,33.22685],[73.48075,33.2252],[73.45798,33.2467],[73.43286,33.23655],[73.4351,33.21971],[73.39944,33.18192],[73.37797,33.17256],[73.39544,33.14188],[73.36126,33.10208],[73.33879,33.11135],[73.24228,33.09013],[73.21026,33.09275],[73.19604,33.08023],[73.18642,33.04126],[73.18932,33.013],[73.21476,32.98336],[73.20512,32.9456],[73.15336,32.90303],[73.15191,32.8683],[73.11527,32.83279],[73.22081,32.81497],[73.24019,32.79436],[73.24769,32.75985],[73.21232,32.7293],[73.15743,32.73945],[73.15475,32.72448],[73.08929,32.69653],[73.06972,32.67196],[73.0503,32.68935],[73.01062,32.70052],[72.97888,32.66367],[72.94066,32.6692],[72.93496,32.65684],[72.88964,32.65331],[72.87234,32.63964],[72.833,32.66558],[72.80971,32.66178],[72.77498,32.6951],[72.73473,32.68591],[72.73324,32.65287],[72.74433,32.63278],[72.72763,32.61202],[72.65265,32.59481],[72.65212,32.55046],[72.64325,32.53114],[72.66707,32.46537],[72.65136,32.45745],[72.66018,32.42399],[72.71525,32.41654],[72.75662,32.43564],[72.78703,32.44057],[72.85607,32.46768],[72.87557,32.50387],[72.95041,32.5321],[72.97813,32.55047],[73.02983,32.55183],[73.07677,32.57411],[73.09786,32.57054],[73.17593,32.57717],[73.19456,32.57455],[73.22066,32.57241],[73.28581,32.59472],[73.31967,32.6157],[73.36866,32.61768],[73.40588,32.63075],[73.46327,32.66437],[73.49224,32.67019],[73.57959,32.72765],[73.59028,32.74746],[73.61126,32.78225],[73.63339,32.84169],[73.66316,32.87449],[73.73011,32.92177],[73.79616,32.98623],[73.80582,33.00889]]]]}},{"type":"Feature","properties":{"province_name":"Punjab","district_name":"Kasur","district_code":"PK614","area_km2":4007.408766986351},"geometry":{"type":"MultiPolygon","coordinates":[[[[74.57121,31.34445],[74.53158,31.35842],[74.47115,31.36548],[74.45163,31.35127],[74.44796,31.32184],[74.43213,31.29297],[74.41418,31.29844],[74.2999,31.2849],[74.27354,31.29504],[74.23587,31.26438],[74.2155,31.25733],[74.18706,31.2957],[74.16507,31.2839],[74.14762,31.29944],[74.12742,31.29377],[74.10992,31.26698],[74.07386,31.27513],[74.03466,31.31171],[73.99507,31.30844],[73.97141,31.29489],[73.93666,31.29153],[73.90552,31.26967],[73.91857,31.25369],[73.90441,31.2345],[73.82396,31.21685],[73.81247,31.22565],[73.74258,31.19566],[73.73741,31.17505],[73.69807,31.1699],[73.68341,31.15006],[73.65393,31.13857],[73.67885,31.09865],[73.66221,31.08037],[73.66894,31.05722],[73.71669,31.04035],[73.73068,31.00588],[73.76228,30.99249],[73.75382,30.94757],[73.78657,30.92316],[73.81678,30.93382],[73.84904,30.88527],[73.85819,30.86224],[73.94192,30.85759],[73.94495,30.84466],[74.00043,30.83252],[74.02768,30.79974],[74.06336,30.79598],[74.07589,30.77661],[74.07319,30.75489],[74.11204,30.72256],[74.11988,30.69754],[74.15853,30.65439],[74.16176,30.64161],[74.19684,30.67177],[74.23216,30.71962],[74.25401,30.72304],[74.2737,30.74325],[74.265,30.77278],[74.28756,30.77275],[74.31812,30.82779],[74.31964,30.84357],[74.37199,30.85294],[74.36553,30.88541],[74.41921,30.9117],[74.4207,30.92588],[74.47059,30.96599],[74.5022,30.96479],[74.54848,30.99284],[74.54422,31.01515],[74.55344,31.0626],[74.5717,31.06744],[74.61778,31.02737],[74.63913,31.02112],[74.66212,31.05654],[74.68715,31.06509],[74.67178,31.10005],[74.65068,31.11246],[74.60426,31.11937],[74.58152,31.108],[74.54532,31.13361],[74.53585,31.15423],[74.53364,31.19393],[74.55206,31.25307],[74.55025,31.2947],[74.57121,31.34445]]]]}},{"type":"Feature","properties":{"province_name":"Punjab","district_name":"Khanewal","district_code":"PK615","area_km2":4361.355605652093},"geometry":{"type":"MultiPolygon","coordinates":[[[[72.22728,30.71669],[72.18643,30.71237],[72.1313,30.73046],[72.05282,30.71861],[71.9998,30.68953],[71.99237,30.66862],[71.93409,30.68077],[71.91984,30.66453],[71.8955,30.68296],[71.86491,30.67595],[71.79558,30.63824],[71.76822,30.59762],[71.72669,30.5782],[71.70223,30.54259],[71.66378,30.52215],[71.61558,30.506],[71.5638,30.44956],[71.53743,30.45788],[71.52986,30.43383],[71.56025,30.43668],[71.58862,30.42253],[71.62634,30.38829],[71.62402,30.36854],[71.65555,30.35775],[71.65008,30.32855],[71.71739,30.3067],[71.76533,30.3071],[71.77732,30.29186],[71.76574,30.26496],[71.81655,30.26963],[71.83162,30.24358],[71.80033,30.20545],[71.7863,30.16728],[71.76371,30.14949],[71.74627,30.10347],[71.71651,30.04926],[71.69668,30.04688],[71.64548,30.01226],[71.61918,30.011],[71.57758,29.98725],[71.58694,29.96209],[71.6097,29.92509],[71.63474,29.90814],[71.67776,29.90531],[71.69327,29.94466],[71.73216,29.95232],[71.73498,29.96337],[71.78999,30.02205],[71.81325,30.00596],[71.84084,30.01054],[71.85752,30.03094],[71.87685,30.0262],[71.89891,30.0513],[71.94041,30.03779],[71.9607,30.05264],[71.99001,30.0907],[72.05445,30.07057],[72.08016,30.08111],[72.11745,30.07526],[72.12988,30.10345],[72.15882,30.12203],[72.18743,30.15884],[72.2189,30.15906],[72.24085,30.17966],[72.28911,30.18658],[72.29025,30.20069],[72.32243,30.21599],[72.35056,30.20044],[72.39882,30.218],[72.40208,30.27897],[72.3938,30.2876],[72.40313,30.32359],[72.41765,30.3324],[72.43903,30.37656],[72.43776,30.43508],[72.48323,30.50251],[72.47933,30.54143],[72.49915,30.54759],[72.49722,30.57809],[72.46942,30.59908],[72.44179,30.59876],[72.39746,30.58306],[72.37517,30.56567],[72.3352,30.5737],[72.32525,30.55136],[72.29594,30.55611],[72.26982,30.54827],[72.2469,30.55887],[72.15207,30.57302],[72.18429,30.6434],[72.22728,30.71669]]]]}},{"type":"Feature","properties":{"province_name":"Punjab","district_name":"Khushab","district_code":"PK616","area_km2":6608.338440807578},"geometry":{"type":"MultiPolygon","coordinates":[[[[72.65265,32.59481],[72.60382,32.59924],[72.5651,32.63836],[72.5672,32.662],[72.50913,32.66763],[72.47673,32.66476],[72.44049,32.63477],[72.43298,32.61892],[72.38859,32.63128],[72.3887,32.65406],[72.34951,32.67837],[72.34092,32.69475],[72.29026,32.69098],[72.23575,32.70114],[72.16451,32.70342],[72.15508,32.66667],[72.12021,32.6339],[72.07357,32.62005],[72.04639,32.59956],[71.98625,32.58052],[71.9819,32.5569],[71.96112,32.55511],[71.95063,32.53388],[71.9415,32.52831],[71.88142,32.54375],[71.87368,32.52896],[71.8384,32.52235],[71.83104,32.49824],[71.78668,32.45965],[71.823,32.44025],[71.84416,32.40625],[71.83788,32.38847],[71.80711,32.3624],[71.72561,32.27414],[71.73445,32.2482],[71.71828,32.23924],[71.72838,32.19879],[71.75139,32.17741],[71.77881,32.13868],[71.76932,32.04697],[71.71198,31.98958],[71.71891,31.95509],[71.67183,31.88636],[71.64467,31.88009],[71.62621,31.84625],[71.71544,31.81227],[71.73309,31.77188],[71.74912,31.75314],[71.75437,31.69595],[71.77537,31.67635],[71.80678,31.66309],[71.85976,31.61485],[71.90068,31.6025],[71.92334,31.58728],[71.93694,31.55552],[71.98891,31.53142],[72.02366,31.56909],[72.02931,31.6141],[72.07605,31.66741],[72.09882,31.68679],[72.14564,31.74995],[72.17123,31.7337],[72.20136,31.73837],[72.21156,31.7592],[72.23608,31.7848],[72.24394,31.809],[72.28529,31.86465],[72.25903,31.91205],[72.26909,31.97238],[72.25256,31.99857],[72.28349,32.00849],[72.30936,32.02784],[72.3266,32.0613],[72.32372,32.10375],[72.33008,32.13385],[72.32343,32.15491],[72.3429,32.20714],[72.34382,32.23024],[72.37029,32.25403],[72.39686,32.25791],[72.44022,32.2947],[72.46718,32.29731],[72.47852,32.31901],[72.51352,32.33518],[72.55401,32.36892],[72.58064,32.37116],[72.64762,32.39874],[72.66018,32.42399],[72.65136,32.45745],[72.66707,32.46537],[72.64325,32.53114],[72.65212,32.55046],[72.65265,32.59481]]]]}},{"type":"Feature","properties":{"province_name":"Punjab","district_name":"Lahore","district_code":"PK617","area_km2":1739.608645911653},"geometry":{"type":"MultiPolygon","coordinates":[[[[74.57121,31.34445],[74.59457,31.39709],[74.62534,31.42362],[74.64111,31.4647],[74.61174,31.50619],[74.60089,31.56789],[74.5785,31.6234],[74.52038,31.71657],[74.4837,31.71661],[74.45062,31.69165],[74.41122,31.64301],[74.37111,31.66928],[74.31807,31.64885],[74.30289,31.67326],[74.26471,31.64007],[74.24563,31.56969],[74.21518,31.55205],[74.16498,31.45918],[74.12289,31.44418],[74.09463,31.44423],[74.07291,31.4174],[74.07166,31.3729],[74.03457,31.36575],[74.01865,31.37231],[74.0043,31.35776],[74.03466,31.31171],[74.07386,31.27513],[74.10992,31.26698],[74.12742,31.29377],[74.14762,31.29944],[74.16507,31.2839],[74.18706,31.2957],[74.2155,31.25733],[74.23587,31.26438],[74.27354,31.29504],[74.2999,31.2849],[74.41418,31.29844],[74.43213,31.29297],[74.44796,31.32184],[74.45163,31.35127],[74.47115,31.36548],[74.53158,31.35842],[74.57121,31.34445]]]]}},{"type":"Feature","properties":{"province_name":"Punjab","district_name":"Leiah","district_code":"PK618","area_km2":6415.009005570718},"geometry":{"type":"MultiPolygon","coordinates":[[[[71.76426,31.15718],[71.7621,31.17374],[71.72204,31.1792],[71.6877,31.17488],[71.63249,31.22039],[71.59782,31.23595],[71.53841,31.24266],[71.49981,31.22827],[71.47232,31.17092],[71.44379,31.15254],[71.34847,31.14684],[71.32281,31.14045],[71.30539,31.14948],[71.29333,31.17568],[71.28262,31.23664],[71.25626,31.23117],[71.19292,31.3124],[71.19667,31.36348],[71.13814,31.36187],[71.09376,31.38153],[70.99996,31.38472],[70.97387,31.37697],[70.93241,31.37894],[70.91609,31.41139],[70.87033,31.37621],[70.83541,31.38301],[70.78651,31.35013],[70.77474,31.30574],[70.76283,31.28466],[70.79396,31.28197],[70.778,31.22086],[70.77726,31.18844],[70.79041,31.15422],[70.79546,31.10386],[70.77993,31.1089],[70.77617,31.03036],[70.78096,31.00587],[70.76173,30.97361],[70.79061,30.97494],[70.79333,30.94691],[70.75918,30.92019],[70.76768,30.88329],[70.78882,30.87827],[70.76989,30.84443],[70.74516,30.8462],[70.74321,30.7762],[70.783,30.76996],[70.79478,30.7542],[70.79227,30.67134],[70.79549,30.65351],[70.83931,30.65547],[70.86165,30.66855],[70.90889,30.66426],[70.95466,30.67233],[70.96566,30.65851],[71.00801,30.65486],[71.03707,30.64115],[71.06293,30.65475],[71.1107,30.64958],[71.15276,30.67704],[71.13762,30.70617],[71.16344,30.74108],[71.17255,30.76601],[71.25499,30.76321],[71.2802,30.74835],[71.3128,30.74413],[71.36076,30.70477],[71.37779,30.68379],[71.44479,30.6261],[71.53214,30.58337],[71.58426,30.59146],[71.60228,30.62199],[71.64239,30.60798],[71.65566,30.62023],[71.66851,30.63679],[71.67169,30.68839],[71.69955,30.70452],[71.70541,30.74454],[71.72955,30.75336],[71.75292,30.79197],[71.78246,30.79183],[71.79948,30.80807],[71.7978,30.83142],[71.82633,30.83888],[71.85327,30.86759],[71.81577,30.88145],[71.80991,30.90619],[71.82346,30.92945],[71.77617,30.96934],[71.79231,31.002],[71.81113,31.02037],[71.81538,31.05455],[71.77207,31.12672],[71.76426,31.15718]]]]}},{"type":"Feature","properties":{"province_name":"Punjab","district_name":"Lodhran","district_code":"PK619","area_km2":2668.683468807681},"geometry":{"type":"MultiPolygon","coordinates":[[[[71.73216,29.95232],[71.69327,29.94466],[71.67776,29.90531],[71.63474,29.90814],[71.6097,29.92509],[71.58694,29.96209],[71.56367,29.94689],[71.54267,29.91985],[71.53399,29.88956],[71.49166,29.85211],[71.5093,29.80149],[71.46062,29.80128],[71.42982,29.80853],[71.43018,29.78358],[71.41809,29.7631],[71.44086,29.73725],[71.42622,29.70279],[71.43178,29.67667],[71.42035,29.61444],[71.38114,29.59055],[71.36178,29.56382],[71.35743,29.52485],[71.36783,29.49219],[71.38648,29.47708],[71.35455,29.42322],[71.38128,29.39145],[71.39194,29.41129],[71.43273,29.41836],[71.45387,29.40135],[71.47866,29.39769],[71.50383,29.41019],[71.5167,29.44885],[71.5434,29.43097],[71.57062,29.42779],[71.58244,29.44403],[71.61159,29.4385],[71.62956,29.4718],[71.69298,29.48373],[71.71192,29.48137],[71.74777,29.52897],[71.77727,29.50259],[71.80115,29.50985],[71.81868,29.53409],[71.87183,29.54494],[71.90924,29.53166],[71.91168,29.56451],[71.98539,29.54617],[72.00734,29.55056],[72.01583,29.5723],[72.04963,29.55125],[72.07327,29.55651],[72.07069,29.58808],[72.09271,29.60177],[72.09759,29.66149],[72.05834,29.6545],[72.02883,29.69076],[71.98808,29.70425],[71.98786,29.72838],[71.92995,29.75715],[71.95633,29.77156],[71.96202,29.80014],[71.93849,29.8355],[71.91234,29.84349],[71.88424,29.90588],[71.83489,29.92346],[71.80524,29.90168],[71.7532,29.92193],[71.73216,29.95232]]]]}},{"type":"Feature","properties":{"province_name":"Punjab","district_name":"Mandi Bahauddin","district_code":"PK620","area_km2":2751.362200234398},"geometry":{"type":"MultiPolygon","coordinates":[[[[73.89708,32.39832],[73.88534,32.43837],[73.85829,32.46478],[73.82007,32.47983],[73.78635,32.51075],[73.79322,32.56927],[73.76374,32.57348],[73.73189,32.59393],[73.72751,32.61714],[73.6963,32.62733],[73.674,32.6452],[73.6634,32.69217],[73.63047,32.69614],[73.59028,32.74746],[73.57959,32.72765],[73.49224,32.67019],[73.46327,32.66437],[73.40588,32.63075],[73.36866,32.61768],[73.31967,32.6157],[73.28581,32.59472],[73.22066,32.57241],[73.19456,32.57455],[73.20142,32.53102],[73.1901,32.51623],[73.15363,32.49642],[73.16407,32.46825],[73.14215,32.45803],[73.07553,32.45428],[73.04764,32.42853],[73.04747,32.41205],[73.08071,32.39497],[73.10787,32.34199],[73.08628,32.28658],[73.12682,32.30037],[73.15481,32.24053],[73.19373,32.2381],[73.21705,32.26436],[73.25341,32.20326],[73.25768,32.16932],[73.30803,32.12211],[73.37716,32.15637],[73.39186,32.16985],[73.43555,32.18509],[73.48087,32.24173],[73.50748,32.23963],[73.51418,32.26582],[73.5452,32.28708],[73.59542,32.30239],[73.67662,32.3399],[73.731,32.36231],[73.75557,32.34303],[73.78679,32.37365],[73.80344,32.37045],[73.83913,32.39042],[73.89708,32.39832]]]]}},{"type":"Feature","properties":{"province_name":"Punjab","district_name":"Mianwali","district_code":"PK621","area_km2":5963.860003251937},"geometry":{"type":"MultiPolygon","coordinates":[[[[71.71848,33.05983],[71.6582,33.07349],[71.63726,33.08549],[71.60301,33.13326],[71.60253,33.18422],[71.5529,33.22852],[71.51506,33.21536],[71.45237,33.21978],[71.44458,33.24043],[71.41599,33.22549],[71.40704,33.19381],[71.4305,33.17301],[71.4406,33.12008],[71.42326,33.09326],[71.45605,33.0699],[71.46709,33.0443],[71.45399,33.0165],[71.43221,33.004],[71.4055,33.01036],[71.38508,32.99909],[71.34058,32.99158],[71.31824,33.0167],[71.25487,32.99821],[71.21955,32.9811],[71.18864,32.97553],[71.16549,32.9602],[71.1456,32.92855],[71.14493,32.88805],[71.13369,32.811],[71.11029,32.81003],[71.12167,32.75221],[71.14205,32.7286],[71.13402,32.69484],[71.1676,32.6188],[71.16393,32.59908],[71.2489,32.54451],[71.23196,32.51204],[71.25676,32.49188],[71.27294,32.5088],[71.32348,32.53395],[71.33838,32.50205],[71.35303,32.49855],[71.32713,32.4047],[71.34022,32.37407],[71.329,32.36441],[71.2858,32.36612],[71.21824,32.30739],[71.20457,32.2805],[71.17303,32.25157],[71.16653,32.23153],[71.17431,32.20497],[71.19862,32.18739],[71.22809,32.17924],[71.24419,32.20195],[71.26656,32.18892],[71.32112,32.17393],[71.33589,32.20224],[71.38122,32.20529],[71.43297,32.19526],[71.47301,32.19681],[71.52389,32.22156],[71.61367,32.19602],[71.66283,32.19174],[71.72838,32.19879],[71.71828,32.23924],[71.73445,32.2482],[71.72561,32.27414],[71.80711,32.3624],[71.83788,32.38847],[71.84416,32.40625],[71.823,32.44025],[71.78668,32.45965],[71.83104,32.49824],[71.8384,32.52235],[71.87368,32.52896],[71.88142,32.54375],[71.9415,32.52831],[71.95063,32.53388],[71.93177,32.54625],[71.93777,32.57118],[71.92264,32.58468],[71.92537,32.60893],[71.89059,32.65731],[71.91312,32.67003],[71.89744,32.69314],[71.89266,32.75607],[71.95398,32.79719],[71.97407,32.80457],[71.96879,32.83501],[71.91454,32.86345],[71.88601,32.92933],[71.87825,32.9831],[71.83143,33.00266],[71.80418,33.00487],[71.76707,33.00898],[71.72644,33.02875],[71.71848,33.05983]]]]}},{"type":"Feature","properties":{"province_name":"Punjab","district_name":"Multan","district_code":"PK622","area_km2":3650.1947967961487},"geometry":{"type":"MultiPolygon","coordinates":[[[[71.52986,30.43383],[71.49091,30.43437],[71.48651,30.40434],[71.45847,30.36896],[71.41347,30.34453],[71.40976,30.31197],[71.38772,30.27251],[71.35672,30.23051],[71.31974,30.20521],[71.29566,30.16838],[71.2856,30.1352],[71.28939,30.09648],[71.27911,30.06376],[71.2643,30.05863],[71.25848,30.02899],[71.27609,30.00276],[71.24235,29.98273],[71.21013,29.97974],[71.17255,29.87851],[71.19284,29.87822],[71.19324,29.84075],[71.17528,29.82315],[71.17996,29.79927],[71.16323,29.78039],[71.17523,29.74287],[71.16096,29.72093],[71.1812,29.70154],[71.15313,29.68393],[71.1214,29.68547],[71.11788,29.67035],[71.07462,29.67522],[71.05152,29.65716],[71.04114,29.63203],[71.06123,29.61023],[71.02272,29.57998],[71.02077,29.55108],[71.00582,29.54781],[71.02789,29.4747],[71.0279,29.44521],[71.06105,29.44277],[71.09283,29.43094],[71.16208,29.46897],[71.21667,29.4825],[71.23067,29.47991],[71.23861,29.44594],[71.3324,29.44557],[71.35455,29.42322],[71.38648,29.47708],[71.36783,29.49219],[71.35743,29.52485],[71.36178,29.56382],[71.38114,29.59055],[71.42035,29.61444],[71.43178,29.67667],[71.42622,29.70279],[71.44086,29.73725],[71.41809,29.7631],[71.43018,29.78358],[71.42982,29.80853],[71.46062,29.80128],[71.5093,29.80149],[71.49166,29.85211],[71.53399,29.88956],[71.54267,29.91985],[71.56367,29.94689],[71.58694,29.96209],[71.57758,29.98725],[71.61918,30.011],[71.64548,30.01226],[71.69668,30.04688],[71.71651,30.04926],[71.74627,30.10347],[71.76371,30.14949],[71.7863,30.16728],[71.80033,30.20545],[71.83162,30.24358],[71.81655,30.26963],[71.76574,30.26496],[71.77732,30.29186],[71.76533,30.3071],[71.71739,30.3067],[71.65008,30.32855],[71.65555,30.35775],[71.62402,30.36854],[71.62634,30.38829],[71.58862,30.42253],[71.56025,30.43668],[71.52986,30.43383]]]]}},{"type":"Feature","properties":{"province_name":"Punjab","district_name":"Muzaffargarh","district_code":"PK623","area_km2":7689.326165196479},"geometry":{"type":"MultiPolygon","coordinates":[[[[71.65566,30.62023],[71.64239,30.60798],[71.60228,30.62199],[71.58426,30.59146],[71.53214,30.58337],[71.44479,30.6261],[71.37779,30.68379],[71.36076,30.70477],[71.3128,30.74413],[71.2802,30.74835],[71.25499,30.76321],[71.17255,30.76601],[71.16344,30.74108],[71.13762,30.70617],[71.15276,30.67704],[71.1107,30.64958],[71.06293,30.65475],[71.03707,30.64115],[71.00801,30.65486],[70.96566,30.65851],[70.95466,30.67233],[70.90889,30.66426],[70.86165,30.66855],[70.83931,30.65547],[70.79549,30.65351],[70.79777,30.62755],[70.81222,30.61729],[70.80152,30.59228],[70.81452,30.57391],[70.79315,30.55839],[70.80441,30.51391],[70.79267,30.49105],[70.80126,30.45522],[70.81817,30.45345],[70.83309,30.39662],[70.82291,30.36132],[70.81877,30.31256],[70.82603,30.2652],[70.80422,30.23887],[70.84083,30.20014],[70.8476,30.12928],[70.8572,30.10213],[70.8859,30.05495],[70.86363,30.04721],[70.86433,30.01998],[70.88354,29.93784],[70.8517,29.93485],[70.83044,29.91178],[70.85515,29.89181],[70.84225,29.84207],[70.81557,29.80577],[70.7983,29.79577],[70.74266,29.71831],[70.72182,29.66632],[70.70178,29.64756],[70.71812,29.62503],[70.68265,29.55491],[70.70711,29.53022],[70.69788,29.49137],[70.64894,29.49107],[70.63758,29.47142],[70.63915,29.42058],[70.60959,29.4153],[70.6226,29.39108],[70.61529,29.32667],[70.6276,29.31193],[70.61977,29.28638],[70.5878,29.26284],[70.58,29.2342],[70.56064,29.22795],[70.57969,29.18593],[70.57219,29.15994],[70.57776,29.12087],[70.56095,29.11081],[70.55111,29.07399],[70.54606,29.01703],[70.57582,29.03616],[70.61285,29.04846],[70.61664,29.07932],[70.68341,29.10052],[70.70532,29.15487],[70.75058,29.15942],[70.7907,29.24897],[70.83631,29.23772],[70.85509,29.26591],[70.91493,29.24129],[70.91746,29.28183],[70.94577,29.26969],[70.95005,29.30023],[70.91472,29.31838],[70.9352,29.34763],[70.95956,29.34641],[70.9716,29.36236],[70.99898,29.36742],[71.03743,29.38669],[71.03608,29.41535],[71.06105,29.44277],[71.0279,29.44521],[71.02789,29.4747],[71.00582,29.54781],[71.02077,29.55108],[71.02272,29.57998],[71.06123,29.61023],[71.04114,29.63203],[71.05152,29.65716],[71.07462,29.67522],[71.11788,29.67035],[71.1214,29.68547],[71.15313,29.68393],[71.1812,29.70154],[71.16096,29.72093],[71.17523,29.74287],[71.16323,29.78039],[71.17996,29.79927],[71.17528,29.82315],[71.19324,29.84075],[71.19284,29.87822],[71.17255,29.87851],[71.21013,29.97974],[71.24235,29.98273],[71.27609,30.00276],[71.25848,30.02899],[71.2643,30.05863],[71.27911,30.06376],[71.28939,30.09648],[71.2856,30.1352],[71.29566,30.16838],[71.31974,30.20521],[71.35672,30.23051],[71.38772,30.27251],[71.40976,30.31197],[71.41347,30.34453],[71.45847,30.36896],[71.48651,30.40434],[71.49091,30.43437],[71.52986,30.43383],[71.53743,30.45788],[71.5638,30.44956],[71.61558,30.506],[71.66378,30.52215],[71.70223,30.54259],[71.72669,30.5782],[71.69949,30.58436],[71.68666,30.60219],[71.65566,30.62023]]]]}},{"type":"Feature","properties":{"province_name":"Punjab","district_name":"Nankana Sahib","district_code":"PK624","area_km2":2203.633332298058},"geometry":{"type":"MultiPolygon","coordinates":[[[[74.01865,31.37231],[74.03811,31.40148],[74.02201,31.45373],[73.99823,31.45241],[73.9859,31.47067],[73.94406,31.47259],[73.95273,31.50631],[73.9868,31.52342],[73.98705,31.56107],[73.9511,31.5551],[73.91837,31.59863],[73.90393,31.57574],[73.83889,31.56858],[73.76491,31.5878],[73.7277,31.56551],[73.7234,31.53863],[73.66319,31.50584],[73.64088,31.51223],[73.6259,31.55442],[73.64815,31.59819],[73.66902,31.61167],[73.63368,31.65672],[73.61235,31.67511],[73.62891,31.70232],[73.59218,31.71088],[73.57902,31.69753],[73.55293,31.63434],[73.52255,31.64792],[73.55013,31.66433],[73.55561,31.68178],[73.51096,31.68176],[73.49777,31.6929],[73.47005,31.77603],[73.49407,31.7984],[73.48518,31.82949],[73.46568,31.841],[73.44489,31.80763],[73.40777,31.82012],[73.39247,31.80279],[73.35111,31.79276],[73.32492,31.77078],[73.29195,31.76531],[73.28958,31.73894],[73.32912,31.71727],[73.36413,31.72055],[73.37429,31.65928],[73.44552,31.63159],[73.45728,31.60366],[73.45072,31.56913],[73.46333,31.54685],[73.48566,31.53753],[73.48095,31.48929],[73.46501,31.47016],[73.50958,31.42855],[73.5407,31.42765],[73.57475,31.45126],[73.60698,31.44458],[73.65359,31.45928],[73.68065,31.38696],[73.66329,31.36598],[73.67166,31.33197],[73.64547,31.28137],[73.60728,31.25312],[73.57097,31.23619],[73.55583,31.20957],[73.51257,31.18533],[73.49595,31.19188],[73.45173,31.16872],[73.43281,31.13474],[73.44076,31.11562],[73.40023,31.09148],[73.39002,31.02245],[73.4308,31.04337],[73.43843,31.06683],[73.46599,31.08827],[73.51345,31.09076],[73.55018,31.10619],[73.6112,31.09769],[73.62253,31.13086],[73.65393,31.13857],[73.68341,31.15006],[73.69807,31.1699],[73.73741,31.17505],[73.74258,31.19566],[73.81247,31.22565],[73.82396,31.21685],[73.90441,31.2345],[73.91857,31.25369],[73.90552,31.26967],[73.93666,31.29153],[73.97141,31.29489],[73.99507,31.30844],[74.03466,31.31171],[74.0043,31.35776],[74.01865,31.37231]]]]}},{"type":"Feature","properties":{"province_name":"Punjab","district_name":"Narowal","district_code":"PK625","area_km2":2393.2057684763504},"geometry":{"type":"MultiPolygon","coordinates":[[[[74.69378,31.9188],[74.7092,31.95795],[74.73642,31.93713],[74.78455,31.9396],[74.8078,31.94983],[74.83168,32.0],[74.85095,32.00627],[74.90904,32.04929],[74.9325,32.06031],[74.96032,32.05503],[74.99841,32.02867],[75.05085,32.04131],[75.07363,32.06282],[75.11105,32.06034],[75.12669,32.0743],[75.1719,32.06612],[75.19435,32.08093],[75.20501,32.1156],[75.22271,32.11253],[75.23917,32.08715],[75.27197,32.11275],[75.28327,32.14217],[75.3094,32.15461],[75.32285,32.20132],[75.37476,32.22432],[75.37218,32.27352],[75.33992,32.28857],[75.33042,32.33171],[75.25331,32.38001],[75.23153,32.39919],[75.20025,32.40232],[75.17954,32.42544],[75.14764,32.41338],[75.08263,32.48004],[75.03017,32.49176],[74.98788,32.44956],[74.9489,32.45409],[74.93682,32.46537],[74.93317,32.42891],[74.90329,32.39119],[74.87962,32.38726],[74.85056,32.30305],[74.80444,32.28744],[74.77928,32.29701],[74.7545,32.25442],[74.74061,32.21725],[74.75976,32.19232],[74.75395,32.16033],[74.70781,32.14041],[74.67761,32.1361],[74.62628,32.09622],[74.6226,32.06827],[74.58804,32.06025],[74.59778,32.02983],[74.62476,32.00447],[74.6423,31.9698],[74.65919,31.96995],[74.69378,31.9188]]]]}},{"type":"Feature","properties":{"province_name":"Punjab","district_name":"Okara","district_code":"PK626","area_km2":4455.811253381072},"geometry":{"type":"MultiPolygon","coordinates":[[[[74.16176,30.64161],[74.15853,30.65439],[74.11988,30.69754],[74.11204,30.72256],[74.07319,30.75489],[74.07589,30.77661],[74.06336,30.79598],[74.02768,30.79974],[74.00043,30.83252],[73.94495,30.84466],[73.94192,30.85759],[73.85819,30.86224],[73.84904,30.88527],[73.81678,30.93382],[73.78657,30.92316],[73.75382,30.94757],[73.76228,30.99249],[73.73068,31.00588],[73.71669,31.04035],[73.66894,31.05722],[73.66221,31.08037],[73.67885,31.09865],[73.65393,31.13857],[73.62253,31.13086],[73.6112,31.09769],[73.55018,31.10619],[73.51345,31.09076],[73.46599,31.08827],[73.43843,31.06683],[73.4308,31.04337],[73.39002,31.02245],[73.34902,30.98492],[73.29661,30.97405],[73.26752,30.93864],[73.26818,30.89619],[73.28568,30.86479],[73.27916,30.81449],[73.29194,30.78078],[73.32684,30.78931],[73.36307,30.77286],[73.36819,30.72368],[73.34498,30.69148],[73.37199,30.63602],[73.35698,30.58319],[73.30904,30.5545],[73.30458,30.54092],[73.30683,30.52905],[73.34406,30.51145],[73.37346,30.51265],[73.40727,30.53223],[73.41768,30.56777],[73.44792,30.5866],[73.46421,30.61022],[73.48218,30.60326],[73.46643,30.55087],[73.51902,30.51523],[73.59256,30.50984],[73.63311,30.47844],[73.60396,30.40672],[73.62716,30.39245],[73.6255,30.27819],[73.66293,30.28105],[73.68426,30.26732],[73.70105,30.27547],[73.73185,30.26662],[73.77257,30.28662],[73.77402,30.31636],[73.80446,30.32488],[73.85559,30.31123],[73.89782,30.3376],[73.92427,30.32961],[73.87531,30.36138],[73.87321,30.38344],[73.90342,30.4168],[73.92786,30.42091],[73.93229,30.45846],[73.96268,30.45761],[73.97273,30.48813],[73.98852,30.50456],[74.04024,30.53769],[74.06651,30.52019],[74.09711,30.56379],[74.10421,30.61288],[74.16176,30.64161]]]]}},{"type":"Feature","properties":{"province_name":"Punjab","district_name":"Pakpattan","district_code":"PK627","area_km2":2893.8737258920614},"geometry":{"type":"MultiPolygon","coordinates":[[[[73.6255,30.27819],[73.62716,30.39245],[73.60396,30.40672],[73.63311,30.47844],[73.59256,30.50984],[73.51902,30.51523],[73.46643,30.55087],[73.48218,30.60326],[73.46421,30.61022],[73.44792,30.5866],[73.41768,30.56777],[73.40727,30.53223],[73.37346,30.51265],[73.34406,30.51145],[73.30683,30.52905],[73.30458,30.54092],[73.29054,30.52874],[73.23812,30.54242],[73.19546,30.52166],[73.17923,30.49196],[73.0753,30.45935],[73.07233,30.42315],[73.04279,30.41353],[73.02867,30.42418],[72.99683,30.4059],[72.97252,30.44221],[72.94046,30.41978],[72.89864,30.42236],[72.89918,30.39257],[72.85761,30.40549],[72.83702,30.40353],[72.84425,30.37357],[72.84166,30.32843],[72.84839,30.31434],[72.92043,30.31006],[72.94254,30.29372],[72.98964,30.29581],[72.99211,30.27688],[72.96217,30.26816],[72.95126,30.24044],[72.95336,30.1854],[72.94354,30.17742],[72.94222,30.1029],[72.9301,30.08753],[72.93866,30.05255],[72.97648,30.02673],[72.96175,29.98873],[72.97099,29.96313],[73.01771,29.96419],[73.00716,29.98476],[73.02815,29.99993],[73.01639,30.02708],[73.04021,30.04033],[73.08342,30.02438],[73.14841,30.05417],[73.16452,30.07454],[73.21805,30.06673],[73.23364,30.09276],[73.27219,30.11071],[73.30717,30.1128],[73.37759,30.09694],[73.37597,30.14909],[73.40643,30.15611],[73.41502,30.17355],[73.44356,30.15765],[73.45823,30.18306],[73.45527,30.22011],[73.4809,30.21718],[73.53013,30.25973],[73.56249,30.25527],[73.6255,30.27819]]]]}},{"type":"Feature","properties":{"province_name":"Punjab","district_name":"Rahim Yar Khan","district_code":"PK628","area_km2":12845.920482271036},"geometry":{"type":"MultiPolygon","coordinates":[[[[71.1058,27.79313],[71.09853,27.82272],[71.09067,27.90236],[71.07347,27.94729],[71.06132,28.0157],[71.03907,28.07763],[71.02534,28.12896],[70.99663,28.16918],[70.97463,28.23447],[70.9676,28.28838],[70.97054,28.37742],[70.95128,28.47953],[70.9481,28.54415],[70.95258,28.57733],[70.98597,28.69933],[71.02031,28.75959],[71.04652,28.81872],[71.06018,28.89061],[71.04528,28.9223],[71.06159,28.93463],[71.05229,28.96706],[71.06122,28.98261],[71.04573,29.00916],[71.06404,29.025],[71.06387,29.05078],[71.08743,29.06791],[71.07789,29.14994],[71.045,29.14645],[71.0213,29.12948],[71.00312,29.08888],[70.98441,29.08222],[70.95187,29.10501],[70.91708,29.18165],[70.91113,29.20819],[70.91493,29.24129],[70.85509,29.26591],[70.83631,29.23772],[70.7907,29.24897],[70.75058,29.15942],[70.70532,29.15487],[70.68341,29.10052],[70.61664,29.07932],[70.61285,29.04846],[70.57582,29.03616],[70.54606,29.01703],[70.51541,28.9946],[70.48155,28.99028],[70.4877,28.95822],[70.45418,28.93619],[70.38226,28.94878],[70.35888,28.93833],[70.34512,28.91571],[70.37081,28.9007],[70.40996,28.86628],[70.41118,28.85055],[70.3879,28.79293],[70.37464,28.78737],[70.34644,28.82418],[70.28735,28.81395],[70.30969,28.77764],[70.29869,28.74921],[70.26863,28.75748],[70.22847,28.75472],[70.20054,28.74134],[70.22347,28.72408],[70.23212,28.7039],[70.2065,28.67067],[70.11973,28.66589],[70.08195,28.63909],[70.08311,28.61851],[70.1216,28.60074],[70.09111,28.57979],[70.0535,28.52278],[70.01857,28.54309],[69.96934,28.50147],[69.96379,28.45533],[69.92643,28.43266],[69.86457,28.43123],[69.83199,28.41865],[69.80659,28.39441],[69.75139,28.40293],[69.7619,28.38471],[69.78417,28.38004],[69.81968,28.34225],[69.81019,28.30252],[69.81548,28.27718],[69.83635,28.25289],[69.83165,28.24113],[69.85764,28.19705],[69.8377,28.1697],[69.84464,28.13578],[69.87879,28.0802],[69.92273,28.02544],[69.96787,27.98072],[70.00082,27.93743],[70.03515,27.92713],[70.06916,27.89539],[70.12357,27.88201],[70.18051,27.8549],[70.2076,27.88538],[70.30291,27.94617],[70.36617,28.00825],[70.47909,28.03374],[70.53033,28.03249],[70.56263,28.0198],[70.6607,27.9305],[70.67211,27.91432],[70.67841,27.83905],[70.73795,27.74217],[70.75767,27.71721],[70.86549,27.70511],[70.90577,27.71073],[71.1058,27.79313]]],[[[69.47924,28.20371],[69.51311,28.18221],[69.5273,28.16375],[69.52819,28.13848],[69.54278,28.12254],[69.56238,28.13004],[69.56237,28.15428],[69.57762,28.20127],[69.53627,28.20938],[69.51461,28.24078],[69.4803,28.24274],[69.46796,28.21752],[69.47924,28.20371]]],[[[69.65077,28.34561],[69.63156,28.35305],[69.58804,28.34928],[69.55915,28.39514],[69.53253,28.38316],[69.59429,28.28005],[69.59725,28.24521],[69.61631,28.22583],[69.66258,28.22056],[69.67008,28.24597],[69.6875,28.25761],[69.73277,28.23466],[69.74735,28.24921],[69.75783,28.31155],[69.71891,28.293],[69.6963,28.29926],[69.65077,28.34561]]]]}},{"type":"Feature","properties":{"province_name":"Punjab","district_name":"Rajanpur","district_code":"PK629","area_km2":12577.980024308585},"geometry":{"type":"MultiPolygon","coordinates":[[[[70.72182,29.66632],[70.68534,29.74361],[70.69164,29.76845],[70.68378,29.78801],[70.66096,29.80285],[70.60821,29.8037],[70.57793,29.77374],[70.57589,29.73878],[70.53803,29.67031],[70.48393,29.63471],[70.43451,29.61974],[70.42842,29.64049],[70.39792,29.66441],[70.39288,29.69394],[70.34707,29.73323],[70.22656,29.73765],[70.1615,29.75306],[70.11633,29.78563],[70.10767,29.80367],[70.06127,29.8245],[70.00653,29.83335],[69.90816,29.86164],[69.87768,29.89879],[69.8358,29.86147],[69.789,29.76881],[69.7534,29.74563],[69.73258,29.71887],[69.69688,29.71036],[69.646,29.68526],[69.6289,29.66872],[69.61866,29.64003],[69.59147,29.62605],[69.60333,29.59678],[69.59455,29.51084],[69.56351,29.45861],[69.5626,29.41475],[69.58403,29.40722],[69.61496,29.4233],[69.65975,29.37887],[69.66637,29.34946],[69.63883,29.31921],[69.67142,29.30524],[69.68247,29.26513],[69.69875,29.25957],[69.73647,29.29028],[69.76897,29.2844],[69.74402,29.23642],[69.75012,29.17395],[69.71268,29.11564],[69.70631,29.08966],[69.65057,29.06571],[69.59396,28.99424],[69.57434,28.95398],[69.55542,28.9518],[69.54182,28.92855],[69.4896,28.89157],[69.48648,28.84162],[69.52167,28.83057],[69.53767,28.80113],[69.53291,28.77309],[69.4844,28.7019],[69.42092,28.59768],[69.32469,28.55491],[69.36376,28.44564],[69.41359,28.44815],[69.43716,28.47526],[69.47556,28.48376],[69.52128,28.48446],[69.62454,28.46754],[69.60483,28.44045],[69.64703,28.42838],[69.68148,28.43015],[69.73217,28.41907],[69.74968,28.40422],[69.75139,28.40293],[69.80659,28.39441],[69.83199,28.41865],[69.86457,28.43123],[69.92643,28.43266],[69.96379,28.45533],[69.96934,28.50147],[70.01857,28.54309],[70.0535,28.52278],[70.09111,28.57979],[70.1216,28.60074],[70.08311,28.61851],[70.08195,28.63909],[70.11973,28.66589],[70.2065,28.67067],[70.23212,28.7039],[70.22347,28.72408],[70.20054,28.74134],[70.22847,28.75472],[70.26863,28.75748],[70.29869,28.74921],[70.30969,28.77764],[70.28735,28.81395],[70.34644,28.82418],[70.37464,28.78737],[70.3879,28.79293],[70.41118,28.85055],[70.40996,28.86628],[70.37081,28.9007],[70.34512,28.91571],[70.35888,28.93833],[70.38226,28.94878],[70.45418,28.93619],[70.4877,28.95822],[70.48155,28.99028],[70.51541,28.9946],[70.54606,29.01703],[70.55111,29.07399],[70.56095,29.11081],[70.57776,29.12087],[70.57219,29.15994],[70.57969,29.18593],[70.56064,29.22795],[70.58,29.2342],[70.5878,29.26284],[70.61977,29.28638],[70.6276,29.31193],[70.61529,29.32667],[70.6226,29.39108],[70.60959,29.4153],[70.63915,29.42058],[70.63758,29.47142],[70.64894,29.49107],[70.69788,29.49137],[70.70711,29.53022],[70.68265,29.55491],[70.71812,29.62503],[70.70178,29.64756],[70.72182,29.66632]]]]}},{"type":"Feature","properties":{"province_name":"Punjab","district_name":"Rawalpindi","district_code":"PK630","area_km2":5241.503679524842},"geometry":{"type":"MultiPolygon","coordinates":[[[[73.51201,34.01767],[73.47154,34.01176],[73.43031,33.96531],[73.40263,33.97599],[73.38467,33.94655],[73.32797,33.88742],[73.32787,33.87204],[73.29997,33.84563],[73.24581,33.84149],[73.23595,33.82385],[73.20934,33.8161],[73.16847,33.80451],[73.26719,33.77576],[73.30628,33.7415],[73.33691,33.72808],[73.35284,33.7071],[73.3894,33.70363],[73.358,33.67126],[73.30213,33.65501],[73.29595,33.58774],[73.19973,33.48971],[73.08688,33.54242],[73.1545,33.57837],[73.0882,33.66419],[72.91422,33.57263],[72.81388,33.7014],[72.84611,33.71524],[72.91642,33.72937],[72.92387,33.7456],[72.88873,33.75125],[72.86217,33.76976],[72.82941,33.76333],[72.82166,33.77831],[72.84174,33.80281],[72.8219,33.82908],[72.81375,33.80094],[72.78924,33.80699],[72.78063,33.84321],[72.74854,33.865],[72.73026,33.85589],[72.7117,33.82247],[72.68492,33.80821],[72.70377,33.77503],[72.70101,33.745],[72.75534,33.69689],[72.7305,33.68974],[72.74578,33.66544],[72.74302,33.63644],[72.79874,33.6375],[72.82234,33.60095],[72.81605,33.56893],[72.84442,33.56124],[72.85597,33.53179],[72.90033,33.51799],[72.92083,33.48642],[72.88736,33.46211],[72.86776,33.47458],[72.82558,33.46395],[72.77431,33.44256],[72.77246,33.3964],[72.72879,33.3829],[72.69605,33.3324],[72.67934,33.2949],[72.65026,33.25327],[72.63627,33.19018],[72.66203,33.2125],[72.71007,33.21269],[72.72305,33.19303],[72.76791,33.1894],[72.81201,33.1589],[72.85493,33.16014],[72.87703,33.16824],[72.9254,33.16939],[72.93574,33.13123],[72.94936,33.11479],[72.98373,33.11247],[73.02588,33.08694],[73.03491,33.06438],[73.06789,33.07778],[73.08439,33.09777],[73.11791,33.07408],[73.1313,33.09434],[73.20339,33.09792],[73.21026,33.09275],[73.24228,33.09013],[73.33879,33.11135],[73.36126,33.10208],[73.39544,33.14188],[73.37797,33.17256],[73.39944,33.18192],[73.4351,33.21971],[73.43286,33.23655],[73.45798,33.2467],[73.48075,33.2252],[73.5576,33.22685],[73.59115,33.23594],[73.6236,33.25527],[73.61584,33.29136],[73.58472,33.33916],[73.57054,33.37222],[73.59721,33.43915],[73.62647,33.46025],[73.60832,33.49194],[73.61137,33.51277],[73.63165,33.52638],[73.62692,33.56889],[73.5986,33.60694],[73.56888,33.62416],[73.57388,33.66444],[73.59545,33.68519],[73.59943,33.72166],[73.59248,33.74694],[73.56666,33.78889],[73.57144,33.82414],[73.58276,33.86166],[73.5742,33.90961],[73.53871,33.95126],[73.51201,34.01767]]]]}},{"type":"Feature","properties":{"province_name":"Punjab","district_name":"Sahiwal","district_code":"PK631","area_km2":3237.317338480923},"geometry":{"type":"MultiPolygon","coordinates":[[[[73.30458,30.54092],[73.30904,30.5545],[73.35698,30.58319],[73.37199,30.63602],[73.34498,30.69148],[73.36819,30.72368],[73.36307,30.77286],[73.32684,30.78931],[73.29194,30.78078],[73.27916,30.81449],[73.28568,30.86479],[73.26818,30.89619],[73.26752,30.93864],[73.23772,30.93013],[73.22709,30.91011],[73.1734,30.89868],[73.16017,30.86638],[73.13311,30.87011],[73.13927,30.82945],[73.11568,30.81173],[73.07187,30.79624],[73.05453,30.8087],[73.03556,30.78021],[72.9807,30.77172],[72.94419,30.75654],[72.91881,30.73764],[72.92938,30.69733],[72.9063,30.67487],[72.86275,30.68909],[72.78343,30.68016],[72.7579,30.68009],[72.78177,30.63514],[72.76324,30.62878],[72.75664,30.60079],[72.72915,30.60332],[72.71481,30.57894],[72.68715,30.58151],[72.60664,30.57647],[72.5966,30.59715],[72.56158,30.60167],[72.5254,30.59415],[72.49722,30.57809],[72.49915,30.54759],[72.47933,30.54143],[72.48323,30.50251],[72.43776,30.43508],[72.43903,30.37656],[72.41765,30.3324],[72.40313,30.32359],[72.3938,30.2876],[72.40208,30.27897],[72.39882,30.218],[72.4027,30.18474],[72.44297,30.18037],[72.46173,30.16242],[72.4813,30.17278],[72.48602,30.19575],[72.51473,30.22392],[72.51558,30.257],[72.542,30.26958],[72.57335,30.26627],[72.58026,30.23785],[72.62732,30.26355],[72.6294,30.28296],[72.6651,30.30906],[72.70762,30.29645],[72.7188,30.33084],[72.77838,30.32794],[72.80191,30.36564],[72.84425,30.37357],[72.83702,30.40353],[72.85761,30.40549],[72.89918,30.39257],[72.89864,30.42236],[72.94046,30.41978],[72.97252,30.44221],[72.99683,30.4059],[73.02867,30.42418],[73.04279,30.41353],[73.07233,30.42315],[73.0753,30.45935],[73.17923,30.49196],[73.19546,30.52166],[73.23812,30.54242],[73.29054,30.52874],[73.30458,30.54092]]]]}},{"type":"Feature","properties":{"province_name":"Punjab","district_name":"Sargodha","district_code":"PK632","area_km2":5859.277643827421},"geometry":{"type":"MultiPolygon","coordinates":[[[[73.19456,32.57455],[73.17593,32.57717],[73.09786,32.57054],[73.07677,32.57411],[73.02983,32.55183],[72.97813,32.55047],[72.95041,32.5321],[72.87557,32.50387],[72.85607,32.46768],[72.78703,32.44057],[72.75662,32.43564],[72.71525,32.41654],[72.66018,32.42399],[72.64762,32.39874],[72.58064,32.37116],[72.55401,32.36892],[72.51352,32.33518],[72.47852,32.31901],[72.46718,32.29731],[72.44022,32.2947],[72.39686,32.25791],[72.37029,32.25403],[72.34382,32.23024],[72.3429,32.20714],[72.32343,32.15491],[72.33008,32.13385],[72.32372,32.10375],[72.3266,32.0613],[72.30936,32.02784],[72.28349,32.00849],[72.25256,31.99857],[72.26909,31.97238],[72.25903,31.91205],[72.28529,31.86465],[72.24394,31.809],[72.23608,31.7848],[72.21156,31.7592],[72.24793,31.74744],[72.26897,31.7656],[72.30739,31.75131],[72.35844,31.71335],[72.30709,31.64937],[72.2773,31.63142],[72.24264,31.59472],[72.25817,31.56581],[72.2809,31.56469],[72.28803,31.5874],[72.37261,31.62666],[72.36916,31.65311],[72.43451,31.66267],[72.46307,31.6658],[72.50541,31.68735],[72.51717,31.72399],[72.56856,31.76556],[72.64313,31.77712],[72.67889,31.77792],[72.71564,31.80586],[72.74369,31.81308],[72.78072,31.83397],[72.81279,31.84172],[72.8393,31.83152],[72.86574,31.86429],[72.89531,31.87376],[72.91033,31.84215],[72.94954,31.8515],[72.96744,31.84143],[72.98462,31.87034],[72.97215,31.8825],[72.92588,31.88841],[72.89498,31.91238],[72.93699,31.93754],[72.94747,31.97708],[72.96959,31.95821],[73.00688,31.95586],[73.04863,31.93395],[73.10486,31.92781],[73.15584,31.9137],[73.16694,31.8913],[73.17989,31.90272],[73.20031,31.96609],[73.23542,31.99948],[73.22756,32.02913],[73.26134,32.05766],[73.26139,32.08249],[73.30803,32.12211],[73.25768,32.16932],[73.25341,32.20326],[73.21705,32.26436],[73.19373,32.2381],[73.15481,32.24053],[73.12682,32.30037],[73.08628,32.28658],[73.10787,32.34199],[73.08071,32.39497],[73.04747,32.41205],[73.04764,32.42853],[73.07553,32.45428],[73.14215,32.45803],[73.16407,32.46825],[73.15363,32.49642],[73.1901,32.51623],[73.20142,32.53102],[73.19456,32.57455]]]]}},{"type":"Feature","properties":{"province_name":"Punjab","district_name":"Sheikhupura","district_code":"PK633","area_km2":3646.172019368675},"geometry":{"type":"MultiPolygon","coordinates":[[[[74.69378,31.9188],[74.65919,31.96995],[74.6423,31.9698],[74.62476,32.00447],[74.59778,32.02983],[74.58804,32.06025],[74.5588,32.04472],[74.52374,32.02259],[74.51066,32.00438],[74.47549,32.00114],[74.46371,31.96647],[74.43532,31.95952],[74.39991,31.9218],[74.35826,31.88871],[74.31164,31.89759],[74.30141,31.88519],[74.20415,31.88471],[74.18634,31.85237],[74.13402,31.82189],[74.07534,31.82092],[74.04161,31.84062],[74.00014,31.83082],[73.94762,31.83708],[73.88382,31.85223],[73.88199,31.87629],[73.8543,31.90228],[73.87588,31.92967],[73.85848,31.95328],[73.83079,31.95776],[73.80561,31.98445],[73.76763,31.96284],[73.71921,31.92209],[73.69131,31.89234],[73.65907,31.892],[73.64531,31.8763],[73.61748,31.87937],[73.59483,31.86944],[73.57483,31.88381],[73.55234,31.84022],[73.51643,31.80997],[73.48518,31.82949],[73.49407,31.7984],[73.47005,31.77603],[73.49777,31.6929],[73.51096,31.68176],[73.55561,31.68178],[73.55013,31.66433],[73.52255,31.64792],[73.55293,31.63434],[73.57902,31.69753],[73.59218,31.71088],[73.62891,31.70232],[73.61235,31.67511],[73.63368,31.65672],[73.66902,31.61167],[73.64815,31.59819],[73.6259,31.55442],[73.64088,31.51223],[73.66319,31.50584],[73.7234,31.53863],[73.7277,31.56551],[73.76491,31.5878],[73.83889,31.56858],[73.90393,31.57574],[73.91837,31.59863],[73.9511,31.5551],[73.98705,31.56107],[73.9868,31.52342],[73.95273,31.50631],[73.94406,31.47259],[73.9859,31.47067],[73.99823,31.45241],[74.02201,31.45373],[74.03811,31.40148],[74.01865,31.37231],[74.03457,31.36575],[74.07166,31.3729],[74.07291,31.4174],[74.09463,31.44423],[74.12289,31.44418],[74.16498,31.45918],[74.21518,31.55205],[74.24563,31.56969],[74.26471,31.64007],[74.30289,31.67326],[74.31807,31.64885],[74.37111,31.66928],[74.41122,31.64301],[74.45062,31.69165],[74.4837,31.71661],[74.52038,31.71657],[74.51715,31.76042],[74.54547,31.75761],[74.53792,31.78621],[74.54382,31.8223],[74.57302,31.82302],[74.58993,31.84841],[74.61986,31.86167],[74.69378,31.9188]]]]}},{"type":"Feature","properties":{"province_name":"Punjab","district_name":"Sialkot","district_code":"PK634","area_km2":3086.310696490849},"geometry":{"type":"MultiPolygon","coordinates":[[[[74.93682,32.46537],[74.89966,32.46613],[74.85642,32.49267],[74.81857,32.49606],[74.79886,32.48406],[74.74358,32.4815],[74.69842,32.48494],[74.67918,32.5154],[74.68051,32.53819],[74.65239,32.56016],[74.6422,32.61104],[74.66921,32.64594],[74.67532,32.66625],[74.65419,32.69245],[74.65014,32.71841],[74.66754,32.76659],[74.70039,32.82703],[74.68083,32.8382],[74.642,32.8229],[74.64154,32.79188],[74.61471,32.75768],[74.56711,32.75521],[74.53153,32.74073],[74.46607,32.78136],[74.46167,32.79169],[74.44193,32.79192],[74.45326,32.77672],[74.43914,32.73112],[74.45954,32.72743],[74.4649,32.70296],[74.45487,32.67375],[74.33622,32.59194],[74.27995,32.59121],[74.23517,32.57421],[74.20976,32.55367],[74.20699,32.47642],[74.19747,32.4569],[74.20972,32.41806],[74.20239,32.40177],[74.22164,32.38733],[74.22559,32.35152],[74.2433,32.3101],[74.23531,32.29064],[74.25647,32.2624],[74.32297,32.24633],[74.3283,32.20822],[74.37893,32.16597],[74.4455,32.16035],[74.49063,32.14867],[74.48936,32.12265],[74.51482,32.10363],[74.50295,32.09196],[74.5267,32.06352],[74.5588,32.04472],[74.58804,32.06025],[74.6226,32.06827],[74.62628,32.09622],[74.67761,32.1361],[74.70781,32.14041],[74.75395,32.16033],[74.75976,32.19232],[74.74061,32.21725],[74.7545,32.25442],[74.77928,32.29701],[74.80444,32.28744],[74.85056,32.30305],[74.87962,32.38726],[74.90329,32.39119],[74.93317,32.42891],[74.93682,32.46537]]]]}},{"type":"Feature","properties":{"province_name":"Punjab","district_name":"Toba Tek Singh","district_code":"PK635","area_km2":3087.8335792599223},"geometry":{"type":"MultiPolygon","coordinates":[[[[72.78343,30.68016],[72.79412,30.71273],[72.8367,30.72596],[72.82386,30.74628],[72.78813,30.75251],[72.78288,30.73971],[72.73857,30.7425],[72.73013,30.76582],[72.74368,30.78637],[72.77013,30.80037],[72.76005,30.81881],[72.77296,30.83975],[72.70413,30.8771],[72.71054,30.9018],[72.72658,30.90821],[72.73613,30.93669],[72.76894,30.94432],[72.77379,30.97586],[72.79538,30.99047],[72.80052,31.02735],[72.813,31.0298],[72.81726,31.06725],[72.76746,31.10101],[72.77614,31.11991],[72.77374,31.19694],[72.82267,31.22623],[72.85464,31.27177],[72.83972,31.29581],[72.80486,31.3318],[72.75245,31.27607],[72.68226,31.23761],[72.5729,31.24834],[72.54943,31.22585],[72.51965,31.21751],[72.49716,31.22366],[72.48533,31.20773],[72.50012,31.18297],[72.48357,31.12568],[72.43916,31.10974],[72.43309,31.05151],[72.37982,31.02225],[72.3723,30.98694],[72.35665,30.97277],[72.35416,30.94794],[72.31259,30.9],[72.27448,30.89265],[72.24529,30.84997],[72.28703,30.83959],[72.30966,30.81226],[72.34091,30.79599],[72.34984,30.77025],[72.34789,30.73957],[72.32324,30.72295],[72.28155,30.71962],[72.23559,30.73202],[72.22728,30.71669],[72.18429,30.6434],[72.15207,30.57302],[72.2469,30.55887],[72.26982,30.54827],[72.29594,30.55611],[72.32525,30.55136],[72.3352,30.5737],[72.37517,30.56567],[72.39746,30.58306],[72.44179,30.59876],[72.46942,30.59908],[72.49722,30.57809],[72.5254,30.59415],[72.56158,30.60167],[72.5966,30.59715],[72.60664,30.57647],[72.68715,30.58151],[72.71481,30.57894],[72.72915,30.60332],[72.75664,30.60079],[72.76324,30.62878],[72.78177,30.63514],[72.7579,30.68009],[72.78343,30.68016]]]]}},{"type":"Feature","properties":{"province_name":"Punjab","district_name":"Vehari","district_code":"PK636","area_km2":4508.0374042395815},"geometry":{"type":"MultiPolygon","coordinates":[[[[72.84425,30.37357],[72.80191,30.36564],[72.77838,30.32794],[72.7188,30.33084],[72.70762,30.29645],[72.6651,30.30906],[72.6294,30.28296],[72.62732,30.26355],[72.58026,30.23785],[72.57335,30.26627],[72.542,30.26958],[72.51558,30.257],[72.51473,30.22392],[72.48602,30.19575],[72.4813,30.17278],[72.46173,30.16242],[72.44297,30.18037],[72.4027,30.18474],[72.39882,30.218],[72.35056,30.20044],[72.32243,30.21599],[72.29025,30.20069],[72.28911,30.18658],[72.24085,30.17966],[72.2189,30.15906],[72.18743,30.15884],[72.15882,30.12203],[72.12988,30.10345],[72.11745,30.07526],[72.08016,30.08111],[72.05445,30.07057],[71.99001,30.0907],[71.9607,30.05264],[71.94041,30.03779],[71.89891,30.0513],[71.87685,30.0262],[71.85752,30.03094],[71.84084,30.01054],[71.81325,30.00596],[71.78999,30.02205],[71.73498,29.96337],[71.73216,29.95232],[71.7532,29.92193],[71.80524,29.90168],[71.83489,29.92346],[71.88424,29.90588],[71.91234,29.84349],[71.93849,29.8355],[71.96202,29.80014],[71.95633,29.77156],[71.92995,29.75715],[71.98786,29.72838],[71.98808,29.70425],[72.02883,29.69076],[72.05834,29.6545],[72.09759,29.66149],[72.09271,29.60177],[72.12509,29.59404],[72.16447,29.62064],[72.1784,29.64795],[72.191,29.70915],[72.23637,29.70684],[72.24472,29.72254],[72.20916,29.75932],[72.24434,29.80991],[72.28206,29.80466],[72.33449,29.84356],[72.36675,29.837],[72.39555,29.86336],[72.45542,29.82884],[72.50245,29.83612],[72.52919,29.83181],[72.54181,29.81037],[72.56252,29.80866],[72.56784,29.84002],[72.6022,29.84099],[72.61015,29.85317],[72.65387,29.87395],[72.6779,29.85885],[72.70766,29.92257],[72.7571,29.91888],[72.77223,29.93779],[72.7621,29.95969],[72.77944,29.97825],[72.82011,29.98019],[72.83726,29.95339],[72.85495,29.94971],[72.88671,29.99548],[72.92165,29.99512],[72.94067,29.96549],[72.97099,29.96313],[72.96175,29.98873],[72.97648,30.02673],[72.93866,30.05255],[72.9301,30.08753],[72.94222,30.1029],[72.94354,30.17742],[72.95336,30.1854],[72.95126,30.24044],[72.96217,30.26816],[72.99211,30.27688],[72.98964,30.29581],[72.94254,30.29372],[72.92043,30.31006],[72.84839,30.31434],[72.84166,30.32843],[72.84425,30.37357]]]]}},{"type":"Feature","properties":{"province_name":"Sindh","district_name":"Badin","district_code":"PK701","area_km2":6569.857626655185},"geometry":{"type":"MultiPolygon","coordinates":[[[[69.32388,24.80067],[69.30154,24.82524],[69.31938,24.85538],[69.32638,24.8854],[69.31316,24.92311],[69.29081,24.94846],[69.29128,24.96214],[69.22521,24.96028],[69.1716,24.95416],[69.15376,24.98466],[69.12924,24.99489],[69.12988,25.01929],[69.09254,25.04323],[69.07265,25.0789],[69.03681,25.09069],[68.99117,25.11862],[68.97511,25.15126],[68.96585,25.29862],[68.93405,25.27308],[68.90163,25.25872],[68.88498,25.22872],[68.79599,25.20832],[68.77142,25.2101],[68.77532,25.24231],[68.73227,25.25717],[68.72141,25.232],[68.69572,25.22004],[68.70327,25.203],[68.6525,25.18774],[68.61593,25.16436],[68.63681,25.12479],[68.57113,25.08278],[68.60039,25.07141],[68.61652,25.04778],[68.68046,25.01465],[68.69776,24.99565],[68.74268,24.97302],[68.78467,24.96077],[68.78721,24.93392],[68.80138,24.92264],[68.81128,24.89349],[68.84706,24.87072],[68.82095,24.83269],[68.77327,24.83577],[68.74999,24.84617],[68.73858,24.83153],[68.70829,24.83046],[68.69437,24.84903],[68.70518,24.87051],[68.68761,24.89511],[68.6861,24.9204],[68.64012,24.91106],[68.64878,24.89703],[68.57971,24.86677],[68.56832,24.87955],[68.52762,24.88759],[68.48941,24.86445],[68.43534,24.81257],[68.43328,24.79278],[68.39498,24.78712],[68.35406,24.7572],[68.3518,24.73649],[68.37081,24.72442],[68.35261,24.65674],[68.37064,24.64168],[68.38294,24.61256],[68.37332,24.60101],[68.39115,24.5633],[68.39386,24.52085],[68.40666,24.50567],[68.40727,24.44484],[68.4612,24.43381],[68.44591,24.39526],[68.56109,24.36263],[68.64779,24.37855],[68.72819,24.37733],[68.74126,24.35045],[68.75263,24.2985],[68.76422,24.28428],[68.77265,24.29414],[68.82635,24.3084],[68.84031,24.22819],[68.84773,24.20838],[68.86751,24.2062],[68.89728,24.27686],[68.939,24.29087],[68.97057,24.23753],[68.98628,24.22633],[69.01372,24.22908],[69.07004,24.2602],[69.07234,24.28125],[69.05361,24.3165],[69.05388,24.3664],[69.07994,24.46214],[69.10636,24.48444],[69.18886,24.54058],[69.23165,24.6001],[69.24284,24.65862],[69.21458,24.66979],[69.25391,24.73229],[69.24646,24.74768],[69.3073,24.77305],[69.32388,24.80067]]]]}},{"type":"Feature","properties":{"province_name":"Sindh","district_name":"Central Karachi","district_code":"PK702","area_km2":65.1540617638225},"geometry":{"type":"MultiPolygon","coordinates":[[[[67.02634,24.88699],[67.05862,24.8976],[67.08886,24.92874],[67.09203,25.00901],[67.05025,25.00633],[67.04032,24.95386],[67.01825,24.92441],[67.02634,24.88699]]]]}},{"type":"Feature","properties":{"province_name":"Sindh","district_name":"Dadu","district_code":"PK703","area_km2":8015.599411216646},"geometry":{"type":"MultiPolygon","coordinates":[[[[67.99543,27.29239],[67.93051,27.29338],[67.8682,27.31767],[67.82555,27.30308],[67.69363,27.29938],[67.65793,27.30234],[67.62652,27.32325],[67.59626,27.31143],[67.55699,27.31772],[67.50046,27.31924],[67.45619,27.35486],[67.40502,27.37881],[67.37577,27.38305],[67.36152,27.35796],[67.33839,27.37593],[67.31425,27.36714],[67.29841,27.38705],[67.26431,27.39292],[67.23585,27.41559],[67.20534,27.42551],[67.17516,27.4472],[67.16112,27.35446],[67.13692,27.32723],[67.12604,27.29583],[67.12686,27.27003],[67.14417,27.19753],[67.15662,27.11964],[67.16061,27.06596],[67.13891,26.98438],[67.14597,26.95636],[67.13338,26.94035],[67.13377,26.87803],[67.14655,26.76843],[67.12647,26.73831],[67.13308,26.66325],[67.12379,26.6531],[67.15108,26.54605],[67.17758,26.4715],[67.2037,26.44599],[67.26556,26.34696],[67.33787,26.20804],[67.3595,26.14997],[67.38768,26.13606],[67.41315,26.08719],[67.42296,26.10239],[67.46721,26.13772],[67.48188,26.16281],[67.49151,26.21921],[67.50323,26.2499],[67.49129,26.29032],[67.49502,26.33344],[67.53785,26.34295],[67.57133,26.33108],[67.59117,26.36783],[67.62023,26.3985],[67.62581,26.43358],[67.64601,26.4751],[67.63023,26.51304],[67.6317,26.55566],[67.67314,26.56064],[67.69302,26.57591],[67.72109,26.58056],[67.75516,26.57548],[67.75727,26.59875],[67.79631,26.60423],[67.80759,26.59724],[67.84789,26.63224],[67.86934,26.66082],[67.86279,26.68235],[67.84438,26.69055],[67.83573,26.72302],[67.85209,26.72845],[67.86458,26.76511],[67.85061,26.79479],[67.83408,26.85581],[67.88437,26.91181],[67.9211,26.92189],[67.93137,26.93641],[67.9164,26.95683],[67.92654,26.9717],[67.96952,26.97781],[67.97982,26.98649],[67.97138,27.01828],[67.91006,27.0426],[67.91114,27.05652],[67.94716,27.07154],[68.00446,27.06969],[68.03657,27.0989],[68.04825,27.12902],[67.99034,27.17202],[67.94109,27.20222],[67.95482,27.22753],[67.95356,27.24937],[67.99543,27.29239]]]]}},{"type":"Feature","properties":{"province_name":"Sindh","district_name":"East Karachi","district_code":"PK704","area_km2":202.93773421731532},"geometry":{"type":"MultiPolygon","coordinates":[[[[67.17045,24.88545],[67.17853,24.90595],[67.2207,24.90682],[67.23822,24.93414],[67.21377,24.93813],[67.19229,24.96728],[67.22574,24.98221],[67.18966,25.01128],[67.12048,25.0128],[67.09203,25.00901],[67.08886,24.92874],[67.05862,24.8976],[67.02634,24.88699],[67.0218,24.88243],[67.04035,24.85957],[67.06583,24.85105],[67.09002,24.85909],[67.12683,24.87214],[67.13239,24.88732],[67.17045,24.88545]]]]}},{"type":"Feature","properties":{"province_name":"Sindh","district_name":"Ghotki","district_code":"PK705","area_km2":6362.516493498045},"geometry":{"type":"MultiPolygon","coordinates":[[[[70.18051,27.8549],[70.12357,27.88201],[70.06916,27.89539],[70.03515,27.92713],[70.00082,27.93743],[69.96787,27.98072],[69.92273,28.02544],[69.87879,28.0802],[69.84464,28.13578],[69.8377,28.1697],[69.85764,28.19705],[69.83165,28.24113],[69.83635,28.25289],[69.81548,28.27718],[69.81019,28.30252],[69.81968,28.34225],[69.78417,28.38004],[69.7619,28.38471],[69.75139,28.40293],[69.74968,28.40422],[69.69481,28.38354],[69.6734,28.35248],[69.65077,28.34561],[69.6963,28.29926],[69.71891,28.293],[69.75783,28.31155],[69.74735,28.24921],[69.73277,28.23466],[69.6875,28.25761],[69.67008,28.24597],[69.66258,28.22056],[69.61631,28.22583],[69.59725,28.24521],[69.56333,28.24783],[69.52428,28.26759],[69.51461,28.24078],[69.53627,28.20938],[69.57762,28.20127],[69.56237,28.15428],[69.56238,28.13004],[69.54278,28.12254],[69.52819,28.13848],[69.5273,28.16375],[69.51311,28.18221],[69.47924,28.20371],[69.45927,28.18305],[69.44282,28.15097],[69.36543,28.1593],[69.33402,28.12336],[69.2703,28.10149],[69.22632,28.09262],[69.20116,28.069],[69.1942,28.02816],[69.20015,28.00253],[69.18645,27.99332],[69.17735,27.98036],[69.1837,27.91386],[69.20171,27.88379],[69.21655,27.84121],[69.24805,27.80038],[69.26287,27.79196],[69.25509,27.76693],[69.27311,27.75093],[69.29278,27.75554],[69.31437,27.73179],[69.27497,27.70982],[69.24091,27.64614],[69.28949,27.57994],[69.33925,27.53965],[69.42294,27.53029],[69.44682,27.51248],[69.55793,27.51602],[69.55345,27.49767],[69.52833,27.46049],[69.57511,27.43276],[69.61076,27.40477],[69.72206,27.36318],[69.77038,27.32891],[69.81254,27.35961],[69.86197,27.40278],[69.90762,27.45958],[69.93625,27.50211],[70.01627,27.55599],[70.02457,27.56969],[70.10781,27.76687],[70.15695,27.83405],[70.18051,27.8549]]]]}},{"type":"Feature","properties":{"province_name":"Sindh","district_name":"Hyderabad","district_code":"PK706","area_km2":1018.1720661713028},"geometry":{"type":"MultiPolygon","coordinates":[[[[68.61703,25.29216],[68.61137,25.31567],[68.58946,25.32569],[68.59254,25.34684],[68.62611,25.35392],[68.60642,25.38027],[68.61598,25.39966],[68.58647,25.43581],[68.47971,25.48234],[68.45567,25.50245],[68.44471,25.53388],[68.41466,25.54827],[68.37885,25.55267],[68.39168,25.52552],[68.31886,25.5038],[68.30226,25.48411],[68.30723,25.43515],[68.29356,25.39364],[68.34268,25.29412],[68.32343,25.24079],[68.34419,25.21894],[68.36524,25.18203],[68.41889,25.16617],[68.46896,25.17924],[68.48791,25.15938],[68.51762,25.1619],[68.55875,25.18207],[68.59071,25.17907],[68.6081,25.20147],[68.60172,25.23801],[68.63902,25.24466],[68.64189,25.25762],[68.61703,25.29216]]]]}},{"type":"Feature","properties":{"province_name":"Sindh","district_name":"Jacobabad","district_code":"PK707","area_km2":2689.267600334538},"geometry":{"type":"MultiPolygon","coordinates":[[[[68.92007,28.43022],[68.89153,28.43196],[68.75715,28.42981],[68.4671,28.43118],[68.43421,28.40901],[68.40176,28.38223],[68.35912,28.29103],[68.35037,28.28287],[68.209,28.24252],[68.02311,28.09679],[67.97472,28.07525],[67.94286,28.04377],[67.91296,27.99429],[67.93998,27.97787],[67.96436,27.98297],[68.00464,27.97878],[68.02387,27.98974],[68.09474,27.97372],[68.12007,27.93466],[68.22956,27.933],[68.24487,27.92417],[68.31124,27.93035],[68.30925,27.99603],[68.32354,28.12023],[68.40096,28.11357],[68.44361,28.12693],[68.47738,28.14915],[68.53372,28.16002],[68.59419,28.15211],[68.654,28.15057],[68.70461,28.12975],[68.73837,28.1289],[68.79282,28.10933],[68.85519,28.09597],[68.88271,28.08272],[68.91715,28.09491],[68.9291,28.08821],[68.91002,28.1102],[68.90341,28.18844],[68.8668,28.19169],[68.83404,28.18371],[68.81987,28.2136],[68.85066,28.22046],[68.8876,28.29501],[68.92244,28.27678],[68.92895,28.31361],[68.92007,28.43022]]]]}},{"type":"Feature","properties":{"province_name":"Sindh","district_name":"Jamshoro","district_code":"PK708","area_km2":11226.135539386472},"geometry":{"type":"MultiPolygon","coordinates":[[[[67.91136,26.54915],[67.85843,26.54214],[67.80705,26.57113],[67.80759,26.59724],[67.79631,26.60423],[67.75727,26.59875],[67.75516,26.57548],[67.72109,26.58056],[67.69302,26.57591],[67.67314,26.56064],[67.6317,26.55566],[67.63023,26.51304],[67.64601,26.4751],[67.62581,26.43358],[67.62023,26.3985],[67.59117,26.36783],[67.57133,26.33108],[67.53785,26.34295],[67.49502,26.33344],[67.49129,26.29032],[67.50323,26.2499],[67.49151,26.21921],[67.48188,26.16281],[67.46721,26.13772],[67.42296,26.10239],[67.41315,26.08719],[67.42642,26.07296],[67.40529,25.9625],[67.40131,25.86813],[67.41464,25.82825],[67.40291,25.7923],[67.34668,25.72389],[67.33373,25.69737],[67.32097,25.64045],[67.37712,25.64312],[67.39348,25.59583],[67.39783,25.49745],[67.41288,25.45444],[67.37662,25.37505],[67.37991,25.363],[67.35921,25.30868],[67.33274,25.30028],[67.32136,25.26921],[67.28448,25.22257],[67.27409,25.18647],[67.30979,25.16429],[67.31556,25.15096],[67.35754,25.14793],[67.46293,25.09868],[67.50929,25.05658],[67.51797,24.98475],[67.55877,24.96931],[67.58706,24.9713],[67.63842,25.01592],[67.7002,25.00132],[67.71294,25.0048],[67.7362,25.06182],[67.76664,25.08322],[67.80643,25.09432],[67.81508,25.11791],[67.82756,25.18998],[67.82032,25.21417],[67.84431,25.23762],[67.85333,25.25862],[67.90595,25.30146],[67.91383,25.32874],[67.90657,25.36018],[67.93009,25.37557],[67.93929,25.40727],[67.96792,25.41014],[67.99655,25.44384],[68.0333,25.44119],[68.10506,25.39645],[68.13971,25.33659],[68.17041,25.30153],[68.21798,25.30026],[68.2674,25.28578],[68.32071,25.28695],[68.34268,25.29412],[68.29356,25.39364],[68.30723,25.43515],[68.30226,25.48411],[68.31886,25.5038],[68.39168,25.52552],[68.37885,25.55267],[68.3533,25.59844],[68.3792,25.63211],[68.45279,25.65674],[68.46152,25.67416],[68.41051,25.68933],[68.31629,25.73405],[68.30061,25.77868],[68.3269,25.79299],[68.32887,25.83038],[68.31842,25.85545],[68.27144,25.88321],[68.23555,25.91554],[68.23534,25.92627],[68.27308,25.97218],[68.27747,25.99266],[68.24037,25.99905],[68.17345,26.00118],[68.13341,26.04512],[68.03102,26.14066],[68.02112,26.15431],[68.02078,26.18844],[67.98354,26.20443],[67.94246,26.23584],[67.91756,26.245],[67.87268,26.29698],[67.87294,26.33838],[67.89039,26.35234],[67.90475,26.41083],[67.87547,26.4249],[67.91242,26.46798],[67.92095,26.50957],[67.91136,26.54915]]]]}},{"type":"Feature","properties":{"province_name":"Sindh","district_name":"Kambar Shahdad Kot","district_code":"PK709","area_km2":5595.033265053878},"geometry":{"type":"MultiPolygon","coordinates":[[[[68.12007,27.93466],[68.09474,27.97372],[68.02387,27.98974],[68.00464,27.97878],[67.96436,27.98297],[67.93998,27.97787],[67.91296,27.99429],[67.86889,27.99916],[67.79437,27.97616],[67.78857,27.95162],[67.67068,27.93424],[67.57958,27.91925],[67.54939,27.90152],[67.5332,27.90677],[67.4259,27.89275],[67.39424,27.90968],[67.38486,27.86487],[67.35471,27.79592],[67.35705,27.768],[67.33739,27.72545],[67.30992,27.69894],[67.2699,27.67172],[67.24873,27.64799],[67.23611,27.59443],[67.22047,27.56303],[67.18288,27.5323],[67.17516,27.4472],[67.20534,27.42551],[67.23585,27.41559],[67.26431,27.39292],[67.29841,27.38705],[67.31425,27.36714],[67.33839,27.37593],[67.36152,27.35796],[67.37577,27.38305],[67.40502,27.37881],[67.45619,27.35486],[67.50046,27.31924],[67.55699,27.31772],[67.59626,27.31143],[67.62652,27.32325],[67.65793,27.30234],[67.69363,27.29938],[67.82555,27.30308],[67.8682,27.31767],[67.93051,27.29338],[67.99543,27.29239],[68.00048,27.33137],[68.02156,27.37332],[68.00423,27.40254],[68.03072,27.46086],[68.05107,27.4884],[68.05005,27.52226],[68.07455,27.53824],[68.07425,27.56204],[68.09856,27.5825],[68.12278,27.6256],[68.10988,27.70093],[68.12899,27.68382],[68.16429,27.68774],[68.19392,27.72294],[68.17292,27.74744],[68.17595,27.77991],[68.18918,27.79889],[68.18806,27.8219],[68.1715,27.86151],[68.11896,27.92189],[68.12007,27.93466]]]]}},{"type":"Feature","properties":{"province_name":"Sindh","district_name":"Kashmore","district_code":"PK710","area_km2":2612.855776770029},"geometry":{"type":"MultiPolygon","coordinates":[[[[69.74968,28.40422],[69.73217,28.41907],[69.68148,28.43015],[69.64703,28.42838],[69.60483,28.44045],[69.62454,28.46754],[69.52128,28.48446],[69.47556,28.48376],[69.43716,28.47526],[69.41359,28.44815],[69.36376,28.44564],[69.27507,28.44626],[69.1275,28.44061],[69.00129,28.43122],[68.92007,28.43022],[68.92895,28.31361],[68.92244,28.27678],[68.8876,28.29501],[68.85066,28.22046],[68.81987,28.2136],[68.83404,28.18371],[68.8668,28.19169],[68.90341,28.18844],[68.91002,28.1102],[68.9291,28.08821],[68.96861,28.07973],[69.00628,28.08521],[69.03361,28.06557],[69.06469,28.02535],[69.08371,27.98936],[69.11584,28.01239],[69.16334,27.98984],[69.18645,27.99332],[69.20015,28.00253],[69.1942,28.02816],[69.20116,28.069],[69.22632,28.09262],[69.2703,28.10149],[69.33402,28.12336],[69.36543,28.1593],[69.44282,28.15097],[69.45927,28.18305],[69.47924,28.20371],[69.46796,28.21752],[69.4803,28.24274],[69.51461,28.24078],[69.52428,28.26759],[69.56333,28.24783],[69.59725,28.24521],[69.59429,28.28005],[69.53253,28.38316],[69.55915,28.39514],[69.58804,28.34928],[69.63156,28.35305],[69.65077,28.34561],[69.6734,28.35248],[69.69481,28.38354],[69.74968,28.40422]]]]}},{"type":"Feature","properties":{"province_name":"Sindh","district_name":"Khairpur","district_code":"PK711","area_km2":15993.724226337768},"geometry":{"type":"MultiPolygon","coordinates":[[[[68.68975,27.77643],[68.64044,27.78136],[68.59874,27.72485],[68.56125,27.70924],[68.51058,27.71852],[68.46231,27.68495],[68.49716,27.64142],[68.48227,27.61956],[68.44065,27.60599],[68.36875,27.60345],[68.35172,27.60908],[68.3327,27.5834],[68.34758,27.55215],[68.33651,27.52437],[68.30288,27.50209],[68.27223,27.4926],[68.30013,27.42579],[68.34749,27.37839],[68.31406,27.35428],[68.26046,27.35499],[68.22364,27.33375],[68.20908,27.2859],[68.18065,27.25188],[68.18771,27.22878],[68.20217,27.23535],[68.23168,27.21988],[68.28285,27.20881],[68.33704,27.20616],[68.35393,27.18946],[68.34825,27.16796],[68.40214,27.13482],[68.43783,27.0883],[68.44672,27.06811],[68.44601,27.03633],[68.42758,27.00553],[68.38373,26.9782],[68.37009,26.94427],[68.32735,26.87357],[68.31771,26.81321],[68.328,26.78883],[68.29556,26.69032],[68.2885,26.6557],[68.35676,26.63006],[68.40067,26.62704],[68.47646,26.61205],[68.51266,26.6145],[68.57585,26.60208],[68.75828,26.58691],[68.80411,26.56235],[68.82088,26.54285],[68.83506,26.50228],[68.84921,26.48219],[68.84716,26.43683],[68.91911,26.4692],[68.94228,26.43041],[68.95246,26.37148],[68.98314,26.36166],[69.01765,26.29839],[69.06203,26.28922],[69.05335,26.25977],[69.07292,26.23665],[69.11673,26.22236],[69.17274,26.22465],[69.23516,26.23774],[69.25498,26.23072],[69.33386,26.22394],[69.40822,26.2137],[69.50015,26.21196],[69.57005,26.20021],[69.60215,26.21245],[69.65935,26.21194],[69.68851,26.20568],[69.75883,26.20291],[69.83707,26.20555],[69.89452,26.19046],[70.00825,26.17685],[70.07434,26.15266],[70.12715,26.14046],[70.15942,26.19449],[70.17267,26.24508],[70.16674,26.307],[70.17831,26.34977],[70.17599,26.4333],[70.1839,26.48683],[70.16774,26.55075],[70.15022,26.56829],[70.10688,26.58952],[70.06619,26.59929],[70.02485,26.59871],[69.91834,26.58261],[69.85555,26.58292],[69.81536,26.59216],[69.77194,26.61375],[69.72187,26.65384],[69.52242,26.73601],[69.50765,26.74845],[69.48373,26.80623],[69.50094,26.90033],[69.51321,27.01687],[69.53558,27.06561],[69.49655,27.07446],[69.46685,27.09793],[69.40152,27.1156],[69.328,27.15687],[69.25025,27.17861],[69.17664,27.18437],[69.14317,27.20147],[69.10642,27.20829],[69.05611,27.20019],[69.00816,27.20156],[68.93217,27.22941],[68.83748,27.29277],[68.83052,27.30474],[68.83923,27.35861],[68.86345,27.37343],[68.89185,27.4135],[68.86702,27.44202],[68.88271,27.48157],[68.83656,27.47512],[68.83021,27.50136],[68.80724,27.50338],[68.80581,27.55531],[68.81864,27.58884],[68.84072,27.62339],[68.86817,27.62497],[68.84229,27.66874],[68.80801,27.67644],[68.77861,27.71268],[68.78246,27.72781],[68.71964,27.72866],[68.70178,27.74531],[68.68975,27.77643]]]]}},{"type":"Feature","properties":{"province_name":"Sindh","district_name":"Korangi Karachi","district_code":"PK712","area_km2":104.2993841599},"geometry":{"type":"MultiPolygon","coordinates":[[[[67.17045,24.88545],[67.13239,24.88732],[67.12683,24.87214],[67.09002,24.85909],[67.07485,24.83035],[67.09074,24.79214],[67.10882,24.79716],[67.13521,24.78372],[67.1377,24.79672],[67.18283,24.8137],[67.21339,24.8333],[67.20276,24.86786],[67.17045,24.88545]]]]}},{"type":"Feature","properties":{"province_name":"Sindh","district_name":"Larkana","district_code":"PK713","area_km2":1919.810114712112},"geometry":{"type":"MultiPolygon","coordinates":[[[[68.24487,27.92417],[68.22956,27.933],[68.12007,27.93466],[68.11896,27.92189],[68.1715,27.86151],[68.18806,27.8219],[68.18918,27.79889],[68.17595,27.77991],[68.17292,27.74744],[68.19392,27.72294],[68.16429,27.68774],[68.12899,27.68382],[68.10988,27.70093],[68.12278,27.6256],[68.09856,27.5825],[68.07425,27.56204],[68.07455,27.53824],[68.05005,27.52226],[68.05107,27.4884],[68.03072,27.46086],[68.00423,27.40254],[68.02156,27.37332],[68.00048,27.33137],[67.99543,27.29239],[67.95356,27.24937],[67.95482,27.22753],[67.94109,27.20222],[67.99034,27.17202],[68.04825,27.12902],[68.08499,27.1373],[68.08065,27.16405],[68.09847,27.19399],[68.12582,27.19877],[68.16779,27.2295],[68.18771,27.22878],[68.18065,27.25188],[68.20908,27.2859],[68.22364,27.33375],[68.26046,27.35499],[68.31406,27.35428],[68.34749,27.37839],[68.30013,27.42579],[68.27223,27.4926],[68.30288,27.50209],[68.33651,27.52437],[68.34758,27.55215],[68.3327,27.5834],[68.35172,27.60908],[68.36875,27.60345],[68.44065,27.60599],[68.48227,27.61956],[68.49716,27.64142],[68.46231,27.68495],[68.43337,27.71032],[68.39439,27.71759],[68.37756,27.73453],[68.34392,27.74998],[68.33704,27.79088],[68.26958,27.87054],[68.24487,27.92417]]]]}},{"type":"Feature","properties":{"province_name":"Sindh","district_name":"Malir Karachi","district_code":"PK714","area_km2":2726.6980389029804},"geometry":{"type":"MultiPolygon","coordinates":[[[[67.51797,24.98475],[67.50929,25.05658],[67.46293,25.09868],[67.35754,25.14793],[67.31556,25.15096],[67.30979,25.16429],[67.27409,25.18647],[67.28448,25.22257],[67.32136,25.26921],[67.33274,25.30028],[67.35921,25.30868],[67.37991,25.363],[67.37662,25.37505],[67.41288,25.45444],[67.39783,25.49745],[67.39348,25.59583],[67.37712,25.64312],[67.32097,25.64045],[67.31136,25.61089],[67.29212,25.58265],[67.25705,25.56574],[67.24399,25.52341],[67.2011,25.49963],[67.18816,25.47483],[67.16332,25.45249],[67.16224,25.39541],[67.13906,25.35732],[67.13462,25.31691],[67.11369,25.28656],[67.11018,25.26714],[67.08972,25.24121],[67.03549,25.20546],[67.00833,25.16232],[67.00507,25.09781],[67.0725,25.08683],[67.12048,25.0128],[67.18966,25.01128],[67.22574,24.98221],[67.19229,24.96728],[67.21377,24.93813],[67.23822,24.93414],[67.2207,24.90682],[67.17853,24.90595],[67.17045,24.88545],[67.20276,24.86786],[67.21339,24.8333],[67.18283,24.8137],[67.1377,24.79672],[67.13521,24.78372],[67.15469,24.79373],[67.18304,24.7828],[67.20998,24.81149],[67.23544,24.804],[67.24859,24.78419],[67.27464,24.79028],[67.3355,24.77164],[67.3755,24.78339],[67.42368,24.77306],[67.4439,24.78185],[67.43622,24.84541],[67.46603,24.8458],[67.48885,24.83434],[67.51804,24.80055],[67.57039,24.78821],[67.58151,24.79507],[67.57207,24.83271],[67.53634,24.90132],[67.52568,24.93229],[67.51797,24.98475]]],[[[67.21603,24.66345],[67.20305,24.67929],[67.17207,24.66633],[67.18196,24.63682],[67.21711,24.62591],[67.25616,24.59717],[67.27281,24.60315],[67.28304,24.62709],[67.25655,24.66106],[67.21603,24.66345]]],[[[67.24339,24.67565],[67.21993,24.69093],[67.20954,24.71605],[67.18886,24.69113],[67.22224,24.66784],[67.24339,24.67565]]],[[[67.13068,24.75532],[67.11304,24.73988],[67.12325,24.70349],[67.144,24.69314],[67.15253,24.7354],[67.13068,24.75532]]],[[[67.19915,24.72426],[67.24822,24.74242],[67.23058,24.7604],[67.18613,24.74073],[67.19915,24.72426]]],[[[67.3105,24.77373],[67.28566,24.76622],[67.23516,24.72089],[67.24422,24.71159],[67.28779,24.74166],[67.34185,24.75556],[67.3105,24.77373]]],[[[67.28033,24.78484],[67.23985,24.77429],[67.25703,24.75085],[67.28033,24.78484]]]]}},{"type":"Feature","properties":{"province_name":"Sindh","district_name":"Matiari","district_code":"PK715","area_km2":1456.8856803155315},"geometry":{"type":"MultiPolygon","coordinates":[[[[68.66782,25.66991],[68.64901,25.68927],[68.61877,25.69122],[68.59025,25.7229],[68.56371,25.73861],[68.54125,25.77206],[68.53464,25.81891],[68.49144,25.83589],[68.50196,25.86613],[68.48332,25.88642],[68.44343,25.90921],[68.47799,25.93467],[68.47964,25.96353],[68.50251,25.99976],[68.49596,26.04535],[68.44571,26.04176],[68.43275,26.07132],[68.38457,26.10623],[68.33799,26.05952],[68.32405,26.01834],[68.27747,25.99266],[68.27308,25.97218],[68.23534,25.92627],[68.23555,25.91554],[68.27144,25.88321],[68.31842,25.85545],[68.32887,25.83038],[68.3269,25.79299],[68.30061,25.77868],[68.31629,25.73405],[68.41051,25.68933],[68.46152,25.67416],[68.45279,25.65674],[68.3792,25.63211],[68.3533,25.59844],[68.37885,25.55267],[68.41466,25.54827],[68.44471,25.53388],[68.45567,25.50245],[68.47971,25.48234],[68.58647,25.43581],[68.58822,25.46258],[68.60178,25.47947],[68.61166,25.51729],[68.60086,25.53185],[68.66705,25.59039],[68.67334,25.60188],[68.65026,25.63433],[68.66782,25.66991]]]]}},{"type":"Feature","properties":{"province_name":"Sindh","district_name":"Mirpur Khas","district_code":"PK716","area_km2":3460.431216715604},"geometry":{"type":"MultiPolygon","coordinates":[[[[69.2943,25.54657],[69.29262,25.56819],[69.27031,25.60799],[69.32356,25.61541],[69.31182,25.66557],[69.32443,25.70758],[69.36536,25.70258],[69.36024,25.72983],[69.30452,25.76016],[69.28671,25.74603],[69.25083,25.75517],[69.24533,25.7875],[69.23288,25.8024],[69.19937,25.79424],[69.10054,25.81307],[69.08701,25.75151],[69.05802,25.72274],[69.03217,25.72416],[68.9893,25.69977],[68.92332,25.75075],[68.91478,25.7364],[68.87895,25.73195],[68.88025,25.70271],[68.90548,25.64454],[68.89581,25.61422],[68.88391,25.54277],[68.8867,25.52187],[68.91044,25.46806],[68.93651,25.43874],[68.95743,25.39695],[68.96585,25.29862],[68.97511,25.15126],[68.99117,25.11862],[69.03681,25.09069],[69.07265,25.0789],[69.09254,25.04323],[69.12988,25.01929],[69.12924,24.99489],[69.15376,24.98466],[69.1716,24.95416],[69.22521,24.96028],[69.29128,24.96214],[69.29081,24.94846],[69.31316,24.92311],[69.32638,24.8854],[69.31938,24.85538],[69.30154,24.82524],[69.32388,24.80067],[69.35366,24.80894],[69.38795,24.83004],[69.40177,24.84793],[69.45163,24.85513],[69.47962,24.88257],[69.47178,24.89613],[69.47432,24.94753],[69.46153,24.98608],[69.40107,25.05273],[69.39698,25.07025],[69.4062,25.11228],[69.38612,25.14487],[69.36294,25.23418],[69.3591,25.30211],[69.32641,25.32701],[69.29157,25.37332],[69.24863,25.40944],[69.21409,25.4272],[69.18283,25.45581],[69.19176,25.4935],[69.18562,25.56638],[69.20401,25.57249],[69.25503,25.55091],[69.2943,25.54657]]]]}},{"type":"Feature","properties":{"province_name":"Sindh","district_name":"Naushahro Feroze","district_code":"PK717","area_km2":3035.0159678046457},"geometry":{"type":"MultiPolygon","coordinates":[[[[68.35676,26.63006],[68.2885,26.6557],[68.29556,26.69032],[68.328,26.78883],[68.31771,26.81321],[68.32735,26.87357],[68.37009,26.94427],[68.38373,26.9782],[68.42758,27.00553],[68.44601,27.03633],[68.44672,27.06811],[68.43783,27.0883],[68.40214,27.13482],[68.34825,27.16796],[68.35393,27.18946],[68.33704,27.20616],[68.28285,27.20881],[68.23168,27.21988],[68.20217,27.23535],[68.18771,27.22878],[68.16779,27.2295],[68.12582,27.19877],[68.09847,27.19399],[68.08065,27.16405],[68.08499,27.1373],[68.04825,27.12902],[68.03657,27.0989],[68.00446,27.06969],[67.94716,27.07154],[67.91114,27.05652],[67.91006,27.0426],[67.97138,27.01828],[67.97982,26.98649],[67.96952,26.97781],[67.92654,26.9717],[67.9164,26.95683],[67.93137,26.93641],[67.9211,26.92189],[67.88437,26.91181],[67.83408,26.85581],[67.85061,26.79479],[67.86458,26.76511],[67.85209,26.72845],[67.83573,26.72302],[67.84438,26.69055],[67.86279,26.68235],[67.86934,26.66082],[67.84789,26.63224],[67.80759,26.59724],[67.80705,26.57113],[67.85843,26.54214],[67.91136,26.54915],[67.92859,26.5451],[67.94211,26.56551],[67.96897,26.57991],[67.99687,26.5713],[68.02769,26.60437],[68.04759,26.58418],[68.10514,26.56904],[68.15302,26.59815],[68.22676,26.59647],[68.25827,26.61818],[68.33039,26.63021],[68.35676,26.63006]]]]}},{"type":"Feature","properties":{"province_name":"Sindh","district_name":"Sanghar","district_code":"PK718","area_km2":10150.934187030784},"geometry":{"type":"MultiPolygon","coordinates":[[[[70.12715,26.14046],[70.07434,26.15266],[70.00825,26.17685],[69.89452,26.19046],[69.83707,26.20555],[69.75883,26.20291],[69.68851,26.20568],[69.65935,26.21194],[69.60215,26.21245],[69.57005,26.20021],[69.50015,26.21196],[69.40822,26.2137],[69.33386,26.22394],[69.25498,26.23072],[69.23516,26.23774],[69.17274,26.22465],[69.11673,26.22236],[69.07292,26.23665],[69.05335,26.25977],[69.06203,26.28922],[69.01765,26.29839],[68.98314,26.36166],[68.95246,26.37148],[68.94228,26.43041],[68.91911,26.4692],[68.84716,26.43683],[68.85293,26.42008],[68.81399,26.36472],[68.74793,26.31496],[68.74189,26.33422],[68.69679,26.33641],[68.692,26.29487],[68.64239,26.29943],[68.63172,26.25717],[68.65522,26.25603],[68.66606,26.20449],[68.64706,26.16869],[68.62356,26.19432],[68.60247,26.17062],[68.5689,26.18487],[68.5186,26.16455],[68.50057,26.17268],[68.47462,26.16006],[68.4473,26.18277],[68.44182,26.15946],[68.4707,26.08852],[68.44722,26.0673],[68.43275,26.07132],[68.44571,26.04176],[68.49596,26.04535],[68.50251,25.99976],[68.47964,25.96353],[68.47799,25.93467],[68.44343,25.90921],[68.48332,25.88642],[68.50196,25.86613],[68.49144,25.83589],[68.53464,25.81891],[68.54125,25.77206],[68.56371,25.73861],[68.59025,25.7229],[68.61877,25.69122],[68.64901,25.68927],[68.66782,25.66991],[68.69059,25.7122],[68.72853,25.72376],[68.73631,25.75259],[68.82792,25.72771],[68.86819,25.69435],[68.88025,25.70271],[68.87895,25.73195],[68.91478,25.7364],[68.92332,25.75075],[68.9893,25.69977],[69.03217,25.72416],[69.05802,25.72274],[69.08701,25.75151],[69.10054,25.81307],[69.19937,25.79424],[69.23288,25.8024],[69.24533,25.7875],[69.25083,25.75517],[69.28671,25.74603],[69.30452,25.76016],[69.36024,25.72983],[69.36536,25.70258],[69.32443,25.70758],[69.31182,25.66557],[69.32356,25.61541],[69.27031,25.60799],[69.29262,25.56819],[69.2943,25.54657],[69.33107,25.56907],[69.3815,25.55472],[69.39105,25.56289],[69.44499,25.54161],[69.47447,25.55999],[69.49433,25.55363],[69.52533,25.56798],[69.55526,25.56681],[69.55666,25.54451],[69.57293,25.51908],[69.57298,25.50037],[69.62113,25.49095],[69.64187,25.51703],[69.65772,25.51165],[69.68151,25.52918],[69.72718,25.5476],[69.77117,25.60206],[69.78769,25.64547],[69.84192,25.68355],[69.86281,25.68649],[69.92219,25.75038],[69.94841,25.7531],[69.97449,25.72484],[69.99527,25.72408],[70.05255,25.75564],[70.09216,25.76845],[70.17185,25.76928],[70.19146,25.78282],[70.23264,25.78267],[70.20767,25.81048],[70.14502,25.86852],[70.10668,25.92421],[70.0913,25.96516],[70.09098,25.99682],[70.08045,26.05824],[70.09428,26.09736],[70.12715,26.14046]]]]}},{"type":"Feature","properties":{"province_name":"Sindh","district_name":"Shaheed Benazir Abad","district_code":"PK719","area_km2":4579.135487300571},"geometry":{"type":"MultiPolygon","coordinates":[[[[68.84716,26.43683],[68.84921,26.48219],[68.83506,26.50228],[68.82088,26.54285],[68.80411,26.56235],[68.75828,26.58691],[68.57585,26.60208],[68.51266,26.6145],[68.47646,26.61205],[68.40067,26.62704],[68.35676,26.63006],[68.33039,26.63021],[68.25827,26.61818],[68.22676,26.59647],[68.15302,26.59815],[68.10514,26.56904],[68.04759,26.58418],[68.02769,26.60437],[67.99687,26.5713],[67.96897,26.57991],[67.94211,26.56551],[67.92859,26.5451],[67.91136,26.54915],[67.92095,26.50957],[67.91242,26.46798],[67.87547,26.4249],[67.90475,26.41083],[67.89039,26.35234],[67.87294,26.33838],[67.87268,26.29698],[67.91756,26.245],[67.94246,26.23584],[67.98354,26.20443],[68.02078,26.18844],[68.02112,26.15431],[68.03102,26.14066],[68.13341,26.04512],[68.17345,26.00118],[68.24037,25.99905],[68.27747,25.99266],[68.32405,26.01834],[68.33799,26.05952],[68.38457,26.10623],[68.43275,26.07132],[68.44722,26.0673],[68.4707,26.08852],[68.44182,26.15946],[68.4473,26.18277],[68.47462,26.16006],[68.50057,26.17268],[68.5186,26.16455],[68.5689,26.18487],[68.60247,26.17062],[68.62356,26.19432],[68.64706,26.16869],[68.66606,26.20449],[68.65522,26.25603],[68.63172,26.25717],[68.64239,26.29943],[68.692,26.29487],[68.69679,26.33641],[68.74189,26.33422],[68.74793,26.31496],[68.81399,26.36472],[68.85293,26.42008],[68.84716,26.43683]]]]}},{"type":"Feature","properties":{"province_name":"Sindh","district_name":"Shikarpur","district_code":"PK720","area_km2":2549.902716941128},"geometry":{"type":"MultiPolygon","coordinates":[[[[68.9291,28.08821],[68.91715,28.09491],[68.88271,28.08272],[68.85519,28.09597],[68.79282,28.10933],[68.73837,28.1289],[68.70461,28.12975],[68.654,28.15057],[68.59419,28.15211],[68.53372,28.16002],[68.47738,28.14915],[68.44361,28.12693],[68.40096,28.11357],[68.32354,28.12023],[68.30925,27.99603],[68.31124,27.93035],[68.24487,27.92417],[68.26958,27.87054],[68.33704,27.79088],[68.34392,27.74998],[68.37756,27.73453],[68.39439,27.71759],[68.43337,27.71032],[68.46231,27.68495],[68.51058,27.71852],[68.56125,27.70924],[68.59874,27.72485],[68.64044,27.78136],[68.68975,27.77643],[68.7041,27.81695],[68.76218,27.78491],[68.81512,27.79711],[68.86792,27.85765],[68.85798,27.88213],[68.89966,27.914],[68.89883,27.9359],[68.92587,27.94011],[68.97945,27.97731],[69.01034,27.97695],[69.04327,28.02119],[69.06469,28.02535],[69.03361,28.06557],[69.00628,28.08521],[68.96861,28.07973],[68.9291,28.08821]]]]}},{"type":"Feature","properties":{"province_name":"Sindh","district_name":"South Karachi","district_code":"PK721","area_km2":507.7960566911314},"geometry":{"type":"MultiPolygon","coordinates":[[[[67.0218,24.88243],[66.98738,24.87655],[66.94562,24.90894],[66.92859,24.94122],[66.96029,24.95921],[66.96814,24.97995],[66.93824,25.02936],[66.91594,25.0137],[66.85739,25.00253],[66.78983,24.96858],[66.72224,24.91392],[66.70295,24.89269],[66.65956,24.85076],[66.65139,24.82935],[66.69261,24.8234],[66.7562,24.84375],[66.77299,24.83644],[66.82241,24.83619],[66.83463,24.84958],[66.87032,24.85486],[66.91216,24.84468],[66.95378,24.86101],[66.96265,24.82499],[67.02662,24.80534],[67.05669,24.7755],[67.09313,24.75694],[67.09074,24.79214],[67.07485,24.83035],[67.09002,24.85909],[67.06583,24.85105],[67.04035,24.85957],[67.0218,24.88243]]]]}},{"type":"Feature","properties":{"province_name":"Sindh","district_name":"Sujawal","district_code":"PK722","area_km2":8682.22236876884},"geometry":{"type":"MultiPolygon","coordinates":[[[[68.35406,24.7572],[68.34876,24.77753],[68.29532,24.8127],[68.3009,24.8303],[68.27591,24.84875],[68.28152,24.91766],[68.31012,24.93778],[68.28054,24.97948],[68.25874,24.98854],[68.22008,24.95512],[68.17777,24.97449],[68.14551,24.97242],[68.12595,24.96148],[68.12286,24.92124],[68.0892,24.89742],[68.08445,24.88269],[68.11217,24.85923],[68.10829,24.84144],[68.0616,24.8524],[68.02989,24.83706],[68.02324,24.81799],[68.03171,24.79303],[68.02886,24.76714],[67.98554,24.69777],[67.96343,24.67],[67.96877,24.60749],[67.98905,24.58864],[67.99704,24.55398],[67.96128,24.5209],[67.94762,24.48558],[67.95874,24.47195],[67.96497,24.41933],[67.89304,24.42612],[67.84816,24.42077],[67.84355,24.39493],[67.86177,24.35267],[67.83684,24.32056],[67.80362,24.34028],[67.77977,24.33426],[67.77378,24.3165],[67.7984,24.27543],[67.81137,24.2658],[67.80514,24.24177],[67.75668,24.24551],[67.72301,24.16797],[67.66165,24.16061],[67.62222,24.18247],[67.60226,24.15917],[67.53744,24.15355],[67.52546,24.12878],[67.55397,24.12603],[67.56473,24.0584],[67.49079,24.03137],[67.48109,23.99714],[67.48455,23.9734],[67.47901,23.94684],[67.49364,23.89998],[67.53353,23.87461],[67.5461,23.88799],[67.57256,23.86962],[67.58343,23.8394],[67.60108,23.84923],[67.63268,23.83373],[67.62608,23.81224],[67.65201,23.79453],[67.68509,23.80519],[67.70695,23.79838],[67.74654,23.79955],[67.73499,23.83779],[67.79066,23.81641],[67.83418,23.81949],[67.83784,23.87551],[67.84563,23.90916],[67.88069,23.96705],[67.90269,23.96472],[67.87299,23.92951],[67.86505,23.89219],[67.87196,23.85865],[67.95197,23.81211],[67.97018,23.81137],[67.99625,23.78673],[68.04274,23.79029],[68.04218,23.83017],[68.02769,23.86928],[68.07599,23.83321],[68.1347,23.86589],[68.19038,23.85195],[68.18562,23.8863],[68.21336,23.88889],[68.24731,23.90679],[68.26372,23.92868],[68.28616,23.93832],[68.30697,23.92385],[68.33001,23.92458],[68.33494,23.96544],[68.37423,23.98316],[68.38492,23.96417],[68.74924,23.96205],[68.75956,24.03582],[68.76422,24.28428],[68.75263,24.2985],[68.74126,24.35045],[68.72819,24.37733],[68.64779,24.37855],[68.56109,24.36263],[68.44591,24.39526],[68.4612,24.43381],[68.40727,24.44484],[68.40666,24.50567],[68.39386,24.52085],[68.39115,24.5633],[68.37332,24.60101],[68.38294,24.61256],[68.37064,24.64168],[68.35261,24.65674],[68.37081,24.72442],[68.3518,24.73649],[68.35406,24.7572]]],[[[68.18364,23.84264],[68.17336,23.82591],[68.14466,23.81796],[68.11765,23.83136],[68.074,23.79533],[68.06606,23.75641],[68.0351,23.72134],[68.10743,23.69771],[68.13713,23.69468],[68.15914,23.71029],[68.14831,23.72473],[68.19128,23.78755],[68.18364,23.84264]]]]}},{"type":"Feature","properties":{"province_name":"Sindh","district_name":"Sukkur","district_code":"PK723","area_km2":5174.666835937701},"geometry":{"type":"MultiPolygon","coordinates":[[[[69.18645,27.99332],[69.16334,27.98984],[69.11584,28.01239],[69.08371,27.98936],[69.06469,28.02535],[69.04327,28.02119],[69.01034,27.97695],[68.97945,27.97731],[68.92587,27.94011],[68.89883,27.9359],[68.89966,27.914],[68.85798,27.88213],[68.86792,27.85765],[68.81512,27.79711],[68.76218,27.78491],[68.7041,27.81695],[68.68975,27.77643],[68.70178,27.74531],[68.71964,27.72866],[68.78246,27.72781],[68.77861,27.71268],[68.80801,27.67644],[68.84229,27.66874],[68.86817,27.62497],[68.84072,27.62339],[68.81864,27.58884],[68.80581,27.55531],[68.80724,27.50338],[68.83021,27.50136],[68.83656,27.47512],[68.88271,27.48157],[68.86702,27.44202],[68.89185,27.4135],[68.86345,27.37343],[68.83923,27.35861],[68.83052,27.30474],[68.83748,27.29277],[68.93217,27.22941],[69.00816,27.20156],[69.05611,27.20019],[69.10642,27.20829],[69.14317,27.20147],[69.17664,27.18437],[69.25025,27.17861],[69.328,27.15687],[69.40152,27.1156],[69.46685,27.09793],[69.49655,27.07446],[69.53558,27.06561],[69.56519,27.13847],[69.58666,27.17798],[69.66595,27.25144],[69.77038,27.32891],[69.72206,27.36318],[69.61076,27.40477],[69.57511,27.43276],[69.52833,27.46049],[69.55345,27.49767],[69.55793,27.51602],[69.44682,27.51248],[69.42294,27.53029],[69.33925,27.53965],[69.28949,27.57994],[69.24091,27.64614],[69.27497,27.70982],[69.31437,27.73179],[69.29278,27.75554],[69.27311,27.75093],[69.25509,27.76693],[69.26287,27.79196],[69.24805,27.80038],[69.21655,27.84121],[69.20171,27.88379],[69.1837,27.91386],[69.17735,27.98036],[69.18645,27.99332]]]]}},{"type":"Feature","properties":{"province_name":"Sindh","district_name":"Tando Allahyar","district_code":"PK724","area_km2":1543.0027392972415},"geometry":{"type":"MultiPolygon","coordinates":[[[[68.88025,25.70271],[68.86819,25.69435],[68.82792,25.72771],[68.73631,25.75259],[68.72853,25.72376],[68.69059,25.7122],[68.66782,25.66991],[68.65026,25.63433],[68.67334,25.60188],[68.66705,25.59039],[68.60086,25.53185],[68.61166,25.51729],[68.60178,25.47947],[68.58822,25.46258],[68.58647,25.43581],[68.61598,25.39966],[68.60642,25.38027],[68.62611,25.35392],[68.59254,25.34684],[68.58946,25.32569],[68.61137,25.31567],[68.61703,25.29216],[68.65032,25.27596],[68.66852,25.2906],[68.70294,25.28898],[68.73227,25.25717],[68.77532,25.24231],[68.77142,25.2101],[68.79599,25.20832],[68.88498,25.22872],[68.90163,25.25872],[68.93405,25.27308],[68.96585,25.29862],[68.95743,25.39695],[68.93651,25.43874],[68.91044,25.46806],[68.8867,25.52187],[68.88391,25.54277],[68.89581,25.61422],[68.90548,25.64454],[68.88025,25.70271]]]]}},{"type":"Feature","properties":{"province_name":"Sindh","district_name":"Tando Muhammad Khan","district_code":"PK725","area_km2":1675.6589682256574},"geometry":{"type":"MultiPolygon","coordinates":[[[[68.73227,25.25717],[68.70294,25.28898],[68.66852,25.2906],[68.65032,25.27596],[68.61703,25.29216],[68.64189,25.25762],[68.63902,25.24466],[68.60172,25.23801],[68.6081,25.20147],[68.59071,25.17907],[68.55875,25.18207],[68.51762,25.1619],[68.48791,25.15938],[68.46896,25.17924],[68.41889,25.16617],[68.36524,25.18203],[68.34419,25.21894],[68.33388,25.19263],[68.35225,25.16866],[68.35276,25.14085],[68.33808,25.12551],[68.28658,25.12716],[68.27126,25.10341],[68.26038,25.05289],[68.25874,24.98854],[68.28054,24.97948],[68.31012,24.93778],[68.28152,24.91766],[68.27591,24.84875],[68.3009,24.8303],[68.29532,24.8127],[68.34876,24.77753],[68.35406,24.7572],[68.39498,24.78712],[68.43328,24.79278],[68.43534,24.81257],[68.48941,24.86445],[68.52762,24.88759],[68.56832,24.87955],[68.57971,24.86677],[68.64878,24.89703],[68.64012,24.91106],[68.6861,24.9204],[68.68761,24.89511],[68.70518,24.87051],[68.69437,24.84903],[68.70829,24.83046],[68.73858,24.83153],[68.74999,24.84617],[68.77327,24.83577],[68.82095,24.83269],[68.84706,24.87072],[68.81128,24.89349],[68.80138,24.92264],[68.78721,24.93392],[68.78467,24.96077],[68.74268,24.97302],[68.69776,24.99565],[68.68046,25.01465],[68.61652,25.04778],[68.60039,25.07141],[68.57113,25.08278],[68.63681,25.12479],[68.61593,25.16436],[68.6525,25.18774],[68.70327,25.203],[68.69572,25.22004],[68.72141,25.232],[68.73227,25.25717]]]]}},{"type":"Feature","properties":{"province_name":"Sindh","district_name":"Tharparkar","district_code":"PK726","area_km2":19675.238560095084},"geometry":{"type":"MultiPolygon","coordinates":[[[[69.07004,24.2602],[69.09293,24.26908],[69.19002,24.23574],[69.27491,24.26885],[69.31027,24.27669],[69.36194,24.26618],[69.43158,24.27365],[69.47773,24.26228],[69.50421,24.26301],[69.5901,24.28676],[69.68121,24.20509],[69.72458,24.1751],[69.82532,24.16746],[69.91226,24.1642],[70.02409,24.16935],[70.0489,24.18355],[70.07731,24.21564],[70.1101,24.2849],[70.15045,24.30057],[70.23706,24.31727],[70.29689,24.33991],[70.37031,24.35345],[70.45963,24.38698],[70.57487,24.42031],[70.59319,24.41173],[70.58159,24.36834],[70.56139,24.35839],[70.57761,24.31927],[70.57349,24.29817],[70.58781,24.2854],[70.57243,24.26493],[70.59355,24.24027],[70.65531,24.22509],[70.72582,24.22086],[70.80576,24.22272],[70.85365,24.24738],[70.8941,24.2571],[70.89281,24.2736],[70.86578,24.2843],[70.87272,24.30495],[70.9559,24.34465],[70.98086,24.36337],[71.01389,24.35242],[71.05015,24.36209],[71.08066,24.39137],[71.1116,24.39872],[71.1234,24.4206],[71.10737,24.43319],[71.02026,24.43334],[71.00071,24.4489],[70.99387,24.48717],[70.99884,24.51056],[70.98849,24.5502],[70.98939,24.60315],[71.0209,24.64515],[71.06502,24.66262],[71.08605,24.69336],[71.05715,24.73071],[71.03297,24.7864],[70.99619,24.84413],[70.96251,24.88732],[70.91794,24.98639],[70.90166,25.04943],[70.88125,25.14593],[70.85204,25.17696],[70.7525,25.27172],[70.73718,25.32573],[70.66589,25.39596],[70.67043,25.50105],[70.66437,25.55035],[70.66537,25.60632],[70.67243,25.66142],[70.66877,25.68618],[70.64002,25.71543],[70.6048,25.71849],[70.52649,25.68853],[70.48421,25.68947],[70.40984,25.68125],[70.37465,25.68128],[70.27539,25.71132],[70.26524,25.72387],[70.24402,25.70196],[70.15418,25.64834],[70.12377,25.58715],[70.16572,25.58733],[70.18865,25.60131],[70.20995,25.57705],[70.19746,25.54443],[70.21356,25.53369],[70.24563,25.55893],[70.2917,25.5487],[70.2739,25.51693],[70.28303,25.49053],[70.23908,25.45336],[70.22981,25.43485],[70.26223,25.40291],[70.29714,25.42682],[70.31493,25.41423],[70.32172,25.38575],[70.28375,25.36583],[70.30116,25.33236],[70.30493,25.27026],[70.29162,25.24525],[70.25877,25.21873],[70.23471,25.23785],[70.20856,25.22344],[70.16722,25.22928],[70.14075,25.20819],[70.10828,25.20355],[70.06924,25.21091],[70.03542,25.1984],[70.02107,25.20859],[69.99292,25.19843],[69.9286,25.23029],[69.89039,25.24307],[69.80145,25.19576],[69.72797,25.16177],[69.67538,25.1432],[69.74176,25.10118],[69.7357,25.0876],[69.75407,25.06357],[69.7388,25.0556],[69.7404,25.0061],[69.71192,24.99732],[69.68822,25.00789],[69.63178,25.04555],[69.60291,25.02163],[69.58403,24.98044],[69.49741,24.89301],[69.47962,24.88257],[69.45163,24.85513],[69.40177,24.84793],[69.38795,24.83004],[69.35366,24.80894],[69.32388,24.80067],[69.3073,24.77305],[69.24646,24.74768],[69.25391,24.73229],[69.21458,24.66979],[69.24284,24.65862],[69.23165,24.6001],[69.18886,24.54058],[69.10636,24.48444],[69.07994,24.46214],[69.05388,24.3664],[69.05361,24.3165],[69.07234,24.28125],[69.07004,24.2602]]]]}},{"type":"Feature","properties":{"province_name":"Sindh","district_name":"Thatta","district_code":"PK727","area_km2":7627.441291307209},"geometry":{"type":"MultiPolygon","coordinates":[[[[68.34268,25.29412],[68.32071,25.28695],[68.2674,25.28578],[68.21798,25.30026],[68.17041,25.30153],[68.13971,25.33659],[68.10506,25.39645],[68.0333,25.44119],[67.99655,25.44384],[67.96792,25.41014],[67.93929,25.40727],[67.93009,25.37557],[67.90657,25.36018],[67.91383,25.32874],[67.90595,25.30146],[67.85333,25.25862],[67.84431,25.23762],[67.82032,25.21417],[67.82756,25.18998],[67.81508,25.11791],[67.80643,25.09432],[67.76664,25.08322],[67.7362,25.06182],[67.71294,25.0048],[67.7002,25.00132],[67.63842,25.01592],[67.58706,24.9713],[67.55877,24.96931],[67.51797,24.98475],[67.52568,24.93229],[67.53634,24.90132],[67.57207,24.83271],[67.58151,24.79507],[67.57039,24.78821],[67.51804,24.80055],[67.48885,24.83434],[67.46603,24.8458],[67.43622,24.84541],[67.4439,24.78185],[67.42657,24.76898],[67.38057,24.77646],[67.35461,24.7683],[67.34956,24.74579],[67.39322,24.70463],[67.43253,24.69818],[67.40688,24.63577],[67.38088,24.63492],[67.36605,24.60583],[67.34979,24.60717],[67.31546,24.57535],[67.32335,24.5491],[67.35209,24.55506],[67.37017,24.5304],[67.35233,24.47971],[67.37429,24.47209],[67.39838,24.42153],[67.37346,24.40631],[67.36202,24.37275],[67.36961,24.34774],[67.3509,24.34295],[67.3385,24.32272],[67.30671,24.31498],[67.29992,24.28553],[67.32588,24.24487],[67.34196,24.23518],[67.33437,24.20884],[67.34352,24.18995],[67.33443,24.17253],[67.36947,24.13738],[67.3625,24.11796],[67.36896,24.0925],[67.39497,24.06623],[67.41842,24.08828],[67.42434,24.05864],[67.40919,24.03373],[67.43477,23.98285],[67.42122,23.96096],[67.42798,23.94371],[67.48455,23.9734],[67.48109,23.99714],[67.49079,24.03137],[67.56473,24.0584],[67.55397,24.12603],[67.52546,24.12878],[67.53744,24.15355],[67.60226,24.15917],[67.62222,24.18247],[67.66165,24.16061],[67.72301,24.16797],[67.75668,24.24551],[67.80514,24.24177],[67.81137,24.2658],[67.7984,24.27543],[67.77378,24.3165],[67.77977,24.33426],[67.80362,24.34028],[67.83684,24.32056],[67.86177,24.35267],[67.84355,24.39493],[67.84816,24.42077],[67.89304,24.42612],[67.96497,24.41933],[67.95874,24.47195],[67.94762,24.48558],[67.96128,24.5209],[67.99704,24.55398],[67.98905,24.58864],[67.96877,24.60749],[67.96343,24.67],[67.98554,24.69777],[68.02886,24.76714],[68.03171,24.79303],[68.02324,24.81799],[68.02989,24.83706],[68.0616,24.8524],[68.10829,24.84144],[68.11217,24.85923],[68.08445,24.88269],[68.0892,24.89742],[68.12286,24.92124],[68.12595,24.96148],[68.14551,24.97242],[68.17777,24.97449],[68.22008,24.95512],[68.25874,24.98854],[68.26038,25.05289],[68.27126,25.10341],[68.28658,25.12716],[68.33808,25.12551],[68.35276,25.14085],[68.35225,25.16866],[68.33388,25.19263],[68.34419,25.21894],[68.32343,25.24079],[68.34268,25.29412]]],[[[67.36074,24.43407],[67.33522,24.43406],[67.30861,24.41564],[67.30801,24.39058],[67.34001,24.39373],[67.3441,24.41703],[67.36074,24.43407]]],[[[67.36234,24.45729],[67.30177,24.45007],[67.30591,24.43204],[67.35953,24.44175],[67.36234,24.45729]]],[[[67.288,24.52621],[67.26755,24.51864],[67.25669,24.47694],[67.27509,24.46733],[67.30275,24.47097],[67.31277,24.4999],[67.288,24.52621]]],[[[67.3595,24.53485],[67.34754,24.54301],[67.30827,24.54401],[67.32773,24.51355],[67.35052,24.50241],[67.3595,24.53485]]],[[[67.26991,24.57905],[67.22754,24.5772],[67.21783,24.55224],[67.27322,24.52488],[67.30287,24.54779],[67.30497,24.56373],[67.26991,24.57905]]],[[[67.42202,24.68073],[67.42087,24.69843],[67.38561,24.68893],[67.35181,24.68887],[67.38689,24.65056],[67.40687,24.64766],[67.42202,24.68073]]],[[[67.31276,24.73434],[67.29487,24.73605],[67.25449,24.7063],[67.24814,24.67706],[67.29227,24.66998],[67.30469,24.69065],[67.33009,24.67813],[67.34955,24.69401],[67.39147,24.69664],[67.34653,24.73546],[67.31276,24.73434]]]]}},{"type":"Feature","properties":{"province_name":"Sindh","district_name":"Umer Kot","district_code":"PK728","area_km2":5486.136603249054},"geometry":{"type":"MultiPolygon","coordinates":[[[[70.23264,25.78267],[70.19146,25.78282],[70.17185,25.76928],[70.09216,25.76845],[70.05255,25.75564],[69.99527,25.72408],[69.97449,25.72484],[69.94841,25.7531],[69.92219,25.75038],[69.86281,25.68649],[69.84192,25.68355],[69.78769,25.64547],[69.77117,25.60206],[69.72718,25.5476],[69.68151,25.52918],[69.65772,25.51165],[69.64187,25.51703],[69.62113,25.49095],[69.57298,25.50037],[69.57293,25.51908],[69.55666,25.54451],[69.55526,25.56681],[69.52533,25.56798],[69.49433,25.55363],[69.47447,25.55999],[69.44499,25.54161],[69.39105,25.56289],[69.3815,25.55472],[69.33107,25.56907],[69.2943,25.54657],[69.25503,25.55091],[69.20401,25.57249],[69.18562,25.56638],[69.19176,25.4935],[69.18283,25.45581],[69.21409,25.4272],[69.24863,25.40944],[69.29157,25.37332],[69.32641,25.32701],[69.3591,25.30211],[69.36294,25.23418],[69.38612,25.14487],[69.4062,25.11228],[69.39698,25.07025],[69.40107,25.05273],[69.46153,24.98608],[69.47432,24.94753],[69.47178,24.89613],[69.47962,24.88257],[69.49741,24.89301],[69.58403,24.98044],[69.60291,25.02163],[69.63178,25.04555],[69.68822,25.00789],[69.71192,24.99732],[69.7404,25.0061],[69.7388,25.0556],[69.75407,25.06357],[69.7357,25.0876],[69.74176,25.10118],[69.67538,25.1432],[69.72797,25.16177],[69.80145,25.19576],[69.89039,25.24307],[69.9286,25.23029],[69.99292,25.19843],[70.02107,25.20859],[70.03542,25.1984],[70.06924,25.21091],[70.10828,25.20355],[70.14075,25.20819],[70.16722,25.22928],[70.20856,25.22344],[70.23471,25.23785],[70.25877,25.21873],[70.29162,25.24525],[70.30493,25.27026],[70.30116,25.33236],[70.28375,25.36583],[70.32172,25.38575],[70.31493,25.41423],[70.29714,25.42682],[70.26223,25.40291],[70.22981,25.43485],[70.23908,25.45336],[70.28303,25.49053],[70.2739,25.51693],[70.2917,25.5487],[70.24563,25.55893],[70.21356,25.53369],[70.19746,25.54443],[70.20995,25.57705],[70.18865,25.60131],[70.16572,25.58733],[70.12377,25.58715],[70.15418,25.64834],[70.24402,25.70196],[70.26524,25.72387],[70.23264,25.78267]]]]}},{"type":"Feature","properties":{"province_name":"Sindh","district_name":"West Karachi","district_code":"PK729","area_km2":241.81374916502105},"geometry":{"type":"MultiPolygon","coordinates":[[[[67.12048,25.0128],[67.0725,25.08683],[67.00507,25.09781],[66.93824,25.02936],[66.96814,24.97995],[66.96029,24.95921],[66.92859,24.94122],[66.94562,24.90894],[66.98738,24.87655],[67.0218,24.88243],[67.02634,24.88699],[67.01825,24.92441],[67.04032,24.95386],[67.05025,25.00633],[67.09203,25.00901],[67.12048,25.0128]]]]}}]}