{"type":"FeatureCollection","features":[{"type":"Feature","properties":{"province_name":"Azad Kashmir","district_name":"Bagh","tehsil_name":"Bagh","tehsil_code":"PK10101","area_km2":271.37939699947884},"geometry":{"type":"MultiPolygon","coordinates":[[[[73.9382,34.0318],[73.8981,34.016],[73.8699,34.0177],[73.8519,34.0386],[73.8526,34.0643],[73.8341,34.0784],[73.8093,34.0843],[73.7773,34.0794],[73.7758,34.0534],[73.7966,34.0219],[73.7984,34.0034],[73.7608,33.9867],[73.7846,33.9313],[73.8296,33.9041],[73.8815,33.8971],[73.9198,33.8866],[73.957,33.9158],[73.9756,33.9213],[73.9807,33.9417],[73.9997,33.9617],[74.0013,33.9745],[73.9594,33.9836],[73.9378,34.0151],[73.9382,34.0318]]]]}},{"type":"Feature","properties":{"province_name":"Azad Kashmir","district_name":"Bagh","tehsil_name":"Dhir Kot","tehsil_code":"PK10102","area_km2":236.7018478301161},"geometry":{"type":"MultiPolygon","coordinates":[[[[73.6889,34.0642],[73.6448,34.059],[73.6163,34.0727],[73.5893,34.0741],[73.5706,34.0992],[73.5362,34.1004],[73.5197,34.1098],[73.4944,34.107],[73.5061,34.0617],[73.512,34.0177],[73.5387,33.9513],[73.5496,33.9397],[73.5742,33.9096],[73.5863,33.9122],[73.6131,33.9419],[73.6162,33.9639],[73.6413,33.9784],[73.6664,33.9693],[73.6965,33.9945],[73.6791,34.0316],[73.6889,34.0642]]]]}},{"type":"Feature","properties":{"province_name":"Azad Kashmir","district_name":"Bagh","tehsil_name":"Harighel","tehsil_code":"PK10103","area_km2":189.06907303381317},"geometry":{"type":"MultiPolygon","coordinates":[[[[73.7773,34.0794],[73.7602,34.0823],[73.7144,34.0756],[73.6962,34.0803],[73.6889,34.0642],[73.6791,34.0316],[73.6965,33.9945],[73.6664,33.9693],[73.6815,33.9412],[73.6964,33.9366],[73.737,33.8958],[73.7752,33.8902],[73.7929,33.8768],[73.8211,33.8803],[73.8296,33.9041],[73.7846,33.9313],[73.7608,33.9867],[73.7984,34.0034],[73.7966,34.0219],[73.7758,34.0534],[73.7773,34.0794]]]]}},{"type":"Feature","properties":{"province_name":"Azad Kashmir","district_name":"Bhimber","tehsil_name":"Barnala","tehsil_code":"PK10201","area_km2":457.66449867563057},"geometry":{"type":"MultiPolygon","coordinates":[[[[74.4617,32.7917],[74.4301,32.8447],[74.4293,32.8795],[74.4139,32.904],[74.3478,32.9082],[74.318,32.9197],[74.3207,32.9414],[74.3464,32.9656],[74.3532,32.9831],[74.3517,33.0131],[74.3379,33.0259],[74.288,33.0407],[74.2759,33.0242],[74.2228,33.0225],[74.1725,33.0099],[74.1499,32.9885],[74.1679,32.9764],[74.1752,32.9537],[74.159,32.9404],[74.155,32.9211],[74.1344,32.9016],[74.1953,32.8752],[74.315,32.8189],[74.3328,32.8156],[74.3506,32.7822],[74.3717,32.7711],[74.4122,32.7744],[74.4419,32.7919],[74.4617,32.7917]]]]}},{"type":"Feature","properties":{"province_name":"Azad Kashmir","district_name":"Bhimber","tehsil_name":"Bhimber","tehsil_code":"PK10202","area_km2":374.15706900083615},"geometry":{"type":"MultiPolygon","coordinates":[[[[74.1725,33.0099],[74.1363,33.0342],[74.0968,33.0227],[74.0759,33.0434],[74.0153,33.0643],[73.9821,33.0927],[73.9694,33.117],[73.9465,33.1196],[73.9487,33.1358],[73.938,33.1638],[73.9172,33.1809],[73.9043,33.1632],[73.8794,33.1524],[73.8804,33.1246],[73.8539,33.1003],[73.8764,33.077],[73.871,33.0582],[73.8357,33.0284],[73.8254,33.0134],[73.8608,33.0303],[73.8911,33.0375],[73.9211,33.0342],[73.9422,33.0219],[73.9864,32.9617],[74.0311,32.9399],[74.0778,32.9278],[74.1344,32.9016],[74.155,32.9211],[74.159,32.9404],[74.1752,32.9537],[74.1679,32.9764],[74.1499,32.9885],[74.1725,33.0099]]]]}},{"type":"Feature","properties":{"province_name":"Azad Kashmir","district_name":"Bhimber","tehsil_name":"Samahni","tehsil_code":"PK10203","area_km2":387.05760803415984},"geometry":{"type":"MultiPolygon","coordinates":[[[[74.0131,33.2499],[74.0002,33.2563],[73.9796,33.2399],[73.9644,33.2412],[73.9438,33.2599],[73.9299,33.2442],[73.9077,33.2308],[73.9059,33.197],[73.9172,33.1809],[73.938,33.1638],[73.9487,33.1358],[73.9465,33.1196],[73.9694,33.117],[73.9821,33.0927],[74.0153,33.0643],[74.0759,33.0434],[74.0968,33.0227],[74.1363,33.0342],[74.1725,33.0099],[74.2228,33.0225],[74.2759,33.0242],[74.288,33.0407],[74.255,33.0488],[74.2053,33.0433],[74.1763,33.1072],[74.1117,33.1644],[74.0828,33.1807],[74.0263,33.1886],[74.0143,33.1983],[74.0131,33.2499]]]]}},{"type":"Feature","properties":{"province_name":"Azad Kashmir","district_name":"Jhelum Valley","tehsil_name":"Chikar","tehsil_code":"PK10301","area_km2":81.31580476144123},"geometry":{"type":"MultiPolygon","coordinates":[[[[73.7602,34.0823],[73.7573,34.1011],[73.7189,34.1318],[73.712,34.1794],[73.663,34.1908],[73.6352,34.1879],[73.6449,34.1685],[73.6465,34.1379],[73.6962,34.0803],[73.7144,34.0756],[73.7602,34.0823]]]]}},{"type":"Feature","properties":{"province_name":"Azad Kashmir","district_name":"Jhelum Valley","tehsil_name":"Hattian","tehsil_code":"PK10302","area_km2":436.9691072566466},"geometry":{"type":"MultiPolygon","coordinates":[[[[73.9778,34.258],[73.9597,34.2509],[73.8665,34.2514],[73.8311,34.2731],[73.77,34.2717],[73.7612,34.2827],[73.7457,34.2461],[73.714,34.2163],[73.678,34.1997],[73.6557,34.2016],[73.6352,34.1879],[73.663,34.1908],[73.712,34.1794],[73.7189,34.1318],[73.7573,34.1011],[73.7602,34.0823],[73.7773,34.0794],[73.8093,34.0843],[73.8341,34.0784],[73.8526,34.0643],[73.8519,34.0386],[73.8699,34.0177],[73.8981,34.016],[73.9382,34.0318],[73.8982,34.0328],[73.8832,34.05],[73.8857,34.0751],[73.9044,34.0969],[73.9041,34.1223],[73.9766,34.2118],[73.9778,34.258]]]]}},{"type":"Feature","properties":{"province_name":"Azad Kashmir","district_name":"Jhelum Valley","tehsil_name":"Leepa","tehsil_code":"PK10303","area_km2":166.2606311905129},"geometry":{"type":"MultiPolygon","coordinates":[[[[73.9778,34.258],[73.941,34.3017],[73.9199,34.3423],[73.8994,34.3598],[73.8418,34.3383],[73.8201,34.3499],[73.7935,34.338],[73.7514,34.3305],[73.7503,34.2946],[73.7612,34.2827],[73.77,34.2717],[73.8311,34.2731],[73.8665,34.2514],[73.9597,34.2509],[73.9778,34.258]]]]}},{"type":"Feature","properties":{"province_name":"Azad Kashmir","district_name":"Haveli","tehsil_name":"Haveli","tehsil_code":"PK10401","area_km2":299.7477592345437},"geometry":{"type":"MultiPolygon","coordinates":[[[[74.2026,33.8568],[74.1689,33.9178],[74.137,33.9136],[74.1348,33.9504],[74.1228,34.0135],[74.1251,34.0548],[74.087,34.0378],[74.0061,34.0225],[74,34.0302],[73.9382,34.0318],[73.9378,34.0151],[73.9594,33.9836],[74.0013,33.9745],[73.9997,33.9617],[74.0524,33.9606],[74.0548,33.93],[74.0658,33.8973],[74.0427,33.8829],[73.9969,33.877],[74.027,33.8441],[74.0352,33.8195],[74.0574,33.8145],[74.09,33.8263],[74.1298,33.8276],[74.1701,33.8399],[74.2026,33.8568]]]]}},{"type":"Feature","properties":{"province_name":"Azad Kashmir","district_name":"Haveli","tehsil_name":"Khurshid Abad","tehsil_code":"PK10402","area_km2":195.13867984033615},"geometry":{"type":"MultiPolygon","coordinates":[[[[74.2026,33.8568],[74.2456,33.895],[74.2611,33.9248],[74.2628,33.9743],[74.2487,34.0138],[74.2147,34.0386],[74.1614,34.0389],[74.1251,34.0548],[74.1228,34.0135],[74.1348,33.9504],[74.137,33.9136],[74.1689,33.9178],[74.2026,33.8568]]]]}},{"type":"Feature","properties":{"province_name":"Azad Kashmir","district_name":"Haveli","tehsil_name":"Mumtazabad","tehsil_code":"PK10403","area_km2":58.60716874190626},"geometry":{"type":"MultiPolygon","coordinates":[[[[73.9969,33.877],[74.0427,33.8829],[74.0658,33.8973],[74.0548,33.93],[74.0524,33.9606],[73.9997,33.9617],[73.9807,33.9417],[73.9756,33.9213],[73.9969,33.877]]]]}},{"type":"Feature","properties":{"province_name":"Azad Kashmir","district_name":"Kotli","tehsil_name":"Charhoi","tehsil_code":"PK10501","area_km2":287.72990973955393},"geometry":{"type":"MultiPolygon","coordinates":[[[[73.8667,33.4582],[73.8471,33.4167],[73.7671,33.4042],[73.7847,33.3878],[73.8099,33.3798],[73.848,33.3377],[73.8732,33.3229],[73.8981,33.2831],[73.929,33.262],[73.9299,33.2442],[73.9438,33.2599],[73.9644,33.2412],[73.9796,33.2399],[74.0002,33.2563],[74.0131,33.2499],[74.0244,33.2625],[74.0789,33.2602],[74.1182,33.2863],[74.0691,33.2812],[74.0432,33.3163],[74.0246,33.3073],[73.9795,33.3666],[73.9826,33.3938],[73.9685,33.3889],[73.9396,33.3971],[73.9072,33.4296],[73.8667,33.4582]]]]}},{"type":"Feature","properties":{"province_name":"Azad Kashmir","district_name":"Kotli","tehsil_name":"Dulliya Jattan","tehsil_code":"PK10502","area_km2":107.05009042191028},"geometry":{"type":"MultiPolygon","coordinates":[[[[73.9299,33.2442],[73.929,33.262],[73.8981,33.2831],[73.8732,33.3229],[73.848,33.3377],[73.8099,33.3798],[73.7847,33.3878],[73.7671,33.4042],[73.7632,33.406],[73.7565,33.3771],[73.7777,33.3609],[73.766,33.3486],[73.8315,33.2817],[73.8926,33.2304],[73.9077,33.2308],[73.9299,33.2442]]]]}},{"type":"Feature","properties":{"province_name":"Azad Kashmir","district_name":"Kotli","tehsil_name":"Fatehpur Thakiala","tehsil_code":"PK10503","area_km2":173.78383075213236},"geometry":{"type":"MultiPolygon","coordinates":[[[[74.1796,33.4158],[74.1871,33.4555],[74.1782,33.4817],[74.0963,33.5698],[74.0819,33.5712],[74.0514,33.5406],[74.033,33.5379],[74.0483,33.4916],[74.0653,33.4712],[74.0588,33.4518],[74.0756,33.4399],[74.0933,33.3939],[74.139,33.3906],[74.1633,33.4119],[74.1796,33.4158]]]]}},{"type":"Feature","properties":{"province_name":"Azad Kashmir","district_name":"Kotli","tehsil_name":"Khui Ratta","tehsil_code":"PK10504","area_km2":178.9626938856647},"geometry":{"type":"MultiPolygon","coordinates":[[[[74.1182,33.2863],[74.1669,33.3441],[74.1851,33.3835],[74.1796,33.4158],[74.1633,33.4119],[74.139,33.3906],[74.0933,33.3939],[74.0699,33.3866],[74.052,33.3995],[74.0196,33.4072],[73.9826,33.3938],[73.9795,33.3666],[74.0246,33.3073],[74.0432,33.3163],[74.0691,33.2812],[74.1182,33.2863]]]]}},{"type":"Feature","properties":{"province_name":"Azad Kashmir","district_name":"Kotli","tehsil_name":"Kotli","tehsil_code":"PK10505","area_km2":476.6688950228475},"geometry":{"type":"MultiPolygon","coordinates":[[[[73.9059,33.6008],[73.868,33.5844],[73.8251,33.59],[73.7912,33.6132],[73.7841,33.6064],[73.7493,33.6177],[73.7379,33.58],[73.7732,33.5508],[73.7868,33.5296],[73.8247,33.4983],[73.8596,33.4934],[73.8667,33.4582],[73.9072,33.4296],[73.9396,33.3971],[73.9685,33.3889],[73.9826,33.3938],[74.0196,33.4072],[74.052,33.3995],[74.0699,33.3866],[74.0933,33.3939],[74.0756,33.4399],[74.0588,33.4518],[74.0653,33.4712],[74.0483,33.4916],[74.033,33.5379],[74.0514,33.5406],[74.0819,33.5712],[74.0539,33.5651],[74.0284,33.5747],[74.0167,33.5945],[73.972,33.6069],[73.9607,33.6185],[73.9059,33.6008]]]]}},{"type":"Feature","properties":{"province_name":"Azad Kashmir","district_name":"Kotli","tehsil_name":"Sehnsa","tehsil_code":"PK10506","area_km2":381.87679336534154},"geometry":{"type":"MultiPolygon","coordinates":[[[[73.7379,33.58],[73.6833,33.632],[73.6497,33.6377],[73.6262,33.6499],[73.5955,33.6852],[73.5739,33.6644],[73.5689,33.6242],[73.5986,33.6069],[73.6269,33.5689],[73.623,33.5481],[73.6316,33.5264],[73.6114,33.5128],[73.6106,33.4877],[73.6265,33.4603],[73.6582,33.4672],[73.7001,33.4596],[73.7533,33.4186],[73.7632,33.406],[73.7671,33.4042],[73.8471,33.4167],[73.8667,33.4582],[73.8596,33.4934],[73.8247,33.4983],[73.7868,33.5296],[73.7732,33.5508],[73.7379,33.58]]]]}},{"type":"Feature","properties":{"province_name":"Azad Kashmir","district_name":"Mirpur","tehsil_name":"Dadyal","tehsil_code":"PK10601","area_km2":288.84224325612354},"geometry":{"type":"MultiPolygon","coordinates":[[[[73.7632,33.406],[73.7533,33.4186],[73.7001,33.4596],[73.6582,33.4672],[73.6265,33.4603],[73.5972,33.4392],[73.5958,33.4178],[73.5806,33.4019],[73.5705,33.3722],[73.5895,33.3393],[73.6158,33.2914],[73.6118,33.2785],[73.6236,33.2553],[73.6401,33.2335],[73.6658,33.238],[73.6767,33.2878],[73.6951,33.3162],[73.7266,33.3063],[73.7463,33.3204],[73.766,33.3486],[73.7777,33.3609],[73.7565,33.3771],[73.7632,33.406]]]]}},{"type":"Feature","properties":{"province_name":"Azad Kashmir","district_name":"Mirpur","tehsil_name":"Mirpur","tehsil_code":"PK10602","area_km2":611.6877420842567},"geometry":{"type":"MultiPolygon","coordinates":[[[[73.9077,33.2308],[73.8926,33.2304],[73.8315,33.2817],[73.766,33.3486],[73.7463,33.3204],[73.7266,33.3063],[73.6951,33.3162],[73.6767,33.2878],[73.6658,33.238],[73.6401,33.2335],[73.6412,33.2161],[73.6671,33.2153],[73.6686,33.158],[73.6318,33.1359],[73.6283,33.0947],[73.6569,33.0811],[73.7262,33.0618],[73.7586,33.0472],[73.7739,33.0233],[73.8058,33.0089],[73.8254,33.0134],[73.8357,33.0284],[73.871,33.0582],[73.8764,33.077],[73.8539,33.1003],[73.8804,33.1246],[73.8794,33.1524],[73.9043,33.1632],[73.9172,33.1809],[73.9059,33.197],[73.9077,33.2308]]]]}},{"type":"Feature","properties":{"province_name":"Azad Kashmir","district_name":"Muzaffarabad","tehsil_name":"Muzaffarabad","tehsil_code":"PK10701","area_km2":715.9368630298791},"geometry":{"type":"MultiPolygon","coordinates":[[[[73.7503,34.2946],[73.7219,34.2907],[73.6811,34.2951],[73.6634,34.3154],[73.625,34.3163],[73.6066,34.3795],[73.5712,34.3937],[73.5469,34.3849],[73.5395,34.371],[73.5071,34.3634],[73.4962,34.3862],[73.4642,34.4094],[73.4863,34.4187],[73.4864,34.4367],[73.5047,34.4498],[73.4786,34.4719],[73.4366,34.4678],[73.4242,34.4587],[73.4069,34.4244],[73.3982,34.3741],[73.4019,34.3442],[73.4142,34.3161],[73.4647,34.2753],[73.465,34.2589],[73.4794,34.2219],[73.4878,34.185],[73.4867,34.1372],[73.4944,34.107],[73.5197,34.1098],[73.5362,34.1004],[73.5706,34.0992],[73.5893,34.0741],[73.6163,34.0727],[73.6448,34.059],[73.6889,34.0642],[73.6962,34.0803],[73.6465,34.1379],[73.6449,34.1685],[73.6352,34.1879],[73.6557,34.2016],[73.678,34.1997],[73.714,34.2163],[73.7457,34.2461],[73.7612,34.2827],[73.7503,34.2946]]]]}},{"type":"Feature","properties":{"province_name":"Azad Kashmir","district_name":"Muzaffarabad","tehsil_name":"Naseerabad","tehsil_code":"PK10702","area_km2":649.96959769731},"geometry":{"type":"MultiPolygon","coordinates":[[[[73.6445,34.571],[73.625,34.5639],[73.5817,34.5878],[73.5194,34.5725],[73.4647,34.5719],[73.4428,34.555],[73.4322,34.4792],[73.4242,34.4587],[73.4366,34.4678],[73.4786,34.4719],[73.5047,34.4498],[73.4864,34.4367],[73.4863,34.4187],[73.4642,34.4094],[73.4962,34.3862],[73.5071,34.3634],[73.5395,34.371],[73.5469,34.3849],[73.5712,34.3937],[73.6066,34.3795],[73.625,34.3163],[73.6634,34.3154],[73.6811,34.2951],[73.7219,34.2907],[73.7503,34.2946],[73.7514,34.3305],[73.7935,34.338],[73.8201,34.3499],[73.8074,34.3567],[73.7734,34.3498],[73.7632,34.3596],[73.7688,34.3872],[73.7347,34.3815],[73.7475,34.4058],[73.7479,34.4497],[73.7334,34.4636],[73.7608,34.4883],[73.7625,34.5139],[73.7374,34.5254],[73.7201,34.522],[73.6907,34.5359],[73.6669,34.5344],[73.6445,34.571]]]]}},{"type":"Feature","properties":{"province_name":"Azad Kashmir","district_name":"Neelum","tehsil_name":"Athmuqam","tehsil_code":"PK10801","area_km2":1158.3724565961895},"geometry":{"type":"MultiPolygon","coordinates":[[[[74.1534,34.6991],[74.1326,34.7154],[74.1094,34.7224],[74.098,34.7685],[74.0758,34.7945],[74.073,34.8128],[74.0914,34.8376],[74.0636,34.8614],[74.064,34.8857],[74.0468,34.912],[74.0155,34.9184],[73.9864,34.8705],[73.9372,34.8494],[73.8983,34.8247],[73.8339,34.8269],[73.7994,34.8036],[73.7603,34.7994],[73.7205,34.7672],[73.7091,34.7322],[73.6728,34.7033],[73.6611,34.6842],[73.6744,34.6458],[73.6544,34.5869],[73.6445,34.571],[73.6669,34.5344],[73.6907,34.5359],[73.7201,34.522],[73.7374,34.5254],[73.7625,34.5139],[73.7608,34.4883],[73.7334,34.4636],[73.7479,34.4497],[73.7475,34.4058],[73.7347,34.3815],[73.7688,34.3872],[73.777,34.4163],[73.8073,34.442],[73.8548,34.4734],[73.8987,34.4958],[73.8867,34.515],[73.8953,34.5467],[73.9481,34.5731],[73.9274,34.6461],[73.9416,34.6772],[73.9602,34.6967],[74.0129,34.7099],[74.0417,34.6873],[74.0865,34.6937],[74.1327,34.6902],[74.1534,34.6991]]]]}},{"type":"Feature","properties":{"province_name":"Azad Kashmir","district_name":"Neelum","tehsil_name":"Sharda","tehsil_code":"PK10802","area_km2":1994.095755172394},"geometry":{"type":"MultiPolygon","coordinates":[[[[74.8649,34.6799],[74.8266,34.7265],[74.7824,34.764],[74.7645,34.8129],[74.7259,34.8433],[74.7228,34.8609],[74.6774,34.8801],[74.6535,34.9012],[74.6033,34.9193],[74.566,34.9075],[74.5747,34.9473],[74.5627,34.957],[74.5746,35.0187],[74.5543,35.0132],[74.5285,35.036],[74.537,35.0656],[74.5086,35.0885],[74.5098,35.0992],[74.4819,35.113],[74.4664,35.1106],[74.4519,35.1338],[74.4376,35.1312],[74.4294,35.1104],[74.405,35.0978],[74.3751,35.0613],[74.3313,35.0603],[74.2995,35.0674],[74.2743,35.0417],[74.2486,35.0394],[74.238,35.066],[74.2158,35.067],[74.2162,35.0871],[74.1607,35.0804],[74.1159,35.1231],[74.0822,35.1056],[74.0614,35.0806],[74.0622,35.0606],[74.0874,35.0249],[74.0558,34.9961],[74.0517,34.9556],[74.0155,34.9184],[74.0468,34.912],[74.064,34.8857],[74.0636,34.8614],[74.0914,34.8376],[74.073,34.8128],[74.0758,34.7945],[74.098,34.7685],[74.1094,34.7224],[74.1326,34.7154],[74.1534,34.6991],[74.203,34.7366],[74.2699,34.7627],[74.3028,34.7975],[74.3462,34.7904],[74.3755,34.8034],[74.474,34.7906],[74.5066,34.7755],[74.5441,34.7765],[74.5802,34.7701],[74.6182,34.7422],[74.6388,34.7335],[74.6713,34.7007],[74.7281,34.6886],[74.8356,34.6775],[74.8649,34.6799]]]]}},{"type":"Feature","properties":{"province_name":"Azad Kashmir","district_name":"Poonch","tehsil_name":"Abbaspur","tehsil_code":"PK10901","area_km2":110.64871866734973},"geometry":{"type":"MultiPolygon","coordinates":[[[[73.9969,33.877],[73.9756,33.9213],[73.957,33.9158],[73.9198,33.8866],[73.9172,33.8542],[73.9329,33.8422],[73.9413,33.8119],[73.977,33.7876],[74.0175,33.7668],[74.0574,33.8145],[74.0352,33.8195],[74.027,33.8441],[73.9969,33.877]]]]}},{"type":"Feature","properties":{"province_name":"Azad Kashmir","district_name":"Poonch","tehsil_name":"Hajira","tehsil_code":"PK10902","area_km2":246.65731858522017},"geometry":{"type":"MultiPolygon","coordinates":[[[[74.0175,33.7668],[73.977,33.7876],[73.9413,33.8119],[73.9329,33.8422],[73.9172,33.8542],[73.9033,33.8444],[73.8664,33.8444],[73.8525,33.8216],[73.863,33.8095],[73.8216,33.794],[73.7911,33.7684],[73.81,33.76],[73.8145,33.7401],[73.8511,33.7454],[73.8754,33.7525],[73.8843,33.7278],[73.88,33.6988],[73.9231,33.694],[73.9227,33.6856],[73.9567,33.6624],[73.9473,33.6488],[73.923,33.6505],[73.9179,33.6347],[73.8979,33.6244],[73.9059,33.6008],[73.9607,33.6185],[73.972,33.6069],[74.0167,33.5945],[74,33.6237],[73.9757,33.6936],[73.9562,33.7203],[73.9665,33.7403],[74,33.7526],[74.0175,33.7668]]]]}},{"type":"Feature","properties":{"province_name":"Azad Kashmir","district_name":"Poonch","tehsil_name":"Rawalakot","tehsil_code":"PK10903","area_km2":309.41611468388544},"geometry":{"type":"MultiPolygon","coordinates":[[[[73.8296,33.9041],[73.8211,33.8803],[73.7929,33.8768],[73.7752,33.8902],[73.737,33.8958],[73.6964,33.9366],[73.6815,33.9412],[73.6664,33.9693],[73.6413,33.9784],[73.6162,33.9639],[73.6131,33.9419],[73.638,33.9042],[73.617,33.8946],[73.643,33.8522],[73.6172,33.8244],[73.6722,33.8263],[73.6856,33.8031],[73.7361,33.8036],[73.7911,33.7684],[73.8216,33.794],[73.863,33.8095],[73.8525,33.8216],[73.8664,33.8444],[73.9033,33.8444],[73.9172,33.8542],[73.9198,33.8866],[73.8815,33.8971],[73.8296,33.9041]]]]}},{"type":"Feature","properties":{"province_name":"Azad Kashmir","district_name":"Poonch","tehsil_name":"Thorar","tehsil_code":"PK10904","area_km2":55.83008657005463},"geometry":{"type":"MultiPolygon","coordinates":[[[[73.6172,33.8244],[73.643,33.8522],[73.617,33.8946],[73.638,33.9042],[73.6131,33.9419],[73.5863,33.9122],[73.5742,33.9096],[73.5836,33.8944],[73.5828,33.8617],[73.5714,33.8241],[73.5984,33.8174],[73.6172,33.8244]]]]}},{"type":"Feature","properties":{"province_name":"Azad Kashmir","district_name":"Sudhnoti","tehsil_name":"Baluch","tehsil_code":"PK11001","area_km2":178.88346905710674},"geometry":{"type":"MultiPolygon","coordinates":[[[[73.9059,33.6008],[73.8979,33.6244],[73.9179,33.6347],[73.923,33.6505],[73.9473,33.6488],[73.9567,33.6624],[73.9227,33.6856],[73.9231,33.694],[73.88,33.6988],[73.8843,33.7278],[73.8754,33.7525],[73.8511,33.7454],[73.8531,33.7207],[73.8192,33.6883],[73.7956,33.6756],[73.748,33.671],[73.7493,33.6177],[73.7841,33.6064],[73.7912,33.6132],[73.8251,33.59],[73.868,33.5844],[73.9059,33.6008]]]]}},{"type":"Feature","properties":{"province_name":"Azad Kashmir","district_name":"Sudhnoti","tehsil_name":"Mong","tehsil_code":"PK11002","area_km2":69.15971482633454},"geometry":{"type":"MultiPolygon","coordinates":[[[[73.6856,33.8031],[73.6722,33.8263],[73.6172,33.8244],[73.5984,33.8174],[73.5714,33.8241],[73.5667,33.7889],[73.5812,33.7634],[73.5927,33.7464],[73.6657,33.7717],[73.6818,33.7927],[73.6856,33.8031]]]]}},{"type":"Feature","properties":{"province_name":"Azad Kashmir","district_name":"Sudhnoti","tehsil_name":"Pallandari","tehsil_code":"PK11003","area_km2":216.88180943081545},"geometry":{"type":"MultiPolygon","coordinates":[[[[73.748,33.671],[73.7515,33.707],[73.7412,33.7449],[73.7206,33.779],[73.6942,33.7808],[73.6818,33.7927],[73.6657,33.7717],[73.5927,33.7464],[73.5994,33.7217],[73.5955,33.6852],[73.6262,33.6499],[73.6497,33.6377],[73.6833,33.632],[73.7379,33.58],[73.7493,33.6177],[73.748,33.671]]]]}},{"type":"Feature","properties":{"province_name":"Azad Kashmir","district_name":"Sudhnoti","tehsil_name":"Tarar Khal","tehsil_code":"PK11004","area_km2":105.19567007957237},"geometry":{"type":"MultiPolygon","coordinates":[[[[73.7911,33.7684],[73.7361,33.8036],[73.6856,33.8031],[73.6818,33.7927],[73.6942,33.7808],[73.7206,33.779],[73.7412,33.7449],[73.7515,33.707],[73.748,33.671],[73.7956,33.6756],[73.8192,33.6883],[73.8531,33.7207],[73.8511,33.7454],[73.8145,33.7401],[73.81,33.76],[73.7911,33.7684]]]]}},{"type":"Feature","properties":{"province_name":"Balochistan","district_name":"Awaran","tehsil_name":"Awaran","tehsil_code":"PK20101","area_km2":2913.1300338541014},"geometry":{"type":"MultiPolygon","coordinates":[[[[65.1529,26.0788],[65.165,26.1006],[65.2182,26.1261],[65.2302,26.1558],[65.2746,26.1988],[65.2775,26.2218],[65.2504,26.2592],[65.2371,26.2679],[65.2248,26.3054],[65.2407,26.331],[65.2808,26.3657],[65.3512,26.4327],[65.3753,26.5077],[65.4199,26.5531],[65.4365,26.5905],[65.4488,26.6042],[65.4207,26.6076],[65.3626,26.5733],[65.3215,26.5661],[65.2321,26.5381],[65.1687,26.5227],[65.1323,26.5378],[65.1205,26.5702],[65.0918,26.5991],[65.0086,26.5319],[64.9396,26.4797],[64.9149,26.4507],[64.9182,26.4231],[64.9317,26.4048],[64.9312,26.3805],[64.9184,26.3677],[64.8746,26.3636],[64.8102,26.3676],[64.7338,26.3621],[64.594,26.3704],[64.5193,26.3723],[64.4699,26.3705],[64.4454,26.3655],[64.4201,26.3327],[64.421,26.296],[64.4446,26.2296],[64.4457,26.229],[64.5515,26.2103],[64.6912,26.175],[64.7541,26.1673],[64.8002,26.1566],[64.8483,26.1127],[64.8713,26.0839],[64.9221,26.087],[64.9532,26.0981],[64.9903,26.104],[65.0248,26.0904],[65.0992,26.0906],[65.1529,26.0788]]]]}},{"type":"Feature","properties":{"province_name":"Balochistan","district_name":"Awaran","tehsil_name":"Jhal Jhao","tehsil_code":"PK20102","area_km2":12196.316816338232},"geometry":{"type":"MultiPolygon","coordinates":[[[[66.2228,26.533],[66.1941,26.5643],[66.1773,26.5711],[66.1444,26.5553],[66.1214,26.5312],[66.105,26.4877],[66.1146,26.4588],[66.1102,26.4303],[66.0819,26.4084],[66.0814,26.3674],[66.1034,26.2719],[66.0435,26.3744],[65.9332,26.5418],[65.9251,26.5747],[65.931,26.6118],[66.0007,26.8365],[66.0195,26.915],[66.0384,27.0147],[66.0509,27.0994],[66.0545,27.1547],[66.0491,27.1892],[66.0401,27.1945],[65.9992,27.1455],[65.9852,27.1395],[65.937,27.0697],[65.9187,27.0191],[65.8597,26.9773],[65.8328,26.9682],[65.7665,26.9346],[65.7464,26.9067],[65.7047,26.8362],[65.6945,26.8066],[65.6614,26.7632],[65.6287,26.7428],[65.5737,26.7199],[65.5418,26.6959],[65.4935,26.6483],[65.4715,26.6215],[65.4488,26.6042],[65.4365,26.5905],[65.4199,26.5531],[65.3753,26.5077],[65.3512,26.4327],[65.2808,26.3657],[65.2407,26.331],[65.2248,26.3054],[65.2371,26.2679],[65.2504,26.2592],[65.2775,26.2218],[65.2746,26.1988],[65.2302,26.1558],[65.2182,26.1261],[65.165,26.1006],[65.1529,26.0788],[65.1541,26.0263],[65.182,25.9984],[65.2379,26.0145],[65.2679,26.0119],[65.2805,26.0015],[65.273,25.979],[65.2251,25.9536],[65.1969,25.9244],[65.1811,25.8908],[65.1727,25.8506],[65.1777,25.8241],[65.193,25.802],[65.2418,25.769],[65.2686,25.7599],[65.326,25.7559],[65.3516,25.7403],[65.3572,25.7139],[65.3928,25.6831],[65.4278,25.6924],[65.4494,25.7356],[65.4922,25.7455],[65.5047,25.7403],[65.516,25.7163],[65.513,25.6767],[65.5378,25.6798],[65.5271,25.6444],[65.5027,25.6167],[65.5179,25.59],[65.5173,25.569],[65.5378,25.5567],[65.5497,25.4972],[65.5334,25.466],[65.4985,25.448],[65.5228,25.4306],[65.545,25.4342],[65.5762,25.4488],[65.6277,25.4795],[65.684,25.5002],[65.7496,25.5151],[65.8301,25.4846],[65.8625,25.4824],[65.8883,25.4968],[65.9096,25.497],[65.9199,25.4811],[65.945,25.4754],[65.9717,25.4849],[66.0192,25.4533],[66.0403,25.4517],[66.07,25.4763],[66.0865,25.499],[66.141,25.5873],[66.1639,25.6344],[66.1969,25.6926],[66.217,25.7489],[66.26,25.8499],[66.259,25.8709],[66.2246,26.0245],[66.2198,26.0578],[66.214,26.0782],[66.2013,26.1613],[66.1928,26.1864],[66.1692,26.2292],[66.1624,26.2754],[66.1676,26.3267],[66.1759,26.3418],[66.2132,26.3637],[66.2307,26.3991],[66.2341,26.4639],[66.2518,26.4799],[66.2227,26.5172],[66.2228,26.533]]]]}},{"type":"Feature","properties":{"province_name":"Balochistan","district_name":"Awaran","tehsil_name":"Mashkai","tehsil_code":"PK20103","area_km2":3567.653373508036},"geometry":{"type":"MultiPolygon","coordinates":[[[[65.9852,27.1395],[65.9351,27.1352],[65.912,27.1394],[65.8809,27.1749],[65.8576,27.2538],[65.8277,27.3074],[65.7783,27.3574],[65.6324,27.408],[65.593,27.4175],[65.5874,27.4075],[65.5852,27.3573],[65.5758,27.3233],[65.5386,27.2577],[65.5,27.2072],[65.4835,27.1781],[65.4216,27.0871],[65.3675,27.0167],[65.3473,26.9837],[65.3363,26.8954],[65.3257,26.8617],[65.2985,26.8034],[65.2503,26.756],[65.1804,26.6795],[65.0918,26.5991],[65.1205,26.5702],[65.1323,26.5378],[65.1687,26.5227],[65.2321,26.5381],[65.3215,26.5661],[65.3626,26.5733],[65.4207,26.6076],[65.4488,26.6042],[65.4715,26.6215],[65.4935,26.6483],[65.5418,26.6959],[65.5737,26.7199],[65.6287,26.7428],[65.6614,26.7632],[65.6945,26.8066],[65.7047,26.8362],[65.7464,26.9067],[65.7665,26.9346],[65.8328,26.9682],[65.8597,26.9773],[65.9187,27.0191],[65.937,27.0697],[65.9852,27.1395]]]]}},{"type":"Feature","properties":{"province_name":"Balochistan","district_name":"Awaran","tehsil_name":"Gishekore","tehsil_code":"PK20104","area_km2":6374.957383189007},"geometry":{"type":"MultiPolygon","coordinates":[[[[65.1529,26.0788],[65.0992,26.0906],[65.0248,26.0904],[64.9903,26.104],[64.9532,26.0981],[64.9221,26.087],[64.8713,26.0839],[64.8483,26.1127],[64.8002,26.1566],[64.7541,26.1673],[64.6912,26.175],[64.5515,26.2103],[64.4457,26.229],[64.4755,26.2055],[64.4975,26.1769],[64.5165,26.1102],[64.5021,26.0654],[64.4914,26.0545],[64.4453,26.0365],[64.408,26.0321],[64.3875,26.0204],[64.3759,26.0022],[64.3603,25.9563],[64.3485,25.8927],[64.3576,25.8646],[64.3363,25.8545],[64.322,25.8314],[64.3245,25.7932],[64.3204,25.7731],[64.2764,25.7513],[64.2785,25.7141],[64.2992,25.6854],[64.3234,25.6773],[64.3518,25.6548],[64.3524,25.6399],[64.307,25.6177],[64.2672,25.6126],[64.2464,25.6286],[64.2305,25.6131],[64.2074,25.6074],[64.171,25.5597],[64.1611,25.5366],[64.1319,25.4987],[64.126,25.4719],[64.1399,25.4672],[64.2361,25.4675],[64.283,25.4629],[64.3141,25.4454],[64.3575,25.4325],[64.3808,25.4363],[64.4773,25.4928],[64.5042,25.4992],[64.686,25.5217],[64.8126,25.5418],[64.875,25.5456],[64.9149,25.5534],[64.9645,25.5565],[65.034,25.5683],[65.1714,25.6018],[65.1896,25.5852],[65.2031,25.5573],[65.2333,25.5687],[65.2575,25.5639],[65.2702,25.5859],[65.3006,25.5956],[65.3053,25.6099],[65.3387,25.591],[65.3568,25.6181],[65.3743,25.6267],[65.4021,25.6279],[65.4307,25.6366],[65.4656,25.663],[65.513,25.6767],[65.516,25.7163],[65.5047,25.7403],[65.4922,25.7455],[65.4494,25.7356],[65.4278,25.6924],[65.3928,25.6831],[65.3572,25.7139],[65.3516,25.7403],[65.326,25.7559],[65.2686,25.7599],[65.2418,25.769],[65.193,25.802],[65.1777,25.8241],[65.1727,25.8506],[65.1811,25.8908],[65.1969,25.9244],[65.2251,25.9536],[65.273,25.979],[65.2805,26.0015],[65.2679,26.0119],[65.2379,26.0145],[65.182,25.9984],[65.1541,26.0263],[65.1529,26.0788]]]]}},{"type":"Feature","properties":{"province_name":"Balochistan","district_name":"Barkhan","tehsil_name":"Barkhan","tehsil_code":"PK20201","area_km2":2335.3502972793904},"geometry":{"type":"MultiPolygon","coordinates":[[[[69.8491,30.305],[69.8246,30.2925],[69.7801,30.2991],[69.7689,30.3137],[69.7607,30.3502],[69.7395,30.3584],[69.7294,30.3276],[69.7061,30.2992],[69.6956,30.2739],[69.6413,30.2086],[69.6446,30.1933],[69.6071,30.1438],[69.5942,30.1378],[69.5577,30.16],[69.5628,30.1893],[69.5844,30.2113],[69.567,30.2269],[69.4378,30.101],[69.4033,30.0614],[69.4041,30.0448],[69.4197,30.0538],[69.4783,30.0708],[69.4884,30.0339],[69.4688,30.015],[69.4777,30.0039],[69.4447,29.9556],[69.4067,29.9313],[69.389,29.8956],[69.3481,29.8894],[69.3303,29.8765],[69.2974,29.871],[69.1952,29.8192],[69.1612,29.7933],[69.1525,29.7765],[69.0823,29.7484],[69.0605,29.7264],[69.0909,29.6861],[69.1472,29.6606],[69.1695,29.6439],[69.1906,29.63],[69.2555,29.6113],[69.3247,29.6255],[69.4115,29.6587],[69.4351,29.6783],[69.4704,29.6951],[69.5268,29.704],[69.5594,29.7515],[69.6467,29.8475],[69.7087,29.9074],[69.734,29.928],[69.7994,29.9896],[69.7917,30.03],[69.7904,30.1012],[69.7865,30.1139],[69.8197,30.1287],[69.8093,30.1593],[69.8169,30.2012],[69.8385,30.2563],[69.8491,30.305]]]]}},{"type":"Feature","properties":{"province_name":"Balochistan","district_name":"Barkhan","tehsil_name":"Rakhni","tehsil_code":"PK20202","area_km2":1177.6190657070672},"geometry":{"type":"MultiPolygon","coordinates":[[[[69.5268,29.704],[69.5676,29.7072],[69.6149,29.6991],[69.646,29.6853],[69.6969,29.7104],[69.7326,29.7189],[69.7534,29.7456],[69.789,29.7688],[69.8358,29.8615],[69.8777,29.8988],[69.8925,29.9148],[69.9225,30.0017],[69.9407,30.036],[69.9623,30.053],[69.9797,30.0768],[69.9875,30.1061],[69.9855,30.1395],[69.9971,30.179],[70.0151,30.1899],[70.0242,30.222],[70.0517,30.2299],[70.0762,30.2624],[70.0599,30.2751],[70.0124,30.2774],[69.9824,30.2508],[69.9713,30.2626],[69.9841,30.2938],[69.9591,30.2979],[69.9612,30.3226],[69.9266,30.3339],[69.8863,30.3311],[69.8658,30.3102],[69.8491,30.305],[69.8385,30.2563],[69.8169,30.2012],[69.8093,30.1593],[69.8197,30.1287],[69.7865,30.1139],[69.7904,30.1012],[69.7917,30.03],[69.7994,29.9896],[69.734,29.928],[69.7087,29.9074],[69.6467,29.8475],[69.5594,29.7515],[69.5268,29.704]]]]}},{"type":"Feature","properties":{"province_name":"Balochistan","district_name":"Chagai","tehsil_name":"Dalbandin","tehsil_code":"PK20301","area_km2":15670.132481018058},"geometry":{"type":"MultiPolygon","coordinates":[[[[64.1949,29.4818],[64.1523,29.4496],[64.1311,29.392],[64.1053,29.3775],[64.0678,29.3918],[64.0324,29.4177],[63.9108,29.4386],[63.6449,29.4795],[63.5908,29.4904],[63.3645,29.4764],[63.2303,29.4638],[63.2529,29.3843],[63.2484,29.3477],[63.2345,29.3315],[63.1847,29.2981],[63.1402,29.2473],[63.1341,29.2313],[63.1387,29.2019],[63.1534,29.1805],[63.1839,29.1515],[63.2297,29.1307],[63.2533,29.1151],[63.2969,29.0713],[63.3077,29.0511],[63.3287,28.9821],[63.3475,28.9437],[63.4048,28.874],[63.4603,28.7953],[63.4832,28.7468],[63.5035,28.6254],[63.5229,28.5541],[63.5415,28.5149],[63.5731,28.4811],[63.6135,28.4511],[63.6537,28.4289],[63.7021,28.3771],[63.7463,28.3539],[63.8031,28.3375],[63.8165,28.3457],[63.8237,28.3053],[63.8911,28.3613],[63.9235,28.3791],[63.9591,28.3777],[63.9877,28.3939],[64.0124,28.3852],[64.0439,28.4211],[64.0789,28.4305],[64.1267,28.4677],[64.1757,28.4737],[64.2055,28.4715],[64.2353,28.4908],[64.2737,28.4957],[64.2859,28.5057],[64.2835,28.5349],[64.3058,28.5375],[64.3369,28.5227],[64.3813,28.5201],[64.407,28.5234],[64.4371,28.5471],[64.4615,28.5811],[64.4988,28.6116],[64.5217,28.612],[64.6125,28.6451],[64.6365,28.6435],[64.7645,28.6795],[64.8112,28.6951],[64.8319,28.6955],[64.8785,28.6847],[64.9131,28.683],[64.9287,28.6859],[64.9999,28.7524],[65.0409,28.795],[65.0665,28.8048],[65.1182,28.8074],[65.1588,28.8142],[65.176,28.8234],[65.2218,28.8625],[65.2362,28.8814],[65.2712,28.9072],[65.31,28.9249],[65.3521,28.9581],[65.426,29.0046],[65.4578,29.0277],[65.4762,29.0329],[65.445,29.1019],[65.4269,29.1305],[65.3729,29.2277],[65.2476,29.2108],[65.1086,29.1949],[65.0319,29.1765],[64.9691,29.1431],[64.9369,29.131],[64.9064,29.1111],[64.8305,29.0833],[64.7399,29.0881],[64.7009,29.1005],[64.5323,29.1069],[64.4517,29.1139],[64.4163,29.1219],[64.3427,29.1319],[64.3259,29.1507],[64.3025,29.2221],[64.2958,29.2221],[64.2559,29.3247],[64.2323,29.3756],[64.2229,29.4083],[64.2011,29.4559],[64.1949,29.4818]]]]}},{"type":"Feature","properties":{"province_name":"Balochistan","district_name":"Chagai","tehsil_name":"Nokkundi","tehsil_code":"PK20302","area_km2":15368.28276456965},"geometry":{"type":"MultiPolygon","coordinates":[[[[63.2303,29.4638],[62.8426,29.4269],[62.4558,29.389],[62.1417,29.4822],[62.1156,29.388],[62.1116,29.3495],[62.1249,29.2145],[62.1534,29.1032],[62.1723,29.0663],[62.1761,29.0026],[62.2103,28.9319],[62.269,28.8633],[62.2831,28.8077],[62.3072,28.7773],[62.3553,28.7069],[62.3719,28.6233],[62.3831,28.6033],[62.3925,28.5258],[62.4039,28.4965],[62.4263,28.4137],[62.4723,28.3761],[62.5029,28.3314],[62.5416,28.31],[62.5923,28.2551],[62.7869,28.2812],[62.7919,28.2771],[62.7966,28.209],[62.7808,28.1029],[62.7682,28.0324],[62.7901,27.9781],[62.802,27.8888],[62.8534,27.9199],[62.8878,27.9494],[62.946,28.0126],[62.9875,28.044],[63.0176,28.0718],[63.1463,28.1695],[63.2051,28.183],[63.2199,28.2093],[63.2256,28.2446],[63.2604,28.2766],[63.3352,28.2652],[63.3673,28.2646],[63.4683,28.2888],[63.571,28.2959],[63.6688,28.2904],[63.7021,28.2931],[63.7546,28.3039],[63.7866,28.3145],[63.8031,28.3375],[63.7463,28.3539],[63.7021,28.3771],[63.6537,28.4289],[63.6135,28.4511],[63.5731,28.4811],[63.5415,28.5149],[63.5229,28.5541],[63.5035,28.6254],[63.4832,28.7468],[63.4603,28.7953],[63.4048,28.874],[63.3475,28.9437],[63.3287,28.9821],[63.3077,29.0511],[63.2969,29.0713],[63.2533,29.1151],[63.2297,29.1307],[63.1839,29.1515],[63.1534,29.1805],[63.1387,29.2019],[63.1341,29.2313],[63.1402,29.2473],[63.1847,29.2981],[63.2345,29.3315],[63.2484,29.3477],[63.2529,29.3843],[63.2303,29.4638]]]]}},{"type":"Feature","properties":{"province_name":"Balochistan","district_name":"Chagai","tehsil_name":"Taftan","tehsil_code":"PK20303","area_km2":9141.40131971237},"geometry":{"type":"MultiPolygon","coordinates":[[[[62.1417,29.4822],[61.8682,29.5627],[61.6525,29.6257],[61.1854,29.7688],[60.8786,29.8618],[61.1259,29.5729],[61.1926,29.5025],[61.3111,29.3965],[61.3726,29.3487],[61.3734,29.3165],[61.3578,29.2828],[61.3835,29.2215],[61.4287,29.1938],[61.4148,29.1562],[61.4158,29.1356],[61.4586,29.1224],[61.4779,29.1028],[61.4789,29.0806],[61.5032,29.0564],[61.5043,29.0076],[61.5633,28.9425],[61.5736,28.914],[61.62,28.8557],[61.6403,28.8216],[61.6657,28.7952],[61.681,28.7706],[61.7211,28.7382],[61.7775,28.6799],[61.8042,28.6402],[61.8229,28.6327],[61.8701,28.5971],[61.9576,28.5487],[61.9932,28.5408],[62.0433,28.5079],[62.1158,28.4851],[62.1706,28.4876],[62.2399,28.4659],[62.2963,28.4635],[62.35,28.4412],[62.3725,28.438],[62.4263,28.4137],[62.4039,28.4965],[62.3925,28.5258],[62.3831,28.6033],[62.3719,28.6233],[62.3553,28.7069],[62.3072,28.7773],[62.2831,28.8077],[62.269,28.8633],[62.2103,28.9319],[62.1761,29.0026],[62.1723,29.0663],[62.1534,29.1032],[62.1249,29.2145],[62.1116,29.3495],[62.1156,29.388],[62.1417,29.4822]]]]}},{"type":"Feature","properties":{"province_name":"Balochistan","district_name":"Chagai","tehsil_name":"Chagai","tehsil_code":"PK20304","area_km2":4616.188370962854},"geometry":{"type":"MultiPolygon","coordinates":[[[[65.1293,29.5516],[65.0671,29.5362],[65,29.5374],[64.9558,29.5536],[64.8217,29.5641],[64.7621,29.5711],[64.6319,29.5811],[64.4876,29.5718],[64.4555,29.564],[64.4118,29.5451],[64.37,29.5487],[64.3153,29.5304],[64.2668,29.5238],[64.2374,29.5025],[64.2081,29.4944],[64.1949,29.4818],[64.2011,29.4559],[64.2229,29.4083],[64.2323,29.3756],[64.2559,29.3247],[64.2958,29.2221],[64.3025,29.2221],[64.3259,29.1507],[64.3427,29.1319],[64.4163,29.1219],[64.4517,29.1139],[64.5323,29.1069],[64.7009,29.1005],[64.7399,29.0881],[64.8305,29.0833],[64.9064,29.1111],[64.9369,29.131],[64.9691,29.1431],[65.0319,29.1765],[65.1086,29.1949],[65.2476,29.2108],[65.3729,29.2277],[65.3366,29.2929],[65.2611,29.4135],[65.1892,29.5003],[65.1293,29.5516]]]]}},{"type":"Feature","properties":{"province_name":"Balochistan","district_name":"Dera Bugti","tehsil_name":"Dera Bugti","tehsil_code":"PK20401","area_km2":3076.714957561399},"geometry":{"type":"MultiPolygon","coordinates":[[[[69.0361,29.2607],[68.9867,29.2505],[68.964,29.2341],[68.9205,29.2228],[68.8297,29.2437],[68.712,29.2619],[68.6607,29.2641],[68.5337,29.2343],[68.4865,29.2175],[68.4678,29.2064],[68.4123,29.2021],[68.3762,29.2054],[68.3145,29.2261],[68.2966,29.2262],[68.2794,29.2032],[68.2795,29.1788],[68.2895,29.1611],[68.3482,29.0983],[68.3829,29.0495],[68.4101,28.9838],[68.4454,28.9856],[68.559,28.9789],[68.6556,28.962],[68.7129,28.9476],[68.7821,28.9208],[68.8227,28.9013],[68.9246,28.8696],[68.9931,28.8435],[69.0327,28.8376],[69.1008,28.8148],[69.1808,28.7932],[69.2504,28.7703],[69.3007,28.7581],[69.3194,28.7677],[69.3275,28.7937],[69.3262,28.8334],[69.3099,28.8669],[69.2827,28.9081],[69.2463,28.9502],[69.2304,28.9749],[69.2309,29.0121],[69.2482,29.0325],[69.3023,29.0418],[69.3358,29.0526],[69.3611,29.0781],[69.3243,29.0774],[69.2861,29.095],[69.2445,29.0995],[69.1501,29.1],[69.1034,29.0972],[69.047,29.1024],[69.0182,29.1612],[69.0143,29.1844],[69.0181,29.228],[69.0361,29.2607]]]]}},{"type":"Feature","properties":{"province_name":"Balochistan","district_name":"Dera Bugti","tehsil_name":"Phelawagh","tehsil_code":"PK20402","area_km2":2506.2005088585797},"geometry":{"type":"MultiPolygon","coordinates":[[[[69.6089,29.0115],[69.6506,29.0657],[69.7063,29.0897],[69.7127,29.1156],[69.7501,29.174],[69.7434,29.2031],[69.744,29.2364],[69.769,29.2844],[69.7665,29.2978],[69.7365,29.2903],[69.6988,29.2596],[69.6825,29.2651],[69.6822,29.2911],[69.6714,29.3052],[69.644,29.3087],[69.6388,29.3192],[69.6664,29.3495],[69.6598,29.3789],[69.6412,29.4024],[69.615,29.4233],[69.584,29.4072],[69.5626,29.4148],[69.5635,29.4586],[69.5744,29.4839],[69.5946,29.5108],[69.6033,29.5968],[69.5915,29.6261],[69.6187,29.64],[69.6289,29.6687],[69.5684,29.6785],[69.516,29.6619],[69.4774,29.6334],[69.4359,29.5912],[69.427,29.5716],[69.4261,29.5437],[69.4557,29.5239],[69.4967,29.5157],[69.5002,29.491],[69.4662,29.4469],[69.3734,29.4033],[69.343,29.3728],[69.3174,29.3559],[69.2733,29.3458],[69.2398,29.319],[69.2058,29.2711],[69.1875,29.2595],[69.1439,29.2481],[69.1173,29.2475],[69.0361,29.2607],[69.0181,29.228],[69.0143,29.1844],[69.0182,29.1612],[69.047,29.1024],[69.1034,29.0972],[69.1501,29.1],[69.2445,29.0995],[69.2861,29.095],[69.3243,29.0774],[69.3611,29.0781],[69.3358,29.0526],[69.3023,29.0418],[69.2482,29.0325],[69.2534,29.0144],[69.3299,29.0152],[69.3836,29.0219],[69.4026,29.0285],[69.4963,29.0372],[69.5363,29.0328],[69.5872,29.0209],[69.6089,29.0115]]]]}},{"type":"Feature","properties":{"province_name":"Balochistan","district_name":"Dera Bugti","tehsil_name":"Sui","tehsil_code":"PK20403","area_km2":4703.270115810796},"geometry":{"type":"MultiPolygon","coordinates":[[[[69.6089,29.0115],[69.5872,29.0209],[69.5363,29.0328],[69.4963,29.0372],[69.4026,29.0285],[69.3836,29.0219],[69.3299,29.0152],[69.2534,29.0144],[69.2482,29.0325],[69.2309,29.0121],[69.2304,28.9749],[69.2463,28.9502],[69.2827,28.9081],[69.3099,28.8669],[69.3262,28.8334],[69.3275,28.7937],[69.3194,28.7677],[69.3007,28.7581],[69.2504,28.7703],[69.1808,28.7932],[69.1008,28.8148],[69.0327,28.8376],[68.9931,28.8435],[68.9246,28.8696],[68.8227,28.9013],[68.7821,28.9208],[68.7129,28.9476],[68.6556,28.962],[68.559,28.9789],[68.4454,28.9856],[68.4101,28.9838],[68.4144,28.888],[68.435,28.8156],[68.4409,28.7599],[68.4396,28.7203],[68.4482,28.674],[68.4685,28.6464],[68.5707,28.5913],[68.6004,28.572],[68.6928,28.5188],[68.7784,28.4836],[68.8459,28.4721],[68.9207,28.465],[68.9749,28.4662],[69.036,28.4594],[69.0803,28.4936],[69.1004,28.4909],[69.1185,28.4727],[69.1275,28.4406],[69.2642,28.4456],[69.3638,28.4456],[69.3384,28.5122],[69.3213,28.5436],[69.3247,28.5549],[69.3578,28.5711],[69.4114,28.5903],[69.4209,28.5977],[69.4693,28.6736],[69.4844,28.7019],[69.5329,28.7731],[69.5377,28.8011],[69.5217,28.8306],[69.4865,28.8416],[69.4896,28.8916],[69.5418,28.9286],[69.5554,28.9518],[69.5743,28.954],[69.594,28.9942],[69.6089,29.0115]]]]}},{"type":"Feature","properties":{"province_name":"Balochistan","district_name":"Gwadar","tehsil_name":"Gwadar","tehsil_code":"PK20501","area_km2":2373.7486503027276},"geometry":{"type":"MultiPolygon","coordinates":[[[[61.9142,25.2387],[61.9124,25.1861],[61.8916,25.1414],[61.8703,25.1233],[61.9043,25.1057],[61.9847,25.1096],[62.0458,25.1059],[62.0984,25.0962],[62.0866,25.1341],[62.0665,25.1548],[62.0849,25.1881],[62.167,25.2112],[62.2172,25.2152],[62.2538,25.2083],[62.2884,25.1941],[62.3149,25.1687],[62.3218,25.1477],[62.3203,25.1205],[62.2806,25.1106],[62.2742,25.0976],[62.3399,25.0895],[62.3769,25.0962],[62.3753,25.109],[62.3465,25.1061],[62.3394,25.1391],[62.3562,25.1699],[62.3859,25.193],[62.4306,25.2102],[62.4707,25.2126],[62.4637,25.2365],[62.4945,25.2529],[62.6048,25.2622],[62.6335,25.3187],[62.6433,25.3589],[62.6435,25.3951],[62.6343,25.4071],[62.5981,25.4177],[62.4901,25.4107],[62.5223,25.4303],[62.4967,25.4795],[62.4823,25.4901],[62.4587,25.4813],[62.4421,25.4855],[62.4595,25.5163],[62.4491,25.5529],[62.4044,25.5541],[62.3259,25.5365],[62.2368,25.509],[62.2096,25.5032],[62.1241,25.4736],[62.1062,25.4855],[62.0675,25.4779],[61.994,25.4742],[61.9717,25.4683],[61.9806,25.4449],[61.9785,25.4236],[61.9586,25.4112],[61.9348,25.3812],[61.9276,25.3288],[61.9458,25.2907],[61.9355,25.265],[61.9142,25.2387]]]]}},{"type":"Feature","properties":{"province_name":"Balochistan","district_name":"Gwadar","tehsil_name":"Jiwani","tehsil_code":"PK20502","area_km2":383.60140455897846},"geometry":{"type":"MultiPolygon","coordinates":[[[[61.9142,25.2387],[61.8616,25.2457],[61.7528,25.243],[61.7343,25.252],[61.6961,25.2461],[61.6902,25.2318],[61.6311,25.2484],[61.6105,25.195],[61.6337,25.2028],[61.6592,25.1869],[61.6982,25.2042],[61.7215,25.1787],[61.7813,25.1903],[61.7852,25.1567],[61.7736,25.1258],[61.7581,25.1027],[61.737,25.0855],[61.7242,25.0541],[61.7394,25.0374],[61.7644,25.0328],[61.8449,25.0434],[61.864,25.0784],[61.8594,25.0961],[61.9043,25.1057],[61.8703,25.1233],[61.8916,25.1414],[61.9124,25.1861],[61.9142,25.2387]]]]}},{"type":"Feature","properties":{"province_name":"Balochistan","district_name":"Gwadar","tehsil_name":"Ormara","tehsil_code":"PK20503","area_km2":2650.9142305876885},"geometry":{"type":"MultiPolygon","coordinates":[[[[65.2031,25.5573],[65.1896,25.5852],[65.1714,25.6018],[65.034,25.5683],[64.9645,25.5565],[64.9149,25.5534],[64.875,25.5456],[64.8126,25.5418],[64.686,25.5217],[64.5042,25.4992],[64.4773,25.4928],[64.3808,25.4363],[64.3575,25.4325],[64.3141,25.4454],[64.283,25.4629],[64.2361,25.4675],[64.2244,25.4309],[64.1995,25.3877],[64.178,25.3915],[64.1648,25.365],[64.1346,25.3754],[64.1121,25.3712],[64.0936,25.3669],[64.0829,25.3329],[64.0922,25.3268],[64.1635,25.3289],[64.2233,25.318],[64.24,25.307],[64.2668,25.3027],[64.3405,25.2768],[64.3765,25.2606],[64.406,25.2383],[64.4576,25.2412],[64.4984,25.2698],[64.5436,25.2705],[64.5765,25.2526],[64.6054,25.23],[64.6119,25.2058],[64.6045,25.1891],[64.5832,25.1813],[64.5846,25.1594],[64.6166,25.1546],[64.6623,25.16],[64.693,25.1738],[64.694,25.1933],[64.6585,25.1946],[64.637,25.2123],[64.6439,25.2591],[64.6718,25.2912],[64.702,25.3078],[64.7499,25.3209],[64.8568,25.3181],[64.9034,25.3259],[64.966,25.3206],[64.9953,25.3252],[65.0437,25.3153],[65.1564,25.3061],[65.2263,25.3172],[65.2381,25.3444],[65.2152,25.3721],[65.204,25.4005],[65.209,25.438],[65.2068,25.5411],[65.2031,25.5573]]]]}},{"type":"Feature","properties":{"province_name":"Balochistan","district_name":"Gwadar","tehsil_name":"Pasni","tehsil_code":"PK20504","area_km2":4393.4440255808595},"geometry":{"type":"MultiPolygon","coordinates":[[[[64.171,25.5597],[64.1125,25.5599],[64.0917,25.5764],[64.0822,25.5983],[64.046,25.6143],[63.9991,25.6121],[63.8937,25.5869],[63.7809,25.5579],[63.6699,25.5079],[63.5789,25.4649],[63.4678,25.4074],[63.4251,25.367],[63.4031,25.3783],[63.4359,25.4084],[63.4119,25.4508],[63.3735,25.462],[63.3543,25.4918],[63.3425,25.4963],[63.2886,25.4969],[63.2153,25.5087],[63.1964,25.5063],[63.1774,25.5194],[63.1564,25.5143],[63.0943,25.5171],[63.0747,25.5285],[63.0355,25.5296],[63.0266,25.547],[62.9749,25.6003],[62.9415,25.5926],[62.9279,25.5869],[62.8677,25.5781],[62.842,25.5571],[62.804,25.566],[62.6684,25.5557],[62.6285,25.5595],[62.4491,25.5529],[62.4595,25.5163],[62.4421,25.4855],[62.4587,25.4813],[62.4823,25.4901],[62.4967,25.4795],[62.5223,25.4303],[62.4901,25.4107],[62.5981,25.4177],[62.6343,25.4071],[62.6435,25.3951],[62.6433,25.3589],[62.6335,25.3187],[62.6048,25.2622],[62.6577,25.2615],[62.7221,25.2567],[62.7554,25.2505],[62.8309,25.2462],[63.0071,25.2106],[63.0653,25.2286],[63.0997,25.2526],[63.1395,25.2577],[63.1764,25.252],[63.2801,25.2289],[63.3659,25.2226],[63.4819,25.1983],[63.4983,25.2003],[63.5039,25.2263],[63.4857,25.2365],[63.4746,25.2658],[63.4984,25.3172],[63.5357,25.3457],[63.6059,25.3706],[63.6751,25.3827],[63.758,25.3788],[63.7941,25.3724],[63.8685,25.3489],[63.946,25.3358],[64.018,25.3381],[64.0643,25.3283],[64.0725,25.3595],[64.0417,25.4016],[64.0058,25.4066],[63.9934,25.4298],[64.0253,25.4412],[64.0512,25.4324],[64.1174,25.4545],[64.1373,25.4266],[64.1233,25.4129],[64.0837,25.3921],[64.1121,25.3712],[64.1346,25.3754],[64.1648,25.365],[64.178,25.3915],[64.1995,25.3877],[64.2244,25.4309],[64.2361,25.4675],[64.1399,25.4672],[64.126,25.4719],[64.1319,25.4987],[64.1611,25.5366],[64.171,25.5597]]]]}},{"type":"Feature","properties":{"province_name":"Balochistan","district_name":"Gwadar","tehsil_name":"Sunster","tehsil_code":"PK20505","area_km2":1867.4004560946364},"geometry":{"type":"MultiPolygon","coordinates":[[[[62.1062,25.4855],[62.0927,25.5011],[62.0542,25.5089],[62.0615,25.5374],[62.0819,25.555],[62.1081,25.56],[62.1131,25.5752],[62.0895,25.5964],[62.0729,25.625],[62.0717,25.6422],[62.0763,25.679],[62.052,25.7073],[62.049,25.7277],[62.0556,25.7604],[62.0488,25.7701],[62.0251,25.7634],[62.0262,25.7438],[62.0115,25.714],[61.9915,25.6991],[61.9825,25.6804],[61.9602,25.661],[61.9208,25.6656],[61.8909,25.6865],[61.8384,25.6902],[61.8065,25.7009],[61.7799,25.8175],[61.7688,25.8018],[61.7177,25.796],[61.6892,25.7992],[61.6899,25.7179],[61.705,25.7039],[61.7045,25.6725],[61.6807,25.6544],[61.6672,25.5124],[61.6698,25.4219],[61.6643,25.3334],[61.6556,25.2975],[61.6311,25.2484],[61.6902,25.2318],[61.6961,25.2461],[61.7343,25.252],[61.7528,25.243],[61.8616,25.2457],[61.9142,25.2387],[61.9355,25.265],[61.9458,25.2907],[61.9276,25.3288],[61.9348,25.3812],[61.9586,25.4112],[61.9785,25.4236],[61.9806,25.4449],[61.9717,25.4683],[61.994,25.4742],[62.0675,25.4779],[62.1062,25.4855]]]]}},{"type":"Feature","properties":{"province_name":"Balochistan","district_name":"Harnai","tehsil_name":"Harnai","tehsil_code":"PK20601","area_km2":1613.6308445968334},"geometry":{"type":"MultiPolygon","coordinates":[[[[68.4094,30.0161],[68.3924,30.0324],[68.3879,30.0529],[68.3188,30.0957],[68.2895,30.1065],[68.2173,30.146],[68.2082,30.1738],[68.1697,30.2025],[68.1406,30.2121],[68.1055,30.2416],[68.0988,30.2611],[68.0679,30.271],[68.0109,30.2812],[67.9889,30.2998],[67.9325,30.2627],[67.9076,30.2366],[67.8718,30.1818],[67.8584,30.1454],[67.8384,30.1138],[67.7877,30.0667],[67.794,30.055],[67.7653,30.0299],[67.7786,30.0176],[67.8527,30.019],[67.8868,30.0285],[67.9366,30.0284],[67.9725,30.0219],[68.0015,29.9882],[68.0111,29.9601],[68.0037,29.9032],[67.9765,29.8399],[67.9227,29.777],[67.9016,29.7338],[67.8792,29.703],[67.9057,29.7059],[67.9738,29.7526],[67.9703,29.7924],[68.0286,29.8167],[68.0525,29.8462],[68.0644,29.8884],[68.0845,29.8978],[68.1673,29.9085],[68.248,29.9289],[68.2727,29.9321],[68.3983,29.9364],[68.3964,29.958],[68.4094,30.0161]]]]}},{"type":"Feature","properties":{"province_name":"Balochistan","district_name":"Harnai","tehsil_name":"Shahrigh","tehsil_code":"PK20602","area_km2":1447.8511999476036},"geometry":{"type":"MultiPolygon","coordinates":[[[[67.9889,30.2998],[67.8689,30.3446],[67.8717,30.3629],[67.834,30.3742],[67.7386,30.384],[67.7571,30.3559],[67.7307,30.3227],[67.6703,30.2981],[67.643,30.3008],[67.6002,30.2887],[67.583,30.2773],[67.5615,30.2791],[67.5217,30.2943],[67.5153,30.306],[67.4899,30.3154],[67.4535,30.3181],[67.4092,30.3099],[67.3791,30.3213],[67.3372,30.3243],[67.3127,30.3383],[67.2802,30.3329],[67.2903,30.2998],[67.252,30.258],[67.2283,30.2498],[67.22,30.2341],[67.2461,30.2289],[67.2705,30.2521],[67.2829,30.2487],[67.2779,30.2079],[67.3044,30.176],[67.4125,30.1765],[67.4332,30.0618],[67.4321,30.0519],[67.4729,30.0279],[67.5195,30.031],[67.5597,30.079],[67.562,30.0928],[67.5984,30.1035],[67.6337,30.1202],[67.6732,30.126],[67.7536,30.0923],[67.7877,30.0667],[67.8384,30.1138],[67.8584,30.1454],[67.8718,30.1818],[67.9076,30.2366],[67.9325,30.2627],[67.9889,30.2998]]]]}},{"type":"Feature","properties":{"province_name":"Balochistan","district_name":"Jaffarabad","tehsil_name":"Gandakha","tehsil_code":"PK20701","area_km2":536.8876888393834},"geometry":{"type":"MultiPolygon","coordinates":[[[[67.9402,28.0382],[67.9059,28.0334],[67.8868,28.0468],[67.8582,28.0545],[67.8709,28.0771],[67.8588,28.0942],[67.8672,28.1168],[67.8395,28.1334],[67.8357,28.1567],[67.8236,28.1649],[67.8265,28.2082],[67.8036,28.2036],[67.7486,28.1904],[67.6612,28.1576],[67.6283,28.1484],[67.6395,28.1014],[67.6344,28.0667],[67.6389,28.0477],[67.6647,28.0181],[67.6749,27.9874],[67.6707,27.9342],[67.7853,27.9495],[67.7944,27.9762],[67.818,27.9867],[67.8548,27.9912],[67.8689,27.9992],[67.913,27.9943],[67.9402,28.0382]]]]}},{"type":"Feature","properties":{"province_name":"Balochistan","district_name":"Jaffarabad","tehsil_name":"Jhat Pat","tehsil_code":"PK20702","area_km2":713.1665892324326},"geometry":{"type":"MultiPolygon","coordinates":[[[[68.4342,28.409],[68.4053,28.4444],[68.3982,28.4748],[68.3915,28.5497],[68.3826,28.5627],[68.3881,28.5101],[68.3818,28.4516],[68.3483,28.4352],[68.2938,28.4456],[68.2538,28.4395],[68.2037,28.4409],[68.1419,28.4226],[68.1029,28.4034],[68.0789,28.3864],[68.071,28.3399],[68.01,28.2873],[67.9927,28.264],[67.9631,28.2436],[67.9762,28.239],[68.0336,28.2356],[68.0387,28.2227],[68.0843,28.2288],[68.183,28.2223],[68.209,28.2425],[68.3504,28.2829],[68.3591,28.291],[68.4018,28.3822],[68.4342,28.409]]]]}},{"type":"Feature","properties":{"province_name":"Balochistan","district_name":"Jaffarabad","tehsil_name":"Usta Mohammad","tehsil_code":"PK20703","area_km2":450.84379409453766},"geometry":{"type":"MultiPolygon","coordinates":[[[[68.183,28.2223],[68.0843,28.2288],[68.0387,28.2227],[68.0336,28.2356],[67.9762,28.239],[67.9631,28.2436],[67.9508,28.2382],[67.8265,28.2082],[67.8236,28.1649],[67.8357,28.1567],[67.8395,28.1334],[67.8672,28.1168],[67.8588,28.0942],[67.8709,28.0771],[67.8582,28.0545],[67.8868,28.0468],[67.9059,28.0334],[67.9402,28.0382],[67.9598,28.0652],[68.0231,28.0968],[68.183,28.2223]]]]}},{"type":"Feature","properties":{"province_name":"Balochistan","district_name":"Jhal Magsi","tehsil_name":"Gandawa","tehsil_code":"PK20801","area_km2":2042.2400417277856},"geometry":{"type":"MultiPolygon","coordinates":[[[[67.6848,28.8382],[67.6391,28.8378],[67.594,28.8229],[67.5789,28.8458],[67.5582,28.8448],[67.5344,28.8236],[67.5246,28.7867],[67.5293,28.7568],[67.5208,28.7133],[67.5008,28.7123],[67.4769,28.745],[67.4414,28.7591],[67.3501,28.7218],[67.3316,28.7064],[67.2792,28.7025],[67.236,28.716],[67.2242,28.6536],[67.21,28.5592],[67.2037,28.5425],[67.1594,28.5061],[67.1737,28.4908],[67.1939,28.494],[67.2212,28.4901],[67.2467,28.4665],[67.2586,28.4421],[67.2744,28.4302],[67.3119,28.4255],[67.3253,28.468],[67.3463,28.5061],[67.3652,28.5252],[67.3875,28.5316],[67.422,28.5171],[67.4545,28.5106],[67.5171,28.5067],[67.5882,28.4837],[67.6549,28.4502],[67.6774,28.4252],[67.6891,28.3954],[67.6888,28.3706],[67.6799,28.3459],[67.6201,28.2753],[67.6235,28.2322],[67.6612,28.1576],[67.7486,28.1904],[67.8036,28.2036],[67.7978,28.249],[67.7824,28.3023],[67.756,28.3776],[67.7426,28.4267],[67.7439,28.4584],[67.7627,28.5015],[67.7835,28.5309],[67.7885,28.5537],[67.7759,28.6081],[67.7541,28.6697],[67.7478,28.7001],[67.7158,28.7394],[67.7025,28.7722],[67.7069,28.7899],[67.7364,28.8143],[67.7099,28.8332],[67.6848,28.8382]]]]}},{"type":"Feature","properties":{"province_name":"Balochistan","district_name":"Jhal Magsi","tehsil_name":"Jhal Magsi","tehsil_code":"PK20802","area_km2":1816.7578689003644},"geometry":{"type":"MultiPolygon","coordinates":[[[[67.3942,27.9097],[67.4259,27.8928],[67.5332,27.9068],[67.5494,27.9015],[67.5796,27.9193],[67.6707,27.9342],[67.6749,27.9874],[67.6647,28.0181],[67.6389,28.0477],[67.6344,28.0667],[67.6395,28.1014],[67.6283,28.1484],[67.6612,28.1576],[67.6235,28.2322],[67.6201,28.2753],[67.6799,28.3459],[67.6888,28.3706],[67.6891,28.3954],[67.6774,28.4252],[67.6549,28.4502],[67.5882,28.4837],[67.5171,28.5067],[67.4545,28.5106],[67.422,28.5171],[67.3875,28.5316],[67.3652,28.5252],[67.3463,28.5061],[67.3253,28.468],[67.3119,28.4255],[67.3274,28.4051],[67.3266,28.3695],[67.3487,28.3457],[67.3527,28.308],[67.3771,28.2745],[67.3922,28.2292],[67.3937,28.1538],[67.4023,28.0874],[67.3897,28.0442],[67.3912,27.9458],[67.3942,27.9097]]]]}},{"type":"Feature","properties":{"province_name":"Balochistan","district_name":"Kachhi","tehsil_name":"Dhadar","tehsil_code":"PK20901","area_km2":859.2786918214433},"geometry":{"type":"MultiPolygon","coordinates":[[[[67.8092,29.4665],[67.8123,29.4842],[67.7995,29.5525],[67.7867,29.5651],[67.7791,29.5967],[67.761,29.6046],[67.6959,29.5999],[67.672,29.6469],[67.6268,29.6651],[67.6213,29.6309],[67.6198,29.5709],[67.5918,29.5581],[67.5507,29.5585],[67.4708,29.5469],[67.4554,29.5307],[67.4496,29.4935],[67.3944,29.4549],[67.3717,29.4228],[67.4426,29.3787],[67.4425,29.3433],[67.4524,29.3021],[67.5634,29.3422],[67.6743,29.3914],[67.8092,29.4665]]]]}},{"type":"Feature","properties":{"province_name":"Balochistan","district_name":"Kachhi","tehsil_name":"Mach","tehsil_code":"PK20902","area_km2":1656.5042878547667},"geometry":{"type":"MultiPolygon","coordinates":[[[[67.3763,29.9214],[67.3475,29.9112],[67.3267,29.9155],[67.3194,29.9391],[67.2772,29.9284],[67.2581,29.9644],[67.2376,29.9777],[67.2111,29.9654],[67.1925,29.9814],[67.167,29.9738],[67.1247,29.9443],[67.115,29.9228],[67.1409,29.8587],[67.146,29.8012],[67.1584,29.7694],[67.1851,29.7433],[67.2464,29.7188],[67.2746,29.7032],[67.2716,29.6878],[67.2233,29.6582],[67.1949,29.6231],[67.1923,29.5861],[67.1755,29.5694],[67.125,29.5348],[67.1237,29.5118],[67.1663,29.5059],[67.247,29.5016],[67.2827,29.5102],[67.3114,29.5257],[67.3298,29.5262],[67.3427,29.5027],[67.343,29.4697],[67.3497,29.4504],[67.3717,29.4228],[67.3944,29.4549],[67.4496,29.4935],[67.4554,29.5307],[67.4708,29.5469],[67.5507,29.5585],[67.5918,29.5581],[67.6198,29.5709],[67.6213,29.6309],[67.6268,29.6651],[67.5814,29.6665],[67.5518,29.6759],[67.5338,29.6993],[67.5087,29.7154],[67.4998,29.7366],[67.4935,29.7911],[67.4745,29.842],[67.4396,29.898],[67.3763,29.9214]]]]}},{"type":"Feature","properties":{"province_name":"Balochistan","district_name":"Kachhi","tehsil_name":"Sanni","tehsil_code":"PK20903","area_km2":1573.246323905979},"geometry":{"type":"MultiPolygon","coordinates":[[[[67.6835,29.0076],[67.6408,29.0169],[67.6146,29.0361],[67.6041,29.0648],[67.6068,29.0857],[67.6252,29.1298],[67.6321,29.1805],[67.5832,29.2622],[67.5634,29.3422],[67.4524,29.3021],[67.4607,29.2648],[67.4655,29.2134],[67.463,29.1829],[67.4519,29.1428],[67.436,29.1193],[67.3925,29.0777],[67.3449,28.9574],[67.3225,28.8826],[67.2884,28.8474],[67.2747,28.857],[67.2433,28.8274],[67.2314,28.8078],[67.2251,28.7784],[67.2346,28.7442],[67.236,28.716],[67.2792,28.7025],[67.3316,28.7064],[67.3501,28.7218],[67.4414,28.7591],[67.4769,28.745],[67.5008,28.7123],[67.5208,28.7133],[67.5293,28.7568],[67.5246,28.7867],[67.5344,28.8236],[67.5582,28.8448],[67.5789,28.8458],[67.594,28.8229],[67.6391,28.8378],[67.6848,28.8382],[67.6502,28.9065],[67.6483,28.9241],[67.6631,28.95],[67.6835,29.0076]]]]}},{"type":"Feature","properties":{"province_name":"Balochistan","district_name":"Kachhi","tehsil_name":"Balanari","tehsil_code":"PK20904","area_km2":821.3277677522057},"geometry":{"type":"MultiPolygon","coordinates":[[[[67.9838,29.3754],[67.9412,29.3388],[67.915,29.3303],[67.8752,29.3321],[67.8868,29.3672],[67.8761,29.4298],[67.8589,29.4453],[67.8166,29.4583],[67.8092,29.4665],[67.6743,29.3914],[67.7032,29.3554],[67.6985,29.3099],[67.7221,29.2489],[67.7231,29.2147],[67.7336,29.1476],[67.7771,29.1424],[67.8214,29.1239],[67.9177,29.102],[67.931,29.0946],[67.9601,29.0892],[67.9787,29.1059],[67.9834,29.1456],[67.9795,29.202],[67.9698,29.2863],[67.9719,29.3224],[67.9838,29.3754]]]]}},{"type":"Feature","properties":{"province_name":"Balochistan","district_name":"Kachhi","tehsil_name":"Khattan","tehsil_code":"PK20905","area_km2":452.0157138647011},"geometry":{"type":"MultiPolygon","coordinates":[[[[67.6835,29.0076],[67.7125,29.0409],[67.7408,29.0911],[67.7336,29.1476],[67.7231,29.2147],[67.7221,29.2489],[67.6985,29.3099],[67.7032,29.3554],[67.6743,29.3914],[67.5634,29.3422],[67.5832,29.2622],[67.6321,29.1805],[67.6252,29.1298],[67.6068,29.0857],[67.6041,29.0648],[67.6146,29.0361],[67.6408,29.0169],[67.6835,29.0076]]]]}},{"type":"Feature","properties":{"province_name":"Balochistan","district_name":"Kalat","tehsil_name":"Kalat","tehsil_code":"PK21001","area_km2":9029.10672716558},"geometry":{"type":"MultiPolygon","coordinates":[[[[67.3717,29.4228],[67.3497,29.4504],[67.343,29.4697],[67.3427,29.5027],[67.3298,29.5262],[67.3114,29.5257],[67.2827,29.5102],[67.247,29.5016],[67.1663,29.5059],[67.1237,29.5118],[67.1184,29.4947],[67.0723,29.4584],[67.0708,29.4393],[67.052,29.4326],[66.9603,29.4449],[66.8667,29.4277],[66.8298,29.4252],[66.8156,29.4369],[66.7987,29.4263],[66.7736,29.3729],[66.7718,29.3578],[66.7396,29.3159],[66.6879,29.276],[66.6519,29.2526],[66.6206,29.2434],[66.5073,29.2636],[66.4611,29.2776],[66.4325,29.2909],[66.3711,29.3457],[66.3421,29.3371],[66.2992,29.3403],[66.2605,29.3523],[66.1928,29.3842],[66.1783,29.3647],[66.1631,29.3296],[66.1446,29.2754],[66.1066,29.1763],[66.1065,29.1454],[66.1263,29.1013],[66.1455,29.0765],[66.1461,29.0467],[66.1281,28.9827],[66.1221,28.9393],[66.0887,28.8819],[66.0752,28.8352],[66.0435,28.8315],[66.0325,28.8177],[66.0139,28.7401],[66.0213,28.7253],[66.0579,28.7095],[66.0756,28.725],[66.0911,28.7231],[66.1606,28.7161],[66.31,28.6825],[66.3368,28.6675],[66.3725,28.6226],[66.3761,28.5961],[66.3999,28.571],[66.4251,28.5606],[66.485,28.5514],[66.5177,28.5506],[66.5667,28.5557],[66.6069,28.5684],[66.6274,28.5839],[66.6519,28.6235],[66.6711,28.6449],[66.7053,28.7194],[66.7495,28.7874],[66.7743,28.8153],[66.8161,28.8278],[66.976,28.8395],[67.1005,28.8382],[67.1881,28.8425],[67.2747,28.857],[67.2884,28.8474],[67.3225,28.8826],[67.3449,28.9574],[67.3925,29.0777],[67.436,29.1193],[67.4519,29.1428],[67.463,29.1829],[67.4655,29.2134],[67.4607,29.2648],[67.4524,29.3021],[67.4425,29.3433],[67.4426,29.3787],[67.3717,29.4228]]]]}},{"type":"Feature","properties":{"province_name":"Balochistan","district_name":"Kalat","tehsil_name":"Khaliqabad","tehsil_code":"PK21002","area_km2":1155.1151571381654},"geometry":{"type":"MultiPolygon","coordinates":[[[[66.7093,29.4977],[66.6628,29.4478],[66.6454,29.4436],[66.6159,29.4624],[66.6174,29.4989],[66.6432,29.5697],[66.6447,29.5897],[66.6339,29.6157],[66.6104,29.6285],[66.5827,29.6236],[66.5285,29.5883],[66.492,29.554],[66.451,29.5083],[66.4073,29.4463],[66.3923,29.4076],[66.3917,29.3819],[66.3711,29.3457],[66.4325,29.2909],[66.4611,29.2776],[66.5073,29.2636],[66.6206,29.2434],[66.6519,29.2526],[66.6879,29.276],[66.7396,29.3159],[66.7718,29.3578],[66.7736,29.3729],[66.7987,29.4263],[66.8156,29.4369],[66.861,29.503],[66.8688,29.5296],[66.8587,29.5487],[66.8083,29.5663],[66.7873,29.5609],[66.7227,29.5012],[66.7093,29.4977]]]]}},{"type":"Feature","properties":{"province_name":"Balochistan","district_name":"Kech","tehsil_name":"Buleda","tehsil_code":"PK21101","area_km2":3745.80909374499},"geometry":{"type":"MultiPolygon","coordinates":[[[[63.0713,26.6409],[63.0514,26.6376],[63.0019,26.652],[62.9465,26.6529],[62.9195,26.6461],[62.8401,26.6475],[62.7787,26.6523],[62.7368,26.6385],[62.7214,26.6199],[62.6852,26.6126],[62.6609,26.6165],[62.6082,26.585],[62.5771,26.5824],[62.6102,26.5192],[62.6155,26.4843],[62.6022,26.4102],[62.6186,26.3681],[62.6142,26.3418],[62.5976,26.3092],[62.5993,26.2945],[62.6234,26.2688],[62.6441,26.2379],[62.6743,26.2042],[62.7385,26.2032],[62.8623,26.217],[62.9038,26.2249],[62.9513,26.2229],[62.9899,26.2273],[63.0067,26.2363],[63.0398,26.2288],[63.0911,26.2021],[63.1319,26.1876],[63.1992,26.1737],[63.2592,26.18],[63.3203,26.2035],[63.3624,26.213],[63.4248,26.2087],[63.4746,26.2128],[63.5105,26.2212],[63.5692,26.2458],[63.5937,26.2704],[63.586,26.3097],[63.5922,26.3572],[63.5724,26.3747],[63.5259,26.3697],[63.512,26.3932],[63.536,26.4108],[63.56,26.4181],[63.5975,26.4157],[63.5984,26.4276],[63.492,26.4784],[63.4107,26.5044],[63.3846,26.5029],[63.3377,26.4908],[63.2923,26.4716],[63.1951,26.439],[63.1386,26.444],[63.1362,26.4587],[63.1614,26.4802],[63.1561,26.4938],[63.1298,26.4864],[63.1226,26.507],[63.0936,26.5064],[63.0912,26.521],[63.1077,26.5443],[63.129,26.5618],[63.1294,26.5794],[63.0713,26.6409]]]]}},{"type":"Feature","properties":{"province_name":"Balochistan","district_name":"Kech","tehsil_name":"Dasht","tehsil_code":"PK21102","area_km2":2489.035515250985},"geometry":{"type":"MultiPolygon","coordinates":[[[[62.9415,25.5926],[62.9391,25.6285],[62.949,25.7081],[62.941,25.7566],[62.9569,25.8045],[62.9539,25.8393],[62.8675,25.8855],[62.8542,25.9038],[62.842,25.9377],[62.8226,25.9429],[62.7416,25.9405],[62.7245,25.9438],[62.717,25.8786],[62.6933,25.8653],[62.6267,25.856],[62.5905,25.8563],[62.5527,25.8461],[62.5368,25.8232],[62.4604,25.7758],[62.4349,25.7637],[62.2981,25.7179],[62.2661,25.7005],[62.2361,25.6924],[62.1837,25.6655],[62.1136,25.6583],[62.0717,25.6422],[62.0729,25.625],[62.0895,25.5964],[62.1131,25.5752],[62.1081,25.56],[62.0819,25.555],[62.0615,25.5374],[62.0542,25.5089],[62.0927,25.5011],[62.1062,25.4855],[62.1241,25.4736],[62.2096,25.5032],[62.2368,25.509],[62.3259,25.5365],[62.4044,25.5541],[62.4491,25.5529],[62.6285,25.5595],[62.6684,25.5557],[62.804,25.566],[62.842,25.5571],[62.8677,25.5781],[62.9279,25.5869],[62.9415,25.5926]]]]}},{"type":"Feature","properties":{"province_name":"Balochistan","district_name":"Kech","tehsil_name":"Kech (Turbat)","tehsil_code":"PK21103","area_km2":13327.930939252106},"geometry":{"type":"MultiPolygon","coordinates":[[[[64.4446,26.2296],[64.3655,26.266],[64.3585,26.2375],[64.3305,26.2122],[64.2906,26.1953],[64.2442,26.1683],[64.2114,26.1728],[64.1635,26.1685],[64.0725,26.1483],[64.0331,26.1642],[63.9805,26.2188],[63.9397,26.253],[63.9131,26.2826],[63.8882,26.3023],[63.8513,26.3149],[63.8124,26.3152],[63.776,26.3084],[63.7475,26.2974],[63.7231,26.2771],[63.6571,26.2769],[63.6059,26.2639],[63.5937,26.2704],[63.5692,26.2458],[63.5105,26.2212],[63.4746,26.2128],[63.4248,26.2087],[63.3624,26.213],[63.3203,26.2035],[63.2592,26.18],[63.1992,26.1737],[63.1319,26.1876],[63.0911,26.2021],[63.0398,26.2288],[63.0067,26.2363],[62.9899,26.2273],[62.9513,26.2229],[62.9038,26.2249],[62.8623,26.217],[62.7385,26.2032],[62.6743,26.2042],[62.6641,26.1777],[62.6432,26.154],[62.6185,26.1376],[62.5966,26.1333],[62.5996,26.0578],[62.6134,26.0137],[62.546,25.9659],[62.4526,25.9238],[62.4314,25.9168],[62.3508,25.901],[62.3001,25.8976],[62.2619,25.902],[62.1573,25.9242],[62.1181,25.9292],[62.0979,25.9105],[62.0674,25.8328],[62.0488,25.7701],[62.0556,25.7604],[62.049,25.7277],[62.052,25.7073],[62.0763,25.679],[62.0717,25.6422],[62.1136,25.6583],[62.1837,25.6655],[62.2361,25.6924],[62.2661,25.7005],[62.2981,25.7179],[62.4349,25.7637],[62.4604,25.7758],[62.5368,25.8232],[62.5527,25.8461],[62.5905,25.8563],[62.6267,25.856],[62.6933,25.8653],[62.717,25.8786],[62.7245,25.9438],[62.7416,25.9405],[62.8226,25.9429],[62.842,25.9377],[62.8542,25.9038],[62.8675,25.8855],[62.9539,25.8393],[62.9569,25.8045],[62.941,25.7566],[62.949,25.7081],[62.9391,25.6285],[62.9415,25.5926],[62.9749,25.6003],[63.0266,25.547],[63.0355,25.5296],[63.0747,25.5285],[63.0943,25.5171],[63.1564,25.5143],[63.1774,25.5194],[63.1964,25.5063],[63.2153,25.5087],[63.2886,25.4969],[63.3425,25.4963],[63.3543,25.4918],[63.3735,25.462],[63.4119,25.4508],[63.4359,25.4084],[63.4031,25.3783],[63.4251,25.367],[63.4678,25.4074],[63.5789,25.4649],[63.6699,25.5079],[63.7809,25.5579],[63.8937,25.5869],[63.9991,25.6121],[64.046,25.6143],[64.0822,25.5983],[64.0917,25.5764],[64.1125,25.5599],[64.171,25.5597],[64.2074,25.6074],[64.2305,25.6131],[64.2464,25.6286],[64.2672,25.6126],[64.307,25.6177],[64.3524,25.6399],[64.3518,25.6548],[64.3234,25.6773],[64.2992,25.6854],[64.2785,25.7141],[64.2764,25.7513],[64.3204,25.7731],[64.3245,25.7932],[64.322,25.8314],[64.3363,25.8545],[64.3576,25.8646],[64.3485,25.8927],[64.3603,25.9563],[64.3759,26.0022],[64.3875,26.0204],[64.408,26.0321],[64.4453,26.0365],[64.4914,26.0545],[64.5021,26.0654],[64.5165,26.1102],[64.4975,26.1769],[64.4755,26.2055],[64.4457,26.229],[64.4446,26.2296]]]]}},{"type":"Feature","properties":{"province_name":"Balochistan","district_name":"Kech","tehsil_name":"Mand","tehsil_code":"PK21104","area_km2":2059.213496113187},"geometry":{"type":"MultiPolygon","coordinates":[[[[62.2635,26.3582],[62.1997,26.3695],[62.1447,26.3893],[62.1281,26.3804],[62.1281,26.3296],[62.1212,26.3168],[62.0612,26.3154],[61.9582,26.2686],[61.9074,26.2601],[61.8708,26.2467],[61.8479,26.2281],[61.833,26.1711],[61.7802,25.8709],[61.7799,25.8175],[61.8065,25.7009],[61.8384,25.6902],[61.8909,25.6865],[61.9208,25.6656],[61.9602,25.661],[61.9825,25.6804],[61.9915,25.6991],[62.0115,25.714],[62.0262,25.7438],[62.0251,25.7634],[62.0488,25.7701],[62.0674,25.8328],[62.0979,25.9105],[62.1181,25.9292],[62.1071,25.9461],[62.1038,25.9882],[62.1101,26.0172],[62.1292,26.059],[62.1268,26.1148],[62.0975,26.1383],[62.0894,26.166],[62.1082,26.189],[62.1407,26.2076],[62.223,26.2921],[62.2635,26.3582]]]]}},{"type":"Feature","properties":{"province_name":"Balochistan","district_name":"Kech","tehsil_name":"Tump","tehsil_code":"PK21105","area_km2":2995.394997232077},"geometry":{"type":"MultiPolygon","coordinates":[[[[62.5771,26.5824],[62.5299,26.5785],[62.512,26.5813],[62.4784,26.5696],[62.4345,26.5681],[62.3971,26.5383],[62.3613,26.5395],[62.3336,26.5285],[62.3151,26.5289],[62.2994,26.5136],[62.297,26.4941],[62.3088,26.4767],[62.2826,26.4473],[62.2564,26.446],[62.2647,26.4127],[62.2913,26.3868],[62.2825,26.3584],[62.2635,26.3582],[62.223,26.2921],[62.1407,26.2076],[62.1082,26.189],[62.0894,26.166],[62.0975,26.1383],[62.1268,26.1148],[62.1292,26.059],[62.1101,26.0172],[62.1038,25.9882],[62.1071,25.9461],[62.1181,25.9292],[62.1573,25.9242],[62.2619,25.902],[62.3001,25.8976],[62.3508,25.901],[62.4314,25.9168],[62.4526,25.9238],[62.546,25.9659],[62.6134,26.0137],[62.5996,26.0578],[62.5966,26.1333],[62.6185,26.1376],[62.6432,26.154],[62.6641,26.1777],[62.6743,26.2042],[62.6441,26.2379],[62.6234,26.2688],[62.5993,26.2945],[62.5976,26.3092],[62.6142,26.3418],[62.6186,26.3681],[62.6022,26.4102],[62.6155,26.4843],[62.6102,26.5192],[62.5771,26.5824]]]]}},{"type":"Feature","properties":{"province_name":"Balochistan","district_name":"Kharan","tehsil_name":"Kharan","tehsil_code":"PK21201","area_km2":4040.6446926361327},"geometry":{"type":"MultiPolygon","coordinates":[[[[66.1631,29.3296],[66.1283,29.3266],[66.0982,29.3498],[66.0596,29.3062],[66.0497,29.286],[66.0521,29.2566],[66.0369,29.2426],[66.0094,29.1975],[65.955,29.1664],[65.9012,29.1485],[65.867,29.1285],[65.8233,29.145],[65.7457,29.1448],[65.712,29.134],[65.6933,29.1165],[65.6868,29.0831],[65.6277,29.0606],[65.604,29.0345],[65.5884,29.0309],[65.5248,29.0392],[65.4762,29.0329],[65.4578,29.0277],[65.426,29.0046],[65.3521,28.9581],[65.31,28.9249],[65.2712,28.9072],[65.2362,28.8814],[65.2218,28.8625],[65.176,28.8234],[65.1588,28.8142],[65.1696,28.7715],[65.349,28.851],[65.3689,28.8541],[65.4233,28.5624],[65.4575,28.468],[65.5929,28.5304],[65.6,28.683],[65.6698,28.6781],[65.805,28.6553],[65.9249,28.6553],[66.0233,28.6772],[66.0883,28.6598],[66.0911,28.7231],[66.0756,28.725],[66.0579,28.7095],[66.0213,28.7253],[66.0139,28.7401],[66.0325,28.8177],[66.0435,28.8315],[66.0752,28.8352],[66.0887,28.8819],[66.1221,28.9393],[66.1281,28.9827],[66.1461,29.0467],[66.1455,29.0765],[66.1263,29.1013],[66.1065,29.1454],[66.1066,29.1763],[66.1446,29.2754],[66.1631,29.3296]]]]}},{"type":"Feature","properties":{"province_name":"Balochistan","district_name":"Kharan","tehsil_name":"Sar Kharan","tehsil_code":"PK21202","area_km2":2490.8762140904873},"geometry":{"type":"MultiPolygon","coordinates":[[[[66.0883,28.6598],[66.0233,28.6772],[65.9249,28.6553],[65.805,28.6553],[65.6698,28.6781],[65.6,28.683],[65.5929,28.5304],[65.4575,28.468],[65.2817,28.3917],[65.2732,28.3197],[65.2744,28.2415],[65.281,28.2081],[65.309,28.1583],[65.3432,28.1179],[65.3591,28.1106],[65.3608,28.1119],[65.4526,28.1801],[65.5033,28.2082],[65.574,28.2365],[65.6239,28.2631],[65.6736,28.2939],[65.7056,28.3055],[65.7962,28.3295],[65.8899,28.3579],[65.9093,28.3821],[65.9297,28.4224],[65.9576,28.4411],[65.9912,28.4747],[66.0141,28.5206],[66.0494,28.5607],[66.0665,28.6067],[66.0842,28.6351],[66.0883,28.6598]]]]}},{"type":"Feature","properties":{"province_name":"Balochistan","district_name":"Kharan","tehsil_name":"Tomulk","tehsil_code":"PK21203","area_km2":1700.345779041737},"geometry":{"type":"MultiPolygon","coordinates":[[[[65.4575,28.468],[65.4233,28.5624],[65.3689,28.8541],[65.349,28.851],[65.1696,28.7715],[65.1588,28.8142],[65.1182,28.8074],[65.0665,28.8048],[65.0409,28.795],[64.9999,28.7524],[64.9287,28.6859],[64.9131,28.683],[64.94,28.6558],[64.9613,28.6189],[64.9739,28.5801],[64.9805,28.5403],[64.9793,28.4948],[64.9988,28.4485],[65.1033,28.4729],[65.2112,28.5084],[65.2333,28.4557],[65.2781,28.4055],[65.2817,28.3917],[65.4575,28.468]]]]}},{"type":"Feature","properties":{"province_name":"Balochistan","district_name":"Khuzdar","tehsil_name":"Khuzdar","tehsil_code":"PK21301","area_km2":5658.5273556963175},"geometry":{"type":"MultiPolygon","coordinates":[[[[67.3411,27.7317],[67.2714,27.8001],[67.2334,27.8212],[67.2148,27.8649],[67.2159,27.8875],[67.2006,27.9135],[67.15,27.9222],[67.1284,27.9621],[67.0925,27.9702],[67.0775,27.9813],[67.0578,27.9556],[67.0249,27.9352],[66.9913,27.9214],[66.9789,27.9044],[66.9903,27.8866],[66.9926,27.8601],[67.0057,27.8337],[67.0096,27.8068],[67.0233,27.7722],[67.0618,27.7414],[67.082,27.7058],[67.101,27.6882],[67.1033,27.614],[67.0965,27.5408],[67.0426,27.568],[67.0141,27.594],[66.9881,27.6048],[66.9377,27.6133],[66.9018,27.6305],[66.8432,27.652],[66.8082,27.6591],[66.7781,27.672],[66.7488,27.6769],[66.7339,27.6918],[66.7962,27.7629],[66.8323,27.8556],[66.8241,27.8816],[66.8126,27.8888],[66.7544,27.9463],[66.7082,28.0242],[66.7055,28.0704],[66.6646,28.1707],[66.6256,28.2436],[66.6065,28.2912],[66.5875,28.3185],[66.5742,28.3267],[66.506,28.3086],[66.5193,28.2858],[66.52,28.2146],[66.4994,28.1671],[66.4718,28.1505],[66.3935,28.1178],[66.2587,28.0522],[66.2044,28.0177],[66.1308,27.9615],[66.0902,27.9404],[66.0745,27.9377],[66.1276,27.8935],[66.2464,27.8241],[66.3609,27.7143],[66.3777,27.6755],[66.3764,27.6558],[66.3095,27.5277],[66.3039,27.5039],[66.3156,27.4986],[66.4309,27.5294],[66.5701,27.561],[66.614,27.5571],[66.632,27.5256],[66.6725,27.4428],[66.7244,27.3271],[66.7369,27.3292],[66.7532,27.3586],[66.7835,27.3957],[66.8442,27.4496],[66.8692,27.4588],[66.8895,27.4749],[66.9247,27.4876],[66.9592,27.4877],[66.9984,27.4732],[67.025,27.4565],[67.0494,27.4265],[67.0596,27.4022],[67.0676,27.3624],[67.0606,27.3129],[67.0639,27.2599],[67.0753,27.2112],[67.0739,27.1491],[67.0623,27.1072],[67.0758,27.0217],[67.0939,26.9786],[67.1334,26.9404],[67.146,26.9564],[67.1389,26.9844],[67.1606,27.066],[67.1566,27.1196],[67.1442,27.1975],[67.1269,27.27],[67.126,27.2958],[67.1369,27.3272],[67.1611,27.3545],[67.1752,27.4472],[67.1829,27.5323],[67.2205,27.563],[67.2361,27.5944],[67.2542,27.6585],[67.2964,27.6902],[67.3411,27.7317]]]]}},{"type":"Feature","properties":{"province_name":"Balochistan","district_name":"Khuzdar","tehsil_name":"Mola","tehsil_code":"PK21302","area_km2":4536.785595221994},"geometry":{"type":"MultiPolygon","coordinates":[[[[67.3119,28.4255],[67.2744,28.4302],[67.2586,28.4421],[67.2467,28.4665],[67.2212,28.4901],[67.1939,28.494],[67.1609,28.4282],[67.1011,28.3992],[67.0783,28.376],[67.0349,28.352],[66.9919,28.3351],[66.9518,28.3336],[66.8707,28.3463],[66.8289,28.3447],[66.7373,28.3299],[66.6555,28.3266],[66.5875,28.3185],[66.6065,28.2912],[66.6256,28.2436],[66.6646,28.1707],[66.7055,28.0704],[66.7082,28.0242],[66.7544,27.9463],[66.8126,27.8888],[66.8241,27.8816],[66.8323,27.8556],[66.7962,27.7629],[66.7339,27.6918],[66.7488,27.6769],[66.7781,27.672],[66.8082,27.6591],[66.8432,27.652],[66.9018,27.6305],[66.9377,27.6133],[66.9881,27.6048],[67.0141,27.594],[67.0426,27.568],[67.0965,27.5408],[67.1033,27.614],[67.101,27.6882],[67.082,27.7058],[67.0618,27.7414],[67.0233,27.7722],[67.0096,27.8068],[67.0057,27.8337],[66.9926,27.8601],[66.9903,27.8866],[66.9789,27.9044],[66.9913,27.9214],[67.0249,27.9352],[67.0578,27.9556],[67.0775,27.9813],[67.0925,27.9702],[67.1284,27.9621],[67.15,27.9222],[67.2006,27.9135],[67.2159,27.8875],[67.2148,27.8649],[67.2334,27.8212],[67.2714,27.8001],[67.3411,27.7317],[67.3571,27.768],[67.3547,27.7959],[67.3849,27.8649],[67.3942,27.9097],[67.3912,27.9458],[67.3897,28.0442],[67.4023,28.0874],[67.3937,28.1538],[67.3922,28.2292],[67.3771,28.2745],[67.3527,28.308],[67.3487,28.3457],[67.3266,28.3695],[67.3274,28.4051],[67.3119,28.4255]]]]}},{"type":"Feature","properties":{"province_name":"Balochistan","district_name":"Khuzdar","tehsil_name":"Naal","tehsil_code":"PK21303","area_km2":6982.036660271203},"geometry":{"type":"MultiPolygon","coordinates":[[[[66.0745,27.9377],[66.0328,27.932],[65.9606,27.9383],[65.9282,27.9167],[65.9123,27.8899],[65.8633,27.8407],[65.8094,27.8121],[65.7947,27.7941],[65.7725,27.7499],[65.7699,27.7082],[65.7189,27.6663],[65.7011,27.6103],[65.6909,27.5731],[65.7108,27.5287],[65.5984,27.4265],[65.593,27.4175],[65.6324,27.408],[65.7783,27.3574],[65.8277,27.3074],[65.8576,27.2538],[65.8809,27.1749],[65.912,27.1394],[65.9351,27.1352],[65.9852,27.1395],[65.9992,27.1455],[66.0401,27.1945],[66.0491,27.1892],[66.0545,27.1547],[66.0509,27.0994],[66.0384,27.0147],[66.0195,26.915],[66.0007,26.8365],[65.931,26.6118],[65.9251,26.5747],[65.9332,26.5418],[66.0435,26.3744],[66.1034,26.2719],[66.0814,26.3674],[66.0819,26.4084],[66.1102,26.4303],[66.1146,26.4588],[66.105,26.4877],[66.1214,26.5312],[66.1444,26.5553],[66.1773,26.5711],[66.1941,26.5643],[66.2228,26.533],[66.2255,26.5416],[66.3294,26.6936],[66.3533,26.7524],[66.3962,26.9361],[66.3972,27.0323],[66.3856,27.1123],[66.3617,27.1789],[66.3441,27.21],[66.3223,27.2324],[66.2927,27.2507],[66.2055,27.2603],[66.2034,27.2721],[66.2338,27.2894],[66.2472,27.318],[66.2517,27.3789],[66.2626,27.4651],[66.2813,27.5017],[66.3039,27.5039],[66.3095,27.5277],[66.3764,27.6558],[66.3777,27.6755],[66.3609,27.7143],[66.2464,27.8241],[66.1276,27.8935],[66.0745,27.9377]]]]}},{"type":"Feature","properties":{"province_name":"Balochistan","district_name":"Khuzdar","tehsil_name":"Wadh","tehsil_code":"PK21304","area_km2":10509.855650225996},"geometry":{"type":"MultiPolygon","coordinates":[[[[67.1334,26.9404],[67.0939,26.9786],[67.0758,27.0217],[67.0623,27.1072],[67.0739,27.1491],[67.0753,27.2112],[67.0639,27.2599],[67.0606,27.3129],[67.0676,27.3624],[67.0596,27.4022],[67.0494,27.4265],[67.025,27.4565],[66.9984,27.4732],[66.9592,27.4877],[66.9247,27.4876],[66.8895,27.4749],[66.8692,27.4588],[66.8442,27.4496],[66.7835,27.3957],[66.7532,27.3586],[66.7369,27.3292],[66.7244,27.3271],[66.6725,27.4428],[66.632,27.5256],[66.614,27.5571],[66.5701,27.561],[66.4309,27.5294],[66.3156,27.4986],[66.3039,27.5039],[66.2813,27.5017],[66.2626,27.4651],[66.2517,27.3789],[66.2472,27.318],[66.2338,27.2894],[66.2034,27.2721],[66.2055,27.2603],[66.2927,27.2507],[66.3223,27.2324],[66.3441,27.21],[66.3617,27.1789],[66.3856,27.1123],[66.3972,27.0323],[66.3962,26.9361],[66.3533,26.7524],[66.3294,26.6936],[66.2255,26.5416],[66.2228,26.533],[66.2227,26.5172],[66.2518,26.4799],[66.2844,26.4978],[66.3295,26.4702],[66.3772,26.4653],[66.4114,26.4566],[66.4311,26.4399],[66.4714,26.4265],[66.5069,26.4527],[66.5704,26.4562],[66.5901,26.4394],[66.6062,26.4062],[66.6302,26.4376],[66.7057,26.4464],[66.7447,26.4688],[66.7591,26.4507],[66.7741,26.3761],[66.7795,26.3305],[66.8119,26.2732],[66.8293,26.2531],[66.8508,26.1727],[66.8791,26.082],[66.8821,26.0525],[66.9026,25.9885],[66.9292,25.9398],[66.948,25.8838],[66.9532,25.8527],[66.9781,25.7844],[66.97,25.7465],[66.975,25.7354],[66.9986,25.7345],[67.0439,25.7444],[67.0929,25.7454],[67.1158,25.7684],[67.1221,25.791],[67.1203,25.8377],[67.1342,25.8521],[67.1264,25.9548],[67.1187,25.9922],[67.1218,26.0167],[67.139,26.0736],[67.1427,26.1709],[67.1491,26.1994],[67.1466,26.2747],[67.1106,26.291],[67.1025,26.3046],[67.0866,26.3683],[67.0466,26.4185],[67.0366,26.4403],[66.9859,26.5064],[66.9805,26.5339],[66.9642,26.5637],[66.9789,26.5846],[67.0255,26.6102],[67.0727,26.6311],[67.1147,26.655],[67.1238,26.6531],[67.1331,26.6633],[67.1265,26.7383],[67.1466,26.7684],[67.1338,26.878],[67.1336,26.9155],[67.1334,26.9404]]]]}},{"type":"Feature","properties":{"province_name":"Balochistan","district_name":"Khuzdar","tehsil_name":"Zehri","tehsil_code":"PK21305","area_km2":3285.485418355648},"geometry":{"type":"MultiPolygon","coordinates":[[[[67.236,28.716],[67.2346,28.7442],[67.2251,28.7784],[67.2314,28.8078],[67.2433,28.8274],[67.2747,28.857],[67.1881,28.8425],[67.1005,28.8382],[66.976,28.8395],[66.8161,28.8278],[66.7743,28.8153],[66.7495,28.7874],[66.7053,28.7194],[66.6711,28.6449],[66.6519,28.6235],[66.6274,28.5839],[66.6069,28.5684],[66.5667,28.5557],[66.5177,28.5506],[66.4872,28.5316],[66.4611,28.4985],[66.429,28.4283],[66.4285,28.4053],[66.4521,28.3568],[66.506,28.3086],[66.5742,28.3267],[66.5875,28.3185],[66.6555,28.3266],[66.7373,28.3299],[66.8289,28.3447],[66.8707,28.3463],[66.9518,28.3336],[66.9919,28.3351],[67.0349,28.352],[67.0783,28.376],[67.1011,28.3992],[67.1609,28.4282],[67.1939,28.494],[67.1737,28.4908],[67.1594,28.5061],[67.2037,28.5425],[67.21,28.5592],[67.2242,28.6536],[67.236,28.716]]]]}},{"type":"Feature","properties":{"province_name":"Balochistan","district_name":"Killa Abdullah","tehsil_name":"Dobandi","tehsil_code":"PK21402","area_km2":1304.5558691438073},"geometry":{"type":"MultiPolygon","coordinates":[[[[67.262,31.2069],[67.227,31.2194],[67.1833,31.2249],[67.1663,31.2434],[67.1176,31.2413],[67.0937,31.2319],[67.0562,31.2308],[67.031,31.2402],[67.0248,31.2613],[67.0477,31.2753],[67.0445,31.3038],[67.0188,31.3113],[66.9691,31.3126],[66.9023,31.2962],[66.8566,31.2785],[66.835,31.2643],[66.802,31.2191],[66.7686,31.2098],[66.7828,31.1907],[66.8178,31.1814],[66.825,31.15],[66.8214,31.0914],[66.8271,31.0586],[66.8471,31.0122],[66.8499,30.9894],[66.8433,30.9491],[66.8598,30.9534],[66.8871,30.9302],[66.9206,30.9206],[66.9587,30.955],[66.992,30.9732],[67.0387,30.9618],[67.0677,30.938],[67.0989,30.9601],[67.1447,30.9851],[67.166,31.0019],[67.1906,31.0085],[67.2231,31.0337],[67.2093,31.0615],[67.2257,31.1169],[67.2506,31.1346],[67.2485,31.1783],[67.262,31.2069]]]]}},{"type":"Feature","properties":{"province_name":"Balochistan","district_name":"Killa Abdullah","tehsil_name":"Gulistan","tehsil_code":"PK21403","area_km2":759.3653215740286},"geometry":{"type":"MultiPolygon","coordinates":[[[[66.5236,30.2223],[66.5238,30.2485],[66.5129,30.2742],[66.5183,30.3108],[66.5302,30.3427],[66.5502,30.3716],[66.5509,30.4092],[66.57,30.4487],[66.5724,30.4822],[66.5597,30.5046],[66.4475,30.4896],[66.3898,30.4884],[66.3257,30.4934],[66.3398,30.4793],[66.3389,30.4469],[66.3541,30.4273],[66.3328,30.3733],[66.3365,30.3498],[66.3325,30.3173],[66.3205,30.2795],[66.3166,30.2429],[66.2869,30.1875],[66.2843,30.1589],[66.2601,30.1291],[66.2573,30.1107],[66.2399,30.0861],[66.2624,30.0865],[66.2868,30.1216],[66.301,30.1297],[66.3233,30.158],[66.3383,30.1634],[66.3506,30.1859],[66.4035,30.1709],[66.4145,30.1618],[66.4684,30.1587],[66.5129,30.1659],[66.5124,30.213],[66.5236,30.2223]]]]}},{"type":"Feature","properties":{"province_name":"Balochistan","district_name":"Killa Abdullah","tehsil_name":"Killa Abdullah","tehsil_code":"PK21404","area_km2":930.1364709098434},"geometry":{"type":"MultiPolygon","coordinates":[[[[66.7857,30.7069],[66.7674,30.749],[66.7697,30.7677],[66.8342,30.8565],[66.8425,30.909],[66.8275,30.9262],[66.8342,30.9448],[66.8125,30.9262],[66.7911,30.9219],[66.7477,30.8904],[66.6592,30.8384],[66.625,30.8109],[66.6231,30.7639],[66.6112,30.7381],[66.6248,30.7184],[66.6131,30.6998],[66.5782,30.6781],[66.5295,30.6733],[66.5102,30.6646],[66.4594,30.655],[66.4152,30.625],[66.3996,30.6],[66.4269,30.5836],[66.3919,30.5463],[66.3654,30.5445],[66.3257,30.4934],[66.3898,30.4884],[66.4475,30.4896],[66.5597,30.5046],[66.5419,30.5415],[66.5618,30.5829],[66.6549,30.5891],[66.6974,30.5952],[66.7496,30.583],[66.7887,30.5852],[66.8312,30.5704],[66.849,30.5814],[66.8027,30.6688],[66.7857,30.7069]]]]}},{"type":"Feature","properties":{"province_name":"Balochistan","district_name":"Killa Saifullah","tehsil_name":"Killa Saifullah","tehsil_code":"PK21501","area_km2":8610.462256801717},"geometry":{"type":"MultiPolygon","coordinates":[[[[68.9929,31.1365],[68.9392,31.1118],[68.924,31.1117],[68.9145,31.1397],[68.8719,31.1367],[68.8345,31.1507],[68.8025,31.1523],[68.7672,31.118],[68.7339,31.1013],[68.7043,31.0977],[68.6911,31.1132],[68.6899,31.1485],[68.6721,31.1633],[68.6656,31.1894],[68.6821,31.2099],[68.6702,31.2379],[68.6552,31.244],[68.661,31.314],[68.6561,31.3323],[68.5955,31.3557],[68.5795,31.3569],[68.5461,31.3434],[68.5028,31.3337],[68.4037,31.2873],[68.3811,31.2835],[68.2377,31.327],[68.1751,31.366],[68.0849,31.447],[68.0207,31.4962],[67.9774,31.5177],[67.9412,31.5288],[67.8601,31.566],[67.8174,31.5974],[67.7421,31.5337],[67.6998,31.5194],[67.6485,31.5184],[67.6216,31.5312],[67.5696,31.5347],[67.555,31.522],[67.5757,31.5051],[67.5986,31.4596],[67.5947,31.4343],[67.6054,31.4185],[67.6338,31.4007],[67.6601,31.3972],[67.7409,31.4148],[67.7713,31.3999],[67.7841,31.3784],[67.8013,31.4138],[67.8218,31.3599],[67.8263,31.3255],[67.9282,31.2171],[67.9537,31.2073],[67.9662,31.1848],[67.9941,31.1785],[68.0448,31.1416],[68.0795,31.1258],[68.1408,31.1058],[68.1821,31.084],[68.1795,31.0711],[68.1569,31.0486],[68.137,31.0158],[68.1355,30.9919],[68.1215,30.9762],[68.135,30.9365],[68.2305,30.9038],[68.2388,30.8661],[68.2132,30.844],[68.1934,30.8172],[68.1713,30.8114],[68.1585,30.7765],[68.1735,30.7556],[68.2108,30.7322],[68.2039,30.7078],[68.1655,30.6717],[68.1585,30.6228],[68.1496,30.6097],[68.1771,30.5682],[68.1953,30.5575],[68.2529,30.5467],[68.2847,30.5602],[68.3644,30.5847],[68.3947,30.5806],[68.4102,30.5638],[68.4345,30.5562],[68.4614,30.5344],[68.5016,30.5556],[68.5794,30.5592],[68.6027,30.5706],[68.6442,30.575],[68.6746,30.5655],[68.6958,30.5697],[68.7058,30.558],[68.7491,30.5441],[68.7677,30.5097],[68.7941,30.5126],[68.8852,30.539],[68.9335,30.5697],[68.9414,30.5762],[69.0198,30.5938],[69.0462,30.6085],[69.0859,30.6487],[69.1538,30.6681],[69.1412,30.6911],[69.1295,30.7051],[69.0903,30.6897],[69.057,30.7568],[69.1015,30.7761],[69.1528,30.8085],[69.2042,30.8194],[69.2518,30.8393],[69.2871,30.9172],[69.2816,30.9453],[69.304,30.986],[69.3502,31.0007],[69.3803,31.0433],[69.3612,31.0622],[69.3128,31.0266],[69.2893,31.0225],[69.2641,31.0302],[69.2281,31.0646],[69.2146,31.0885],[69.1552,31.1069],[69.1115,31.1432],[69.097,31.1464],[69.0737,31.1319],[69.0272,31.1355],[69.0015,31.1209],[68.9929,31.1365]]]]}},{"type":"Feature","properties":{"province_name":"Balochistan","district_name":"Killa Saifullah","tehsil_name":"Muslim Bagh","tehsil_code":"PK21502","area_km2":3785.353232378608},"geometry":{"type":"MultiPolygon","coordinates":[[[[68.1496,30.6097],[68.1585,30.6228],[68.1655,30.6717],[68.2039,30.7078],[68.2108,30.7322],[68.1735,30.7556],[68.1585,30.7765],[68.1713,30.8114],[68.1934,30.8172],[68.2132,30.844],[68.2388,30.8661],[68.2305,30.9038],[68.135,30.9365],[68.1215,30.9762],[68.1355,30.9919],[68.137,31.0158],[68.1569,31.0486],[68.1795,31.0711],[68.1821,31.084],[68.1408,31.1058],[68.0795,31.1258],[68.0448,31.1416],[67.9941,31.1785],[67.9662,31.1848],[67.9537,31.2073],[67.9282,31.2171],[67.8263,31.3255],[67.8218,31.3599],[67.8013,31.4138],[67.7841,31.3784],[67.7899,31.3566],[67.7741,31.3329],[67.7562,31.3258],[67.7177,31.3234],[67.6917,31.3137],[67.6583,31.2916],[67.6204,31.2764],[67.5392,31.2636],[67.4907,31.2421],[67.4451,31.233],[67.4766,31.2044],[67.54,31.2113],[67.5727,31.193],[67.5861,31.1629],[67.6475,31.1612],[67.6708,31.1504],[67.7362,31.1432],[67.8158,31.1508],[67.8138,31.1129],[67.7929,31.0863],[67.7563,31.0813],[67.7616,31.0603],[67.739,31.0261],[67.6958,30.9989],[67.6382,30.9538],[67.6201,30.9284],[67.5732,30.898],[67.5095,30.8762],[67.4701,30.8723],[67.4503,30.8486],[67.4444,30.8295],[67.4776,30.8134],[67.4793,30.7944],[67.4642,30.7707],[67.4644,30.742],[67.4351,30.7234],[67.4349,30.7071],[67.4711,30.708],[67.4888,30.671],[67.519,30.668],[67.5749,30.6737],[67.6044,30.6836],[67.6474,30.6825],[67.6625,30.6891],[67.6865,30.6577],[67.6841,30.637],[67.699,30.6192],[67.7645,30.6239],[67.8136,30.6155],[67.8923,30.6476],[67.9382,30.6567],[67.9418,30.6331],[67.958,30.6019],[67.9854,30.589],[68.0117,30.6059],[68.066,30.6129],[68.1496,30.6097]]]]}},{"type":"Feature","properties":{"province_name":"Balochistan","district_name":"Kohlu","tehsil_name":"Kahan","tehsil_code":"PK21601","area_km2":3777.671693685331},"geometry":{"type":"MultiPolygon","coordinates":[[[[69.646,29.6853],[69.6149,29.6991],[69.5676,29.7072],[69.5268,29.704],[69.4704,29.6951],[69.4351,29.6783],[69.4115,29.6587],[69.3247,29.6255],[69.2555,29.6113],[69.1906,29.63],[69.1695,29.6439],[69.1497,29.6345],[69.1174,29.6062],[69.0767,29.5823],[69.0398,29.5501],[69.0198,29.523],[68.9903,29.509],[68.9421,29.4947],[68.8051,29.476],[68.6983,29.4824],[68.6555,29.4993],[68.5763,29.5145],[68.4795,29.5216],[68.4524,29.5294],[68.3961,29.5325],[68.3323,29.5229],[68.2798,29.5205],[68.1774,29.4844],[68.1355,29.4768],[68.0991,29.4192],[68.1521,29.403],[68.1773,29.3745],[68.2168,29.3446],[68.3433,29.2638],[68.4403,29.2245],[68.4865,29.2175],[68.5337,29.2343],[68.6607,29.2641],[68.712,29.2619],[68.8297,29.2437],[68.9205,29.2228],[68.964,29.2341],[68.9867,29.2505],[69.0361,29.2607],[69.1173,29.2475],[69.1439,29.2481],[69.1875,29.2595],[69.2058,29.2711],[69.2398,29.319],[69.2733,29.3458],[69.3174,29.3559],[69.343,29.3728],[69.3734,29.4033],[69.4662,29.4469],[69.5002,29.491],[69.4967,29.5157],[69.4557,29.5239],[69.4261,29.5437],[69.427,29.5716],[69.4359,29.5912],[69.4774,29.6334],[69.516,29.6619],[69.5684,29.6785],[69.6289,29.6687],[69.646,29.6853]]]]}},{"type":"Feature","properties":{"province_name":"Balochistan","district_name":"Kohlu","tehsil_name":"Kohlu","tehsil_code":"PK21602","area_km2":939.346392610426},"geometry":{"type":"MultiPolygon","coordinates":[[[[69.0605,29.7264],[69.0823,29.7484],[69.1525,29.7765],[69.1612,29.7933],[69.1952,29.8192],[69.2974,29.871],[69.3303,29.8765],[69.3481,29.8894],[69.389,29.8956],[69.4067,29.9313],[69.4447,29.9556],[69.4777,30.0039],[69.4688,30.015],[69.4884,30.0339],[69.4783,30.0708],[69.4197,30.0538],[69.4041,30.0448],[69.3348,30.0087],[69.322,30.0137],[69.267,30.0088],[69.1798,30.0079],[69.1474,29.9903],[69.1153,29.9853],[69.0741,29.9922],[69.0407,29.9761],[69.0084,29.9886],[68.9817,29.9858],[68.9724,29.9233],[68.9606,29.8924],[68.9615,29.8713],[68.9875,29.8079],[69.0325,29.7518],[69.0605,29.7264]]]]}},{"type":"Feature","properties":{"province_name":"Balochistan","district_name":"Kohlu","tehsil_name":"Mawand","tehsil_code":"PK21603","area_km2":3005.0938026437943},"geometry":{"type":"MultiPolygon","coordinates":[[[[69.0605,29.7264],[69.0325,29.7518],[68.9875,29.8079],[68.9615,29.8713],[68.9606,29.8924],[68.9724,29.9233],[68.9817,29.9858],[68.9724,30.0067],[68.9444,30.0283],[68.9074,30.0123],[68.8552,29.9968],[68.8046,29.9489],[68.7598,29.9287],[68.6858,29.9183],[68.6252,29.9148],[68.5554,29.9154],[68.534,29.9295],[68.4799,29.951],[68.4094,30.0161],[68.3964,29.958],[68.3983,29.9364],[68.4026,29.9057],[68.4436,29.8806],[68.5207,29.841],[68.5681,29.8289],[68.5771,29.8147],[68.5635,29.7829],[68.5724,29.7325],[68.5405,29.6939],[68.4571,29.6595],[68.4321,29.624],[68.3992,29.6218],[68.3411,29.6263],[68.2656,29.6285],[68.223,29.5901],[68.1937,29.5846],[68.1355,29.4768],[68.1774,29.4844],[68.2798,29.5205],[68.3323,29.5229],[68.3961,29.5325],[68.4524,29.5294],[68.4795,29.5216],[68.5763,29.5145],[68.6555,29.4993],[68.6983,29.4824],[68.8051,29.476],[68.9421,29.4947],[68.9903,29.509],[69.0198,29.523],[69.0398,29.5501],[69.0767,29.5823],[69.1174,29.6062],[69.1497,29.6345],[69.1695,29.6439],[69.1472,29.6606],[69.0909,29.6861],[69.0605,29.7264]]]]}},{"type":"Feature","properties":{"province_name":"Balochistan","district_name":"Lasbela","tehsil_name":"Bela","tehsil_code":"PK21701","area_km2":1840.0164860937157},"geometry":{"type":"MultiPolygon","coordinates":[[[[66.6062,26.4062],[66.5901,26.4394],[66.5704,26.4562],[66.5069,26.4527],[66.4714,26.4265],[66.4311,26.4399],[66.4114,26.4566],[66.3772,26.4653],[66.3295,26.4702],[66.2844,26.4978],[66.2518,26.4799],[66.2341,26.4639],[66.2307,26.3991],[66.2132,26.3637],[66.1759,26.3418],[66.1676,26.3267],[66.1624,26.2754],[66.1692,26.2292],[66.1928,26.1864],[66.2013,26.1613],[66.214,26.0782],[66.2198,26.0578],[66.2818,26.07],[66.3296,26.0694],[66.379,26.0498],[66.4249,26.0114],[66.4336,25.9966],[66.4653,26.0105],[66.4902,26.0403],[66.5489,26.0771],[66.6055,26.1396],[66.6142,26.1609],[66.6196,26.2102],[66.613,26.2632],[66.6138,26.31],[66.609,26.3284],[66.6127,26.3898],[66.6062,26.4062]]]]}},{"type":"Feature","properties":{"province_name":"Balochistan","district_name":"Lasbela","tehsil_name":"Dureji","tehsil_code":"PK21702","area_km2":3354.540616680953},"geometry":{"type":"MultiPolygon","coordinates":[[[[67.321,25.6405],[67.3337,25.6974],[67.3467,25.7239],[67.3798,25.7682],[67.4029,25.7923],[67.4146,25.8283],[67.4013,25.8681],[67.4053,25.9625],[67.4172,26.0346],[67.4264,26.073],[67.4132,26.0872],[67.3877,26.1361],[67.3595,26.15],[67.3379,26.208],[67.2873,26.3017],[67.2656,26.347],[67.2037,26.446],[67.1776,26.4715],[67.1511,26.5461],[67.1238,26.6531],[67.1147,26.655],[67.0727,26.6311],[67.0255,26.6102],[66.9789,26.5846],[66.9642,26.5637],[66.9805,26.5339],[66.9859,26.5064],[67.0366,26.4403],[67.0466,26.4185],[67.0866,26.3683],[67.1025,26.3046],[67.1106,26.291],[67.1466,26.2747],[67.1491,26.1994],[67.1427,26.1709],[67.139,26.0736],[67.1218,26.0167],[67.1187,25.9922],[67.1264,25.9548],[67.1342,25.8521],[67.1203,25.8377],[67.1221,25.791],[67.1158,25.7684],[67.0929,25.7454],[67.0439,25.7444],[66.9986,25.7345],[66.975,25.7354],[66.9736,25.7032],[66.9828,25.6603],[66.9719,25.6455],[66.9741,25.5445],[66.9798,25.4884],[66.9778,25.401],[67.0204,25.3663],[67.0906,25.3329],[67.1346,25.3169],[67.1391,25.3573],[67.1622,25.3954],[67.1633,25.4525],[67.1882,25.4748],[67.2011,25.4996],[67.244,25.5234],[67.2553,25.5442],[67.2571,25.5657],[67.2921,25.5827],[67.3114,25.6109],[67.321,25.6405]]]]}},{"type":"Feature","properties":{"province_name":"Balochistan","district_name":"Lasbela","tehsil_name":"Gaddani","tehsil_code":"PK21703","area_km2":463.3069924703369},"geometry":{"type":"MultiPolygon","coordinates":[[[[66.703,24.8927],[66.7222,24.9139],[66.7898,24.9686],[66.8223,24.9813],[66.8574,25.0025],[66.8812,25.0074],[66.8748,25.0336],[66.8889,25.0542],[66.8884,25.095],[66.8621,25.1228],[66.8571,25.1499],[66.8922,25.1805],[66.7994,25.2324],[66.7744,25.2334],[66.7413,25.1853],[66.7386,25.1422],[66.7042,25.0826],[66.7122,25.0315],[66.6938,24.9933],[66.7004,24.9496],[66.6755,24.9236],[66.6869,24.8927],[66.703,24.8927]]]]}},{"type":"Feature","properties":{"province_name":"Balochistan","district_name":"Lasbela","tehsil_name":"Hub","tehsil_code":"PK21704","area_km2":513.5877758978232},"geometry":{"type":"MultiPolygon","coordinates":[[[[66.8812,25.0074],[66.9159,25.0137],[66.9382,25.0294],[67.0051,25.0978],[67.0034,25.1271],[67.0083,25.1623],[67.0355,25.2055],[67.0897,25.2412],[67.1102,25.2671],[67.1137,25.2866],[67.1346,25.3169],[67.0906,25.3329],[67.0204,25.3663],[66.9778,25.401],[66.9431,25.2922],[66.9322,25.2399],[66.8922,25.1805],[66.8571,25.1499],[66.8621,25.1228],[66.8884,25.095],[66.8889,25.0542],[66.8748,25.0336],[66.8812,25.0074]]]]}},{"type":"Feature","properties":{"province_name":"Balochistan","district_name":"Lasbela","tehsil_name":"Kanraj","tehsil_code":"PK21705","area_km2":999.5208755956876},"geometry":{"type":"MultiPolygon","coordinates":[[[[66.97,25.7465],[66.9781,25.7844],[66.9532,25.8527],[66.948,25.8838],[66.9292,25.9398],[66.9026,25.9885],[66.8821,26.0525],[66.8791,26.082],[66.8508,26.1727],[66.8293,26.2531],[66.8119,26.2732],[66.7795,26.3305],[66.7741,26.3761],[66.7591,26.4507],[66.7447,26.4688],[66.7057,26.4464],[66.6302,26.4376],[66.6062,26.4062],[66.6127,26.3898],[66.609,26.3284],[66.6138,26.31],[66.613,26.2632],[66.6196,26.2102],[66.6142,26.1609],[66.7064,26.17],[66.7278,26.1666],[66.7791,26.1481],[66.7978,26.1053],[66.8089,26.0624],[66.8177,25.9861],[66.8632,25.8593],[66.8707,25.82],[66.8707,25.7873],[66.8818,25.7503],[66.904,25.741],[66.97,25.7465]]]]}},{"type":"Feature","properties":{"province_name":"Balochistan","district_name":"Lasbela","tehsil_name":"Sonmiani","tehsil_code":"PK21706","area_km2":1544.6908834295},"geometry":{"type":"MultiPolygon","coordinates":[[[[66.9778,25.401],[66.9798,25.4884],[66.9741,25.5445],[66.9719,25.6455],[66.9473,25.6485],[66.8875,25.6428],[66.8479,25.6318],[66.8443,25.6146],[66.8513,25.5516],[66.8396,25.5456],[66.7916,25.5596],[66.7111,25.5667],[66.6544,25.5579],[66.6296,25.5834],[66.5953,25.5873],[66.5493,25.583],[66.5374,25.54],[66.5586,25.5319],[66.555,25.4804],[66.56,25.453],[66.5882,25.4352],[66.5783,25.4115],[66.582,25.3853],[66.5632,25.3503],[66.6198,25.3195],[66.6783,25.2711],[66.7083,25.239],[66.7413,25.1853],[66.7744,25.2334],[66.7994,25.2324],[66.8922,25.1805],[66.9322,25.2399],[66.9431,25.2922],[66.9778,25.401]]]]}},{"type":"Feature","properties":{"province_name":"Balochistan","district_name":"Lasbela","tehsil_name":"Uthal","tehsil_code":"PK21707","area_km2":2561.8725004566804},"geometry":{"type":"MultiPolygon","coordinates":[[[[66.97,25.7465],[66.904,25.741],[66.8818,25.7503],[66.8707,25.7873],[66.8707,25.82],[66.8632,25.8593],[66.8177,25.9861],[66.8089,26.0624],[66.7978,26.1053],[66.7791,26.1481],[66.7278,26.1666],[66.7064,26.17],[66.6142,26.1609],[66.6055,26.1396],[66.5489,26.0771],[66.4902,26.0403],[66.4653,26.0105],[66.4336,25.9966],[66.4249,26.0114],[66.379,26.0498],[66.3296,26.0694],[66.2818,26.07],[66.2787,26.0052],[66.3279,25.9674],[66.3211,25.933],[66.3528,25.9249],[66.4035,25.927],[66.4192,25.8985],[66.4166,25.8731],[66.4442,25.8634],[66.4571,25.8169],[66.475,25.7873],[66.4804,25.7556],[66.5089,25.731],[66.5455,25.7281],[66.5493,25.6842],[66.5596,25.6306],[66.5457,25.5981],[66.5493,25.583],[66.5953,25.5873],[66.6296,25.5834],[66.6544,25.5579],[66.7111,25.5667],[66.7916,25.5596],[66.8396,25.5456],[66.8513,25.5516],[66.8443,25.6146],[66.8479,25.6318],[66.8875,25.6428],[66.9473,25.6485],[66.9719,25.6455],[66.9828,25.6603],[66.9736,25.7032],[66.975,25.7354],[66.97,25.7465]]],[[[66.4218,25.5282],[66.4199,25.5522],[66.3953,25.552],[66.4027,25.5325],[66.4218,25.5282]]],[[[66.1938,25.5568],[66.1671,25.5484],[66.1837,25.5301],[66.1976,25.5373],[66.1938,25.5568]]]]}},{"type":"Feature","properties":{"province_name":"Balochistan","district_name":"Lasbela","tehsil_name":"Lakhra","tehsil_code":"PK21708","area_km2":663.1375406488538},"geometry":{"type":"MultiPolygon","coordinates":[[[[66.5089,25.731],[66.4804,25.7556],[66.475,25.7873],[66.4571,25.8169],[66.4442,25.8634],[66.4166,25.8731],[66.4192,25.8985],[66.4035,25.927],[66.3528,25.9249],[66.3211,25.933],[66.3279,25.9674],[66.2787,26.0052],[66.2818,26.07],[66.2198,26.0578],[66.2246,26.0245],[66.259,25.8709],[66.26,25.8499],[66.217,25.7489],[66.1969,25.6926],[66.2245,25.6924],[66.2985,25.7125],[66.3281,25.7239],[66.3422,25.7183],[66.3806,25.6796],[66.411,25.6741],[66.4414,25.6827],[66.4546,25.7018],[66.4834,25.7131],[66.5089,25.731]]]]}},{"type":"Feature","properties":{"province_name":"Balochistan","district_name":"Lasbela","tehsil_name":"Lairi","tehsil_code":"PK21709","area_km2":2125.599701006272},"geometry":{"type":"MultiPolygon","coordinates":[[[[66.5493,25.583],[66.5457,25.5981],[66.5596,25.6306],[66.5493,25.6842],[66.5455,25.7281],[66.5089,25.731],[66.4834,25.7131],[66.4546,25.7018],[66.4414,25.6827],[66.411,25.6741],[66.3806,25.6796],[66.3422,25.7183],[66.3281,25.7239],[66.2985,25.7125],[66.2245,25.6924],[66.1969,25.6926],[66.1639,25.6344],[66.141,25.5873],[66.0865,25.499],[66.07,25.4763],[66.0403,25.4517],[66.0192,25.4533],[65.9717,25.4849],[65.945,25.4754],[65.9199,25.4811],[65.9096,25.497],[65.8883,25.4968],[65.8625,25.4824],[65.8301,25.4846],[65.7496,25.5151],[65.684,25.5002],[65.6277,25.4795],[65.5762,25.4488],[65.545,25.4342],[65.5228,25.4306],[65.4985,25.448],[65.5334,25.466],[65.5497,25.4972],[65.5378,25.5567],[65.5173,25.569],[65.5179,25.59],[65.5027,25.6167],[65.5271,25.6444],[65.5378,25.6798],[65.513,25.6767],[65.4656,25.663],[65.4307,25.6366],[65.4021,25.6279],[65.3743,25.6267],[65.3568,25.6181],[65.3387,25.591],[65.3053,25.6099],[65.3006,25.5956],[65.2702,25.5859],[65.2575,25.5639],[65.2333,25.5687],[65.2031,25.5573],[65.2068,25.5411],[65.209,25.438],[65.204,25.4005],[65.2152,25.3721],[65.2381,25.3444],[65.2552,25.3822],[65.2986,25.3862],[65.3435,25.3808],[65.3711,25.3903],[65.4065,25.3821],[65.4525,25.3826],[65.489,25.3749],[65.5289,25.3724],[65.6112,25.3525],[65.641,25.3505],[65.6657,25.3617],[65.6981,25.3621],[65.741,25.3795],[65.7773,25.3855],[65.816,25.4136],[65.8591,25.4201],[65.9036,25.4135],[65.955,25.4132],[66.0143,25.421],[66.1255,25.4507],[66.2341,25.4657],[66.3219,25.467],[66.36,25.4601],[66.4174,25.4422],[66.5059,25.4053],[66.5284,25.4158],[66.4984,25.4322],[66.4965,25.4589],[66.5135,25.4741],[66.5174,25.4921],[66.4957,25.4994],[66.4683,25.4987],[66.4265,25.4826],[66.4042,25.4962],[66.3883,25.526],[66.3636,25.5227],[66.3429,25.5514],[66.3264,25.5528],[66.3141,25.5377],[66.2898,25.5434],[66.2623,25.5187],[66.2237,25.4991],[66.1497,25.4774],[66.122,25.4742],[66.1128,25.4893],[66.1342,25.5117],[66.1319,25.5384],[66.1807,25.5832],[66.1846,25.5945],[66.2104,25.6022],[66.2236,25.5917],[66.2969,25.6239],[66.3105,25.6101],[66.3414,25.6178],[66.3641,25.6162],[66.3725,25.599],[66.3991,25.5835],[66.4364,25.5929],[66.4509,25.6073],[66.467,25.6025],[66.4722,25.5812],[66.5056,25.5913],[66.5189,25.6075],[66.5347,25.5901],[66.5159,25.5635],[66.5374,25.54],[66.5493,25.583]]]]}},{"type":"Feature","properties":{"province_name":"Balochistan","district_name":"Lehri","tehsil_name":"Bhag","tehsil_code":"PK21801","area_km2":1277.1919151889167},"geometry":{"type":"MultiPolygon","coordinates":[[[[67.9689,28.7809],[67.9506,28.826],[67.9572,28.8474],[68.0186,28.8665],[68.0267,28.8834],[67.9946,28.9325],[67.9526,28.9629],[67.9384,28.983],[67.9254,29.0258],[67.9318,29.0562],[67.931,29.0946],[67.9177,29.102],[67.8214,29.1239],[67.7771,29.1424],[67.7336,29.1476],[67.7408,29.0911],[67.7125,29.0409],[67.6835,29.0076],[67.6631,28.95],[67.6483,28.9241],[67.6502,28.9065],[67.6848,28.8382],[67.7099,28.8332],[67.7364,28.8143],[67.7069,28.7899],[67.7025,28.7722],[67.7158,28.7394],[67.7478,28.7001],[67.7541,28.6697],[67.7759,28.6081],[67.7965,28.6165],[67.8434,28.6163],[67.8707,28.6088],[67.8905,28.6465],[67.8647,28.6654],[67.8963,28.6938],[67.9463,28.7698],[67.9689,28.7809]]]]}},{"type":"Feature","properties":{"province_name":"Balochistan","district_name":"Lehri","tehsil_name":"Lehri","tehsil_code":"PK21802","area_km2":2006.2479497839845},"geometry":{"type":"MultiPolygon","coordinates":[[[[68.1773,29.3745],[68.1227,29.3442],[68.0865,29.3421],[68.0446,29.3635],[68.0006,29.3777],[67.9838,29.3754],[67.9719,29.3224],[67.9698,29.2863],[67.9795,29.202],[67.9834,29.1456],[67.9787,29.1059],[67.9601,29.0892],[67.931,29.0946],[67.9318,29.0562],[67.9254,29.0258],[67.9384,28.983],[67.9526,28.9629],[67.9946,28.9325],[68.0267,28.8834],[68.0186,28.8665],[67.9572,28.8474],[67.9506,28.826],[67.9689,28.7809],[67.9677,28.7057],[67.9858,28.7023],[68.0237,28.7213],[68.034,28.745],[68.0235,28.7783],[68.0688,28.7837],[68.1103,28.7996],[68.1748,28.8327],[68.2045,28.8434],[68.2379,28.8598],[68.259,28.9333],[68.2365,28.9391],[68.2302,28.9534],[68.2595,28.9843],[68.3233,29.0056],[68.3829,29.0495],[68.3482,29.0983],[68.2895,29.1611],[68.2795,29.1788],[68.2794,29.2032],[68.2966,29.2262],[68.3145,29.2261],[68.3762,29.2054],[68.4123,29.2021],[68.4678,29.2064],[68.4865,29.2175],[68.4403,29.2245],[68.3433,29.2638],[68.2168,29.3446],[68.1773,29.3745]]]]}},{"type":"Feature","properties":{"province_name":"Balochistan","district_name":"Loralai","tehsil_name":"Loralai","tehsil_code":"PK21901","area_km2":2396.0943424060365},"geometry":{"type":"MultiPolygon","coordinates":[[[[68.1496,30.6097],[68.066,30.6129],[68.0117,30.6059],[67.9854,30.589],[67.958,30.6019],[67.9418,30.6331],[67.9382,30.6567],[67.8923,30.6476],[67.8136,30.6155],[67.7645,30.6239],[67.699,30.6192],[67.701,30.5935],[67.7177,30.5633],[67.7335,30.5483],[67.7812,30.5204],[67.78,30.5037],[67.8479,30.5041],[67.9665,30.4835],[67.9727,30.5026],[68.0342,30.5429],[68.0586,30.5369],[68.1129,30.5446],[68.144,30.5287],[68.2266,30.5291],[68.2348,30.5206],[68.2326,30.476],[68.2411,30.4574],[68.3042,30.4549],[68.3189,30.4357],[68.3101,30.4024],[68.3302,30.3835],[68.3904,30.3784],[68.4476,30.3894],[68.519,30.3865],[68.4813,30.3384],[68.4965,30.3045],[68.5096,30.2969],[68.5666,30.2923],[68.5718,30.277],[68.5999,30.2661],[68.6451,30.2728],[68.6851,30.2651],[68.7168,30.2706],[68.7618,30.2717],[68.7933,30.2846],[68.8703,30.2838],[68.9136,30.2922],[68.9958,30.2995],[69.0199,30.325],[69.0563,30.3378],[69.0459,30.3529],[69.0172,30.4271],[68.9956,30.4731],[68.9335,30.5697],[68.8852,30.539],[68.7941,30.5126],[68.7677,30.5097],[68.7491,30.5441],[68.7058,30.558],[68.6958,30.5697],[68.6746,30.5655],[68.6442,30.575],[68.6027,30.5706],[68.5794,30.5592],[68.5016,30.5556],[68.4614,30.5344],[68.4345,30.5562],[68.4102,30.5638],[68.3947,30.5806],[68.3644,30.5847],[68.2847,30.5602],[68.2529,30.5467],[68.1953,30.5575],[68.1771,30.5682],[68.1496,30.6097]]]]}},{"type":"Feature","properties":{"province_name":"Balochistan","district_name":"Loralai","tehsil_name":"Mekhtar","tehsil_code":"PK21902","area_km2":1397.696635754236},"geometry":{"type":"MultiPolygon","coordinates":[[[[69.0563,30.3378],[69.1586,30.3701],[69.2108,30.3908],[69.2489,30.3693],[69.3134,30.3444],[69.3617,30.3399],[69.3864,30.3465],[69.4494,30.3497],[69.4772,30.359],[69.5263,30.4066],[69.5611,30.4484],[69.5261,30.4794],[69.4603,30.524],[69.409,30.548],[69.3636,30.5855],[69.3476,30.6087],[69.3262,30.6211],[69.2246,30.6271],[69.2036,30.6826],[69.1412,30.6911],[69.1538,30.6681],[69.0859,30.6487],[69.0462,30.6085],[69.0198,30.5938],[68.9414,30.5762],[68.9335,30.5697],[68.9956,30.4731],[69.0172,30.4271],[69.0459,30.3529],[69.0563,30.3378]]]]}},{"type":"Feature","properties":{"province_name":"Balochistan","district_name":"Mastung","tehsil_name":"Dasht Spenzend","tehsil_code":"PK22001","area_km2":1723.288706234919},"geometry":{"type":"MultiPolygon","coordinates":[[[[67.1247,29.9443],[67.08,29.9667],[67.0487,29.9496],[66.9869,29.9824],[66.9607,29.9801],[66.9572,29.9455],[66.9413,29.909],[66.9271,29.8444],[66.8955,29.793],[66.8171,29.6859],[66.7455,29.5773],[66.7166,29.5244],[66.7093,29.4977],[66.7227,29.5012],[66.7873,29.5609],[66.8083,29.5663],[66.8587,29.5487],[66.8688,29.5296],[66.861,29.503],[66.8156,29.4369],[66.8298,29.4252],[66.8667,29.4277],[66.9603,29.4449],[67.052,29.4326],[67.0708,29.4393],[67.0723,29.4584],[67.1184,29.4947],[67.1237,29.5118],[67.125,29.5348],[67.1755,29.5694],[67.1923,29.5861],[67.1949,29.6231],[67.2233,29.6582],[67.2716,29.6878],[67.2746,29.7032],[67.2464,29.7188],[67.1851,29.7433],[67.1584,29.7694],[67.146,29.8012],[67.1409,29.8587],[67.115,29.9228],[67.1247,29.9443]]]]}},{"type":"Feature","properties":{"province_name":"Balochistan","district_name":"Mastung","tehsil_name":"Kirdgap","tehsil_code":"PK22002","area_km2":1222.018590973168},"geometry":{"type":"MultiPolygon","coordinates":[[[[66.558,29.856],[66.5454,29.828],[66.5314,29.8144],[66.5053,29.8099],[66.473,29.8188],[66.4495,29.8453],[66.4336,29.8541],[66.3835,29.8467],[66.3494,29.8553],[66.3161,29.8544],[66.2681,29.8728],[66.2581,29.8606],[66.3029,29.8464],[66.3043,29.8208],[66.2838,29.7991],[66.2781,29.7469],[66.2883,29.719],[66.2858,29.6977],[66.2918,29.6606],[66.3125,29.6319],[66.2981,29.604],[66.2949,29.5798],[66.2637,29.5452],[66.2596,29.498],[66.2273,29.4386],[66.2166,29.4112],[66.1928,29.3842],[66.2605,29.3523],[66.2992,29.3403],[66.3421,29.3371],[66.3711,29.3457],[66.3917,29.3819],[66.3923,29.4076],[66.4073,29.4463],[66.451,29.5083],[66.492,29.554],[66.502,29.5881],[66.5434,29.6423],[66.5734,29.692],[66.5851,29.7226],[66.5837,29.7583],[66.5635,29.8499],[66.558,29.856]]]]}},{"type":"Feature","properties":{"province_name":"Balochistan","district_name":"Mastung","tehsil_name":"Mastung","tehsil_code":"PK22003","area_km2":1769.261812714839},"geometry":{"type":"MultiPolygon","coordinates":[[[[66.8602,30.0361],[66.8448,30.027],[66.8089,30.0306],[66.8097,30.0513],[66.8282,30.056],[66.8254,30.077],[66.7975,30.0852],[66.7898,30.1181],[66.7575,30.124],[66.73,30.1483],[66.6927,30.1513],[66.6834,30.1397],[66.6231,30.0228],[66.6023,29.9529],[66.5667,29.9112],[66.568,29.8736],[66.558,29.856],[66.5635,29.8499],[66.5837,29.7583],[66.5851,29.7226],[66.5734,29.692],[66.5434,29.6423],[66.502,29.5881],[66.492,29.554],[66.5285,29.5883],[66.5827,29.6236],[66.6104,29.6285],[66.6339,29.6157],[66.6447,29.5897],[66.6432,29.5697],[66.6174,29.4989],[66.6159,29.4624],[66.6454,29.4436],[66.6628,29.4478],[66.7093,29.4977],[66.7166,29.5244],[66.7455,29.5773],[66.8171,29.6859],[66.8955,29.793],[66.9271,29.8444],[66.9413,29.909],[66.9572,29.9455],[66.9607,29.9801],[66.9482,30.0472],[66.8876,30.0565],[66.8602,30.0361]]]]}},{"type":"Feature","properties":{"province_name":"Balochistan","district_name":"Musakhel","tehsil_name":"Drug","tehsil_code":"PK22101","area_km2":1276.4686219937737},"geometry":{"type":"MultiPolygon","coordinates":[[[[70.2875,31.1655],[70.2625,31.2011],[70.2577,31.2237],[70.2701,31.2432],[70.2658,31.3142],[70.2786,31.3975],[70.2765,31.4318],[70.2675,31.46],[70.2608,31.5075],[70.2456,31.5086],[70.2236,31.4856],[70.1924,31.4692],[70.171,31.4437],[70.1496,31.4338],[70.1184,31.4341],[70.0958,31.4491],[70.0974,31.4161],[70.067,31.3881],[70.0653,31.3576],[70.0754,31.3482],[70.1498,31.3442],[70.1557,31.3156],[70.1526,31.2276],[70.1307,31.1898],[70.1333,31.1569],[70.1048,31.1039],[70.0963,31.0243],[70.0676,30.953],[70.0523,30.9308],[70.0442,30.8768],[70.0424,30.8311],[70.0596,30.7913],[70.0573,30.7401],[70.1035,30.7322],[70.1119,30.7391],[70.1587,30.7399],[70.1707,30.7763],[70.2011,30.7777],[70.2158,30.7902],[70.2268,30.8431],[70.2672,30.8453],[70.2707,30.86],[70.2526,30.8828],[70.2638,30.9253],[70.2647,30.9999],[70.27,31.0403],[70.2876,31.0696],[70.2944,31.0952],[70.2927,31.1595],[70.2875,31.1655]]]]}},{"type":"Feature","properties":{"province_name":"Balochistan","district_name":"Musakhel","tehsil_name":"Kingri","tehsil_code":"PK22102","area_km2":2505.5565831962667},"geometry":{"type":"MultiPolygon","coordinates":[[[[70.0573,30.7401],[70.0079,30.7434],[69.9366,30.756],[69.8876,30.7572],[69.8829,30.8172],[69.8511,30.7983],[69.8248,30.7702],[69.8004,30.7745],[69.7573,30.7677],[69.7356,30.8003],[69.7436,30.8464],[69.7358,30.9157],[69.7158,30.9815],[69.6922,30.9575],[69.6746,30.9304],[69.6354,30.8468],[69.5758,30.7888],[69.5643,30.7715],[69.5319,30.7482],[69.527,30.725],[69.5304,30.663],[69.5039,30.6277],[69.4735,30.6069],[69.4605,30.5756],[69.4687,30.5405],[69.4971,30.5321],[69.5278,30.5383],[69.5338,30.5049],[69.5568,30.4891],[69.5472,30.47],[69.5611,30.4484],[69.5834,30.4452],[69.6325,30.411],[69.656,30.4061],[69.666,30.3841],[69.7096,30.3624],[69.7395,30.3584],[69.7607,30.3502],[69.7689,30.3137],[69.7801,30.2991],[69.8246,30.2925],[69.8491,30.305],[69.8658,30.3102],[69.8863,30.3311],[69.9266,30.3339],[69.9612,30.3226],[69.9935,30.3812],[69.9978,30.4456],[70.0048,30.4606],[70.0389,30.4955],[70.0856,30.5929],[70.0949,30.6418],[70.0871,30.6774],[70.0887,30.6975],[70.1035,30.7322],[70.0573,30.7401]]]]}},{"type":"Feature","properties":{"province_name":"Balochistan","district_name":"Musakhel","tehsil_name":"Musakhel","tehsil_code":"PK22103","area_km2":2115.127071514688},"geometry":{"type":"MultiPolygon","coordinates":[[[[70.0573,30.7401],[70.0596,30.7913],[70.0424,30.8311],[70.0442,30.8768],[70.0523,30.9308],[70.0676,30.953],[70.0963,31.0243],[70.1048,31.1039],[70.1333,31.1569],[70.1307,31.1898],[70.1526,31.2276],[70.1557,31.3156],[70.1498,31.3442],[70.0754,31.3482],[70.0653,31.3576],[70.067,31.3881],[70.0524,31.3984],[70.0272,31.359],[70.0326,31.3141],[70.0286,31.3037],[69.9953,31.2868],[69.9747,31.2933],[69.933,31.2493],[69.8975,31.2611],[69.88,31.2731],[69.8526,31.2756],[69.8179,31.2951],[69.79,31.285],[69.7833,31.2707],[69.7522,31.2656],[69.7196,31.2736],[69.6963,31.247],[69.7162,31.2239],[69.6962,31.1814],[69.7048,31.1305],[69.6977,31.1091],[69.7163,31.1034],[69.7031,31.069],[69.705,31.0557],[69.7315,31.0381],[69.7158,30.9815],[69.7358,30.9157],[69.7436,30.8464],[69.7356,30.8003],[69.7573,30.7677],[69.8004,30.7745],[69.8248,30.7702],[69.8511,30.7983],[69.8829,30.8172],[69.8876,30.7572],[69.9366,30.756],[70.0079,30.7434],[70.0573,30.7401]]]]}},{"type":"Feature","properties":{"province_name":"Balochistan","district_name":"Nasirabad","tehsil_name":"Chattar","tehsil_code":"PK22201","area_km2":845.8473671503525},"geometry":{"type":"MultiPolygon","coordinates":[[[[68.2045,28.8434],[68.2126,28.7555],[68.2419,28.6148],[68.2614,28.5838],[68.3196,28.5929],[68.3809,28.616],[68.3813,28.6388],[68.4037,28.6603],[68.4482,28.674],[68.4396,28.7203],[68.4409,28.7599],[68.435,28.8156],[68.4144,28.888],[68.4101,28.9838],[68.3829,29.0495],[68.3233,29.0056],[68.2595,28.9843],[68.2302,28.9534],[68.2365,28.9391],[68.259,28.9333],[68.2379,28.8598],[68.2045,28.8434]]]]}},{"type":"Feature","properties":{"province_name":"Balochistan","district_name":"Nasirabad","tehsil_name":"Dera Murad Jamali","tehsil_code":"PK22202","area_km2":1115.8340870294294},"geometry":{"type":"MultiPolygon","coordinates":[[[[68.3809,28.616],[68.3196,28.5929],[68.2614,28.5838],[68.2419,28.6148],[68.2126,28.7555],[68.2045,28.8434],[68.1748,28.8327],[68.1103,28.7996],[68.0688,28.7837],[68.0235,28.7783],[68.034,28.745],[68.0237,28.7213],[67.9858,28.7023],[67.9677,28.7057],[67.9784,28.6434],[67.9881,28.6111],[68.0178,28.5463],[68.0427,28.4999],[68.0663,28.4659],[68.1029,28.4034],[68.1419,28.4226],[68.2037,28.4409],[68.2538,28.4395],[68.2938,28.4456],[68.3483,28.4352],[68.3818,28.4516],[68.3881,28.5101],[68.3826,28.5627],[68.3809,28.616]]]]}},{"type":"Feature","properties":{"province_name":"Balochistan","district_name":"Nasirabad","tehsil_name":"Tamboo","tehsil_code":"PK22203","area_km2":1261.2768403370087},"geometry":{"type":"MultiPolygon","coordinates":[[[[68.1029,28.4034],[68.0663,28.4659],[68.0427,28.4999],[68.0178,28.5463],[67.9881,28.6111],[67.9784,28.6434],[67.9677,28.7057],[67.9689,28.7809],[67.9463,28.7698],[67.8963,28.6938],[67.8647,28.6654],[67.8905,28.6465],[67.8707,28.6088],[67.8434,28.6163],[67.7965,28.6165],[67.7759,28.6081],[67.7885,28.5537],[67.7835,28.5309],[67.7627,28.5015],[67.7439,28.4584],[67.7426,28.4267],[67.756,28.3776],[67.7824,28.3023],[67.7978,28.249],[67.8036,28.2036],[67.8265,28.2082],[67.9508,28.2382],[67.9631,28.2436],[67.9927,28.264],[68.01,28.2873],[68.071,28.3399],[68.0789,28.3864],[68.1029,28.4034]]]]}},{"type":"Feature","properties":{"province_name":"Balochistan","district_name":"Nushki","tehsil_name":"Nushki","tehsil_code":"PK22301","area_km2":5872.808109960344},"geometry":{"type":"MultiPolygon","coordinates":[[[[66.1631,29.3296],[66.1783,29.3647],[66.1928,29.3842],[66.2166,29.4112],[66.2273,29.4386],[66.2596,29.498],[66.2637,29.5452],[66.2949,29.5798],[66.2981,29.604],[66.3125,29.6319],[66.2918,29.6606],[66.2858,29.6977],[66.2883,29.719],[66.2781,29.7469],[66.2838,29.7991],[66.3043,29.8208],[66.3029,29.8464],[66.2581,29.8606],[66.2456,29.8514],[66.0355,29.7921],[65.888,29.7538],[65.7811,29.7237],[65.4413,29.6362],[65.3697,29.6156],[65.1293,29.5516],[65.1892,29.5003],[65.2611,29.4135],[65.3366,29.2929],[65.3729,29.2277],[65.4269,29.1305],[65.445,29.1019],[65.4762,29.0329],[65.5248,29.0392],[65.5884,29.0309],[65.604,29.0345],[65.6277,29.0606],[65.6868,29.0831],[65.6933,29.1165],[65.712,29.134],[65.7457,29.1448],[65.8233,29.145],[65.867,29.1285],[65.9012,29.1485],[65.955,29.1664],[66.0094,29.1975],[66.0369,29.2426],[66.0521,29.2566],[66.0497,29.286],[66.0596,29.3062],[66.0982,29.3498],[66.1283,29.3266],[66.1631,29.3296]]]]}},{"type":"Feature","properties":{"province_name":"Balochistan","district_name":"Panjgur","tehsil_name":"Gowargo","tehsil_code":"PK22401","area_km2":4077.792943388866},"geometry":{"type":"MultiPolygon","coordinates":[[[[63.5723,27.2151],[63.5306,27.2097],[63.4547,27.2077],[63.4194,27.1948],[63.3809,27.2039],[63.3445,27.2015],[63.2481,27.2085],[63.2992,27.1789],[63.3175,27.1387],[63.3131,27.1293],[63.2732,27.1024],[63.2559,27.083],[63.2566,26.9377],[63.3854,26.879],[63.4457,26.8447],[63.4902,26.8275],[63.5527,26.8108],[63.5775,26.7969],[63.5916,26.7761],[63.6381,26.7338],[63.6749,26.7179],[63.7369,26.7022],[63.7688,26.6868],[63.8094,26.6506],[63.8554,26.6298],[63.9025,26.6177],[63.9407,26.6193],[63.945,26.5981],[64.0033,26.5067],[64.0388,26.471],[64.1049,26.428],[64.1826,26.3849],[64.2308,26.3484],[64.3031,26.3233],[64.3419,26.3002],[64.421,26.296],[64.4201,26.3327],[64.4066,26.3937],[64.4088,26.458],[64.4255,26.5375],[64.4421,26.5993],[64.4545,26.6973],[64.4767,26.7816],[64.4991,26.843],[64.4095,26.8376],[64.3421,26.8235],[64.2244,26.808],[64.106,26.8021],[64.0298,26.8071],[63.9598,26.8009],[63.8853,26.7881],[63.8288,26.793],[63.7866,26.8083],[63.7301,26.8373],[63.661,26.8687],[63.6349,26.892],[63.6012,26.9425],[63.5804,26.9964],[63.5668,27.0656],[63.5676,27.1605],[63.5723,27.2151]]]]}},{"type":"Feature","properties":{"province_name":"Balochistan","district_name":"Panjgur","tehsil_name":"Jaheen Parome","tehsil_code":"PK22402","area_km2":4530.244167504924},"geometry":{"type":"MultiPolygon","coordinates":[[[[64.421,26.296],[64.3419,26.3002],[64.3031,26.3233],[64.2308,26.3484],[64.1826,26.3849],[64.1049,26.428],[64.0388,26.471],[64.0033,26.5067],[63.945,26.5981],[63.9407,26.6193],[63.9025,26.6177],[63.8554,26.6298],[63.8094,26.6506],[63.7688,26.6868],[63.7369,26.7022],[63.6749,26.7179],[63.6381,26.7338],[63.5916,26.7761],[63.5775,26.7969],[63.5527,26.8108],[63.4902,26.8275],[63.4457,26.8447],[63.3854,26.879],[63.2566,26.9377],[63.2567,26.9287],[63.2814,26.8746],[63.2755,26.8648],[63.2034,26.8493],[63.1921,26.8435],[63.2032,26.7683],[63.1997,26.738],[63.1731,26.6701],[63.1692,26.6473],[63.0713,26.6409],[63.1294,26.5794],[63.129,26.5618],[63.1077,26.5443],[63.0912,26.521],[63.0936,26.5064],[63.1226,26.507],[63.1298,26.4864],[63.1561,26.4938],[63.1614,26.4802],[63.1362,26.4587],[63.1386,26.444],[63.1951,26.439],[63.2923,26.4716],[63.3377,26.4908],[63.3846,26.5029],[63.4107,26.5044],[63.492,26.4784],[63.5984,26.4276],[63.5975,26.4157],[63.56,26.4181],[63.536,26.4108],[63.512,26.3932],[63.5259,26.3697],[63.5724,26.3747],[63.5922,26.3572],[63.586,26.3097],[63.5937,26.2704],[63.6059,26.2639],[63.6571,26.2769],[63.7231,26.2771],[63.7475,26.2974],[63.776,26.3084],[63.8124,26.3152],[63.8513,26.3149],[63.8882,26.3023],[63.9131,26.2826],[63.9397,26.253],[63.9805,26.2188],[64.0331,26.1642],[64.0725,26.1483],[64.1635,26.1685],[64.2114,26.1728],[64.2442,26.1683],[64.2906,26.1953],[64.3305,26.2122],[64.3585,26.2375],[64.3655,26.266],[64.4446,26.2296],[64.421,26.296]]]]}},{"type":"Feature","properties":{"province_name":"Balochistan","district_name":"Panjgur","tehsil_name":"Panjgur","tehsil_code":"PK22403","area_km2":4271.020800874515},"geometry":{"type":"MultiPolygon","coordinates":[[[[64.501,27.1619],[64.4873,27.1812],[64.4839,27.2064],[64.4569,27.2267],[64.4561,27.2469],[64.4423,27.2585],[64.4263,27.2875],[64.4017,27.2982],[64.3805,27.2786],[64.3747,27.2589],[64.3284,27.2386],[64.2804,27.1839],[64.249,27.1618],[64.2386,27.1744],[64.2189,27.1457],[64.1927,27.1298],[64.1481,27.1258],[64.122,27.1186],[64.1096,27.1054],[64.1243,27.0655],[64.116,27.033],[64.0992,27.0024],[64.0731,26.9965],[64.1061,27.0518],[64.098,27.0788],[63.9966,27.0887],[63.903,27.1484],[63.893,27.1603],[63.8961,27.1859],[63.869,27.2162],[63.8414,27.2364],[63.826,27.2561],[63.7906,27.2611],[63.7347,27.2364],[63.6582,27.2291],[63.5998,27.2382],[63.5723,27.2151],[63.5676,27.1605],[63.5668,27.0656],[63.5804,26.9964],[63.6012,26.9425],[63.6349,26.892],[63.661,26.8687],[63.7301,26.8373],[63.7866,26.8083],[63.8288,26.793],[63.8853,26.7881],[63.9598,26.8009],[64.0298,26.8071],[64.106,26.8021],[64.2244,26.808],[64.3421,26.8235],[64.4095,26.8376],[64.4991,26.843],[64.5587,26.8584],[64.6263,26.8885],[64.6923,26.9298],[64.7599,26.9636],[64.8215,27.0041],[64.9179,27.086],[64.989,27.1545],[64.9979,27.172],[64.9721,27.1631],[64.9241,27.1357],[64.8095,27.064],[64.7339,27.0205],[64.6938,27.0044],[64.6336,27.0278],[64.5905,27.0638],[64.4951,27.113],[64.491,27.1207],[64.501,27.1619]]]]}},{"type":"Feature","properties":{"province_name":"Balochistan","district_name":"Panjgur","tehsil_name":"Gichk","tehsil_code":"PK22404","area_km2":4791.472276290442},"geometry":{"type":"MultiPolygon","coordinates":[[[[65.3363,26.8954],[65.2809,26.8889],[65.2484,26.9072],[65.2436,26.9274],[65.2239,26.9386],[65.2138,26.9818],[65.1812,27.0229],[65.156,27.0291],[65.1176,27.0241],[65.0844,27.0327],[65.0783,27.0717],[65.0588,27.1026],[65.0477,27.1535],[65.0221,27.18],[64.9979,27.172],[64.989,27.1545],[64.9179,27.086],[64.8215,27.0041],[64.7599,26.9636],[64.6923,26.9298],[64.6263,26.8885],[64.5587,26.8584],[64.4991,26.843],[64.4767,26.7816],[64.4545,26.6973],[64.4421,26.5993],[64.4255,26.5375],[64.4088,26.458],[64.4066,26.3937],[64.4201,26.3327],[64.4454,26.3655],[64.4699,26.3705],[64.5193,26.3723],[64.594,26.3704],[64.7338,26.3621],[64.8102,26.3676],[64.8746,26.3636],[64.9184,26.3677],[64.9312,26.3805],[64.9317,26.4048],[64.9182,26.4231],[64.9149,26.4507],[64.9396,26.4797],[65.0086,26.5319],[65.0918,26.5991],[65.1804,26.6795],[65.2503,26.756],[65.2985,26.8034],[65.3257,26.8617],[65.3363,26.8954]]]]}},{"type":"Feature","properties":{"province_name":"Balochistan","district_name":"Pishin","tehsil_name":"Barshore","tehsil_code":"PK22501","area_km2":2119.1671735373347},"geometry":{"type":"MultiPolygon","coordinates":[[[[67.4444,30.8295],[67.4503,30.8486],[67.4701,30.8723],[67.5095,30.8762],[67.5732,30.898],[67.6201,30.9284],[67.6382,30.9538],[67.6958,30.9989],[67.739,31.0261],[67.7616,31.0603],[67.7563,31.0813],[67.7929,31.0863],[67.8138,31.1129],[67.8158,31.1508],[67.7362,31.1432],[67.6708,31.1504],[67.6475,31.1612],[67.5861,31.1629],[67.5727,31.193],[67.54,31.2113],[67.4766,31.2044],[67.4451,31.233],[67.3905,31.2166],[67.3454,31.2197],[67.3272,31.2137],[67.262,31.2069],[67.2485,31.1783],[67.2506,31.1346],[67.2257,31.1169],[67.2093,31.0615],[67.2231,31.0337],[67.1906,31.0085],[67.166,31.0019],[67.1447,30.9851],[67.0989,30.9601],[67.0677,30.938],[67.071,30.894],[67.0785,30.8633],[67.0924,30.8359],[67.1163,30.8074],[67.1658,30.7794],[67.1993,30.7728],[67.2351,30.7723],[67.3107,30.7842],[67.3738,30.8006],[67.4444,30.8295]]]]}},{"type":"Feature","properties":{"province_name":"Balochistan","district_name":"Pishin","tehsil_name":"Huramzai","tehsil_code":"PK22502","area_km2":433.996435009866},"geometry":{"type":"MultiPolygon","coordinates":[[[[67.0677,30.938],[67.0387,30.9618],[66.992,30.9732],[66.9587,30.955],[66.9206,30.9206],[66.8871,30.9302],[66.8598,30.9534],[66.8433,30.9491],[66.8342,30.9448],[66.8275,30.9262],[66.8425,30.909],[66.8342,30.8565],[66.7697,30.7677],[66.7674,30.749],[66.7857,30.7069],[66.8787,30.7257],[66.8845,30.7506],[66.9415,30.7517],[66.9509,30.7759],[66.9715,30.8028],[66.9771,30.8461],[67.0152,30.8626],[67.0357,30.8788],[67.0677,30.938]]]]}},{"type":"Feature","properties":{"province_name":"Balochistan","district_name":"Pishin","tehsil_name":"Karezat","tehsil_code":"PK22503","area_km2":1542.4482366703526},"geometry":{"type":"MultiPolygon","coordinates":[[[[67.699,30.6192],[67.6841,30.637],[67.6865,30.6577],[67.6625,30.6891],[67.6474,30.6825],[67.6044,30.6836],[67.5749,30.6737],[67.519,30.668],[67.4888,30.671],[67.4711,30.708],[67.4349,30.7071],[67.4351,30.7234],[67.4644,30.742],[67.4642,30.7707],[67.4793,30.7944],[67.4776,30.8134],[67.4444,30.8295],[67.3738,30.8006],[67.3107,30.7842],[67.2351,30.7723],[67.1993,30.7728],[67.1917,30.7297],[67.1788,30.7106],[67.1366,30.6747],[67.0605,30.598],[66.9992,30.5515],[66.9575,30.5269],[66.9065,30.5047],[66.9172,30.4735],[66.9342,30.4398],[66.9643,30.3937],[66.9905,30.3818],[67.0487,30.3735],[67.0891,30.4134],[67.1251,30.4379],[67.1492,30.4358],[67.1857,30.4535],[67.2188,30.4438],[67.2242,30.4733],[67.2563,30.5004],[67.2748,30.5318],[67.3235,30.5546],[67.3672,30.5864],[67.3969,30.5985],[67.417,30.5982],[67.4496,30.585],[67.4659,30.5543],[67.4891,30.5363],[67.4955,30.5217],[67.528,30.5162],[67.5367,30.5382],[67.5536,30.5487],[67.5601,30.574],[67.5888,30.5873],[67.701,30.5935],[67.699,30.6192]]]]}},{"type":"Feature","properties":{"province_name":"Balochistan","district_name":"Pishin","tehsil_name":"Pishin","tehsil_code":"PK22504","area_km2":635.1470215165683},"geometry":{"type":"MultiPolygon","coordinates":[[[[66.9575,30.5269],[66.9992,30.5515],[67.0605,30.598],[67.1366,30.6747],[67.1788,30.7106],[67.1917,30.7297],[67.1993,30.7728],[67.1658,30.7794],[67.1163,30.8074],[67.0924,30.8359],[67.0785,30.8633],[67.071,30.894],[67.0677,30.938],[67.0357,30.8788],[67.0152,30.8626],[66.9771,30.8461],[66.9715,30.8028],[66.9509,30.7759],[66.9415,30.7517],[66.9357,30.7064],[66.9064,30.6772],[66.8702,30.6737],[66.8871,30.6538],[66.9145,30.5934],[66.9575,30.5269]]]]}},{"type":"Feature","properties":{"province_name":"Balochistan","district_name":"Pishin","tehsil_name":"Saranan","tehsil_code":"PK22505","area_km2":1355.1265804311138},"geometry":{"type":"MultiPolygon","coordinates":[[[[66.9575,30.5269],[66.9145,30.5934],[66.8871,30.6538],[66.8702,30.6737],[66.9064,30.6772],[66.9357,30.7064],[66.9415,30.7517],[66.8845,30.7506],[66.8787,30.7257],[66.7857,30.7069],[66.8027,30.6688],[66.849,30.5814],[66.8312,30.5704],[66.7887,30.5852],[66.7496,30.583],[66.6974,30.5952],[66.6549,30.5891],[66.5618,30.5829],[66.5419,30.5415],[66.5597,30.5046],[66.5724,30.4822],[66.57,30.4487],[66.5509,30.4092],[66.5502,30.3716],[66.5302,30.3427],[66.5183,30.3108],[66.5129,30.2742],[66.5238,30.2485],[66.5236,30.2223],[66.5704,30.2066],[66.5921,30.2053],[66.6084,30.1885],[66.6461,30.1731],[66.6809,30.1814],[66.7028,30.1887],[66.7214,30.2231],[66.7423,30.2453],[66.7605,30.291],[66.7739,30.2969],[66.7972,30.3323],[66.8162,30.3705],[66.8305,30.4215],[66.8465,30.4374],[66.8595,30.4687],[66.8815,30.4604],[66.9172,30.4735],[66.9065,30.5047],[66.9575,30.5269]]]]}},{"type":"Feature","properties":{"province_name":"Balochistan","district_name":"Quetta","tehsil_name":"Panjpai","tehsil_code":"PK22601","area_km2":1179.8303093529246},"geometry":{"type":"MultiPolygon","coordinates":[[[[66.6809,30.1814],[66.6461,30.1731],[66.6084,30.1885],[66.5921,30.2053],[66.5704,30.2066],[66.5236,30.2223],[66.5124,30.213],[66.5129,30.1659],[66.4684,30.1587],[66.4145,30.1618],[66.4035,30.1709],[66.3506,30.1859],[66.3383,30.1634],[66.3233,30.158],[66.301,30.1297],[66.2868,30.1216],[66.2624,30.0865],[66.2399,30.0861],[66.2417,30.0551],[66.3588,29.9745],[66.3189,29.9127],[66.2681,29.8728],[66.3161,29.8544],[66.3494,29.8553],[66.3835,29.8467],[66.4336,29.8541],[66.4495,29.8453],[66.473,29.8188],[66.5053,29.8099],[66.5314,29.8144],[66.5454,29.828],[66.558,29.856],[66.568,29.8736],[66.5667,29.9112],[66.6023,29.9529],[66.6231,30.0228],[66.6834,30.1397],[66.6927,30.1513],[66.6809,30.1814]]]]}},{"type":"Feature","properties":{"province_name":"Balochistan","district_name":"Quetta","tehsil_name":"Quetta City","tehsil_code":"PK22602","area_km2":1383.433188558762},"geometry":{"type":"MultiPolygon","coordinates":[[[[67.4321,30.0519],[67.4332,30.0618],[67.4125,30.1765],[67.3044,30.176],[67.2779,30.2079],[67.2829,30.2487],[67.2705,30.2521],[67.2461,30.2289],[67.22,30.2341],[67.1977,30.2249],[67.1444,30.1845],[67.1288,30.1819],[67.0866,30.2427],[67.011,30.2309],[66.9828,30.2357],[66.9764,30.2485],[66.9412,30.2349],[66.906,30.2463],[66.883,30.1969],[66.8817,30.1586],[66.8679,30.0696],[66.8602,30.0361],[66.8876,30.0565],[66.9482,30.0472],[66.9607,29.9801],[66.9869,29.9824],[67.0487,29.9496],[67.08,29.9667],[67.1247,29.9443],[67.167,29.9738],[67.1925,29.9814],[67.2111,29.9654],[67.2376,29.9777],[67.2581,29.9644],[67.2772,29.9284],[67.3194,29.9391],[67.3267,29.9155],[67.3475,29.9112],[67.3763,29.9214],[67.3654,29.9298],[67.3665,29.9522],[67.3532,29.9839],[67.3543,30.0041],[67.385,30.0098],[67.4087,30.022],[67.4078,30.0384],[67.4321,30.0519]]]]}},{"type":"Feature","properties":{"province_name":"Balochistan","district_name":"Quetta","tehsil_name":"Quetta Saddar","tehsil_code":"PK22603","area_km2":1197.4289573885874},"geometry":{"type":"MultiPolygon","coordinates":[[[[67.2188,30.4438],[67.1857,30.4535],[67.1492,30.4358],[67.1251,30.4379],[67.0891,30.4134],[67.0487,30.3735],[66.9905,30.3818],[66.9643,30.3937],[66.9342,30.4398],[66.9172,30.4735],[66.8815,30.4604],[66.8595,30.4687],[66.8465,30.4374],[66.8305,30.4215],[66.8162,30.3705],[66.7972,30.3323],[66.7739,30.2969],[66.7605,30.291],[66.7423,30.2453],[66.7214,30.2231],[66.7028,30.1887],[66.6809,30.1814],[66.6927,30.1513],[66.73,30.1483],[66.7575,30.124],[66.7898,30.1181],[66.7975,30.0852],[66.8254,30.077],[66.8282,30.056],[66.8097,30.0513],[66.8089,30.0306],[66.8448,30.027],[66.8602,30.0361],[66.8679,30.0696],[66.8817,30.1586],[66.883,30.1969],[66.906,30.2463],[66.9412,30.2349],[66.9764,30.2485],[66.9828,30.2357],[67.011,30.2309],[67.0866,30.2427],[67.1288,30.1819],[67.1444,30.1845],[67.1977,30.2249],[67.22,30.2341],[67.2283,30.2498],[67.252,30.258],[67.2903,30.2998],[67.2802,30.3329],[67.2589,30.3235],[67.2253,30.3374],[67.1927,30.3682],[67.1908,30.406],[67.2188,30.4438]]]]}},{"type":"Feature","properties":{"province_name":"Balochistan","district_name":"Sherani","tehsil_name":"Sherani","tehsil_code":"PK22701","area_km2":3048.51873837803},"geometry":{"type":"MultiPolygon","coordinates":[[[[69.9565,31.8945],[69.9633,31.9368],[69.939,31.9342],[69.899,31.8884],[69.8826,31.8841],[69.8558,31.8921],[69.8533,31.9249],[69.8685,31.9421],[69.8805,31.9817],[69.8265,32.0037],[69.8004,32.0226],[69.8175,32.0367],[69.8525,32.1006],[69.8042,32.0952],[69.7488,32.0816],[69.6796,32.0729],[69.6446,32.043],[69.6292,32.0072],[69.6087,31.9985],[69.5828,31.9763],[69.5462,31.9567],[69.6018,31.8819],[69.6217,31.8403],[69.618,31.8001],[69.5823,31.7092],[69.562,31.5864],[69.5313,31.5212],[69.5357,31.4714],[69.556,31.3934],[69.5694,31.3567],[69.6234,31.3342],[69.723,31.3255],[69.7452,31.3176],[69.7197,31.295],[69.7196,31.2736],[69.7522,31.2656],[69.7833,31.2707],[69.79,31.285],[69.8179,31.2951],[69.8526,31.2756],[69.88,31.2731],[69.8975,31.2611],[69.933,31.2493],[69.9747,31.2933],[69.9953,31.2868],[70.0286,31.3037],[70.0326,31.3141],[70.0272,31.359],[70.0524,31.3984],[70.0439,31.4423],[70.0181,31.5081],[69.9712,31.5146],[69.9397,31.5456],[69.9437,31.5663],[69.9453,31.6364],[69.9514,31.7259],[69.9466,31.7629],[69.9559,31.7757],[69.9429,31.809],[69.94,31.8536],[69.957,31.8709],[69.9565,31.8945]]]]}},{"type":"Feature","properties":{"province_name":"Balochistan","district_name":"Sibi","tehsil_name":"Sibi","tehsil_code":"PK22801","area_km2":4963.312554866165},"geometry":{"type":"MultiPolygon","coordinates":[[[[67.7877,30.0667],[67.7536,30.0923],[67.6732,30.126],[67.6337,30.1202],[67.5984,30.1035],[67.562,30.0928],[67.5597,30.079],[67.5195,30.031],[67.4729,30.0279],[67.4321,30.0519],[67.4078,30.0384],[67.4087,30.022],[67.385,30.0098],[67.3543,30.0041],[67.3532,29.9839],[67.3665,29.9522],[67.3654,29.9298],[67.3763,29.9214],[67.4396,29.898],[67.4745,29.842],[67.4935,29.7911],[67.4998,29.7366],[67.5087,29.7154],[67.5338,29.6993],[67.5518,29.6759],[67.5814,29.6665],[67.6268,29.6651],[67.672,29.6469],[67.6959,29.5999],[67.761,29.6046],[67.7791,29.5967],[67.7867,29.5651],[67.7995,29.5525],[67.8123,29.4842],[67.8092,29.4665],[67.8166,29.4583],[67.8589,29.4453],[67.8761,29.4298],[67.8868,29.3672],[67.8752,29.3321],[67.915,29.3303],[67.9412,29.3388],[67.9838,29.3754],[68.0006,29.3777],[68.0446,29.3635],[68.0865,29.3421],[68.1227,29.3442],[68.1773,29.3745],[68.1521,29.403],[68.0991,29.4192],[68.1355,29.4768],[68.1937,29.5846],[68.223,29.5901],[68.2656,29.6285],[68.3411,29.6263],[68.3992,29.6218],[68.4321,29.624],[68.4571,29.6595],[68.5405,29.6939],[68.5724,29.7325],[68.5635,29.7829],[68.5771,29.8147],[68.5681,29.8289],[68.5207,29.841],[68.4436,29.8806],[68.4026,29.9057],[68.3983,29.9364],[68.2727,29.9321],[68.248,29.9289],[68.1673,29.9085],[68.0845,29.8978],[68.0644,29.8884],[68.0525,29.8462],[68.0286,29.8167],[67.9703,29.7924],[67.9738,29.7526],[67.9057,29.7059],[67.8792,29.703],[67.9016,29.7338],[67.9227,29.777],[67.9765,29.8399],[68.0037,29.9032],[68.0111,29.9601],[68.0015,29.9882],[67.9725,30.0219],[67.9366,30.0284],[67.8868,30.0285],[67.8527,30.019],[67.7786,30.0176],[67.7653,30.0299],[67.794,30.055],[67.7877,30.0667]]]]}},{"type":"Feature","properties":{"province_name":"Balochistan","district_name":"Sohbatpur","tehsil_name":"Sohbatpur","tehsil_code":"PK22901","area_km2":786.2788185303659},"geometry":{"type":"MultiPolygon","coordinates":[[[[69.1275,28.4406],[69.1185,28.4727],[69.1004,28.4909],[69.0803,28.4936],[69.036,28.4594],[68.9749,28.4662],[68.9207,28.465],[68.8459,28.4721],[68.7784,28.4836],[68.6928,28.5188],[68.6004,28.572],[68.5707,28.5913],[68.4685,28.6464],[68.4482,28.674],[68.4037,28.6603],[68.3813,28.6388],[68.3809,28.616],[68.3826,28.5627],[68.3915,28.5497],[68.3982,28.4748],[68.4053,28.4444],[68.4342,28.409],[68.4671,28.4312],[68.5178,28.4314],[68.7572,28.4298],[68.8915,28.432],[68.9201,28.4302],[69.0013,28.4312],[69.1275,28.4406]]]]}},{"type":"Feature","properties":{"province_name":"Balochistan","district_name":"Washuk","tehsil_name":"Mashkhel","tehsil_code":"PK23001","area_km2":10556.670508945128},"geometry":{"type":"MultiPolygon","coordinates":[[[[63.8532,28.1705],[63.8279,28.2563],[63.8237,28.3053],[63.8165,28.3457],[63.8031,28.3375],[63.7866,28.3145],[63.7546,28.3039],[63.7021,28.2931],[63.6688,28.2904],[63.571,28.2959],[63.4683,28.2888],[63.3673,28.2646],[63.3352,28.2652],[63.2604,28.2766],[63.2256,28.2446],[63.2199,28.2093],[63.2051,28.183],[63.1463,28.1695],[63.0176,28.0718],[62.9875,28.044],[62.946,28.0126],[62.8878,27.9494],[62.8534,27.9199],[62.802,27.8888],[62.8198,27.805],[62.83,27.7353],[62.8386,27.6474],[62.852,27.5427],[62.8554,27.4651],[62.8074,27.3401],[62.8325,27.3049],[62.8232,27.2862],[62.7815,27.2514],[62.783,27.2343],[62.8214,27.2123],[62.8783,27.2171],[62.9087,27.1992],[62.9517,27.1921],[62.9773,27.1951],[63.0587,27.2332],[63.1158,27.2344],[63.1842,27.2414],[63.2481,27.2085],[63.3445,27.2015],[63.3809,27.2039],[63.4194,27.1948],[63.4547,27.2077],[63.5306,27.2097],[63.5723,27.2151],[63.5998,27.2382],[63.6582,27.2291],[63.7347,27.2364],[63.7189,27.2607],[63.7015,27.3184],[63.683,27.3452],[63.6972,27.3643],[63.7029,27.3901],[63.6817,27.4353],[63.6681,27.4979],[63.728,27.5126],[63.7413,27.5409],[63.7415,27.5718],[63.7803,27.6258],[63.7682,27.6795],[63.7734,27.6993],[63.8225,27.7325],[63.846,27.7577],[63.8769,27.8009],[63.9181,27.8684],[63.9246,27.9136],[63.9234,27.9631],[63.8773,28.0739],[63.8532,28.1705]]]]}},{"type":"Feature","properties":{"province_name":"Balochistan","district_name":"Washuk","tehsil_name":"Basima","tehsil_code":"PK23002","area_km2":2415.294433458232},"geometry":{"type":"MultiPolygon","coordinates":[[[[65.7011,27.6103],[65.7189,27.6663],[65.7699,27.7082],[65.7725,27.7499],[65.7947,27.7941],[65.8094,27.8121],[65.8633,27.8407],[65.9123,27.8899],[65.9282,27.9167],[65.9606,27.9383],[65.9783,27.9732],[65.9797,28.0099],[65.9643,28.0411],[65.9307,28.0539],[65.9021,28.0422],[65.8856,28.0677],[65.8875,28.1176],[65.9028,28.173],[65.8929,28.1983],[65.8541,28.2038],[65.8312,28.2147],[65.8318,28.2301],[65.8899,28.3579],[65.7962,28.3295],[65.7056,28.3055],[65.6736,28.2939],[65.6239,28.2631],[65.574,28.2365],[65.5033,28.2082],[65.4526,28.1801],[65.3608,28.1119],[65.3817,28.0974],[65.4592,28.064],[65.4836,28.036],[65.4977,27.9753],[65.5439,27.8856],[65.5688,27.8634],[65.5728,27.8293],[65.5949,27.7798],[65.647,27.6924],[65.6622,27.6576],[65.7011,27.6103]]]]}},{"type":"Feature","properties":{"province_name":"Balochistan","district_name":"Washuk","tehsil_name":"Washuk","tehsil_code":"PK23003","area_km2":13189.427367458338},"geometry":{"type":"MultiPolygon","coordinates":[[[[65.2496,28.035],[65.2222,28.0382],[65.17,28.0365],[65.143,28.0224],[65.0544,27.9972],[65.0113,27.9916],[64.9936,28.0338],[64.9583,28.0938],[64.9153,28.1556],[64.8652,28.2488],[64.8195,28.3493],[64.7512,28.2961],[64.6769,28.2596],[64.5368,28.2344],[64.4262,28.2232],[64.3926,28.2149],[64.3058,28.2023],[64.2235,28.2168],[64.1747,28.2168],[64.0667,28.2272],[63.9517,28.2185],[63.8925,28.1871],[63.8532,28.1705],[63.8773,28.0739],[63.9234,27.9631],[63.9246,27.9136],[63.9181,27.8684],[63.8769,27.8009],[63.846,27.7577],[63.8225,27.7325],[63.7734,27.6993],[63.7682,27.6795],[63.7803,27.6258],[63.7415,27.5718],[63.7413,27.5409],[63.728,27.5126],[63.6681,27.4979],[63.6817,27.4353],[63.7029,27.3901],[63.6972,27.3643],[63.683,27.3452],[63.7015,27.3184],[63.7189,27.2607],[63.7347,27.2364],[63.7906,27.2611],[63.826,27.2561],[63.8414,27.2364],[63.869,27.2162],[63.8961,27.1859],[63.893,27.1603],[63.903,27.1484],[63.9966,27.0887],[64.098,27.0788],[64.1061,27.0518],[64.0731,26.9965],[64.0992,27.0024],[64.116,27.033],[64.1243,27.0655],[64.1096,27.1054],[64.122,27.1186],[64.1481,27.1258],[64.1927,27.1298],[64.2189,27.1457],[64.2386,27.1744],[64.249,27.1618],[64.2804,27.1839],[64.3284,27.2386],[64.3747,27.2589],[64.3805,27.2786],[64.4017,27.2982],[64.4263,27.2875],[64.4423,27.2585],[64.4561,27.2469],[64.4569,27.2267],[64.4839,27.2064],[64.4873,27.1812],[64.501,27.1619],[64.5597,27.1697],[64.6259,27.201],[64.6538,27.2202],[64.7235,27.2794],[64.7706,27.3474],[64.7758,27.3892],[64.7862,27.431],[64.8124,27.5024],[64.8385,27.5233],[64.8995,27.5599],[64.9396,27.5948],[64.9657,27.6401],[65.018,27.7115],[65.112,27.8317],[65.1626,27.8404],[65.1835,27.8491],[65.2026,27.8788],[65.2131,27.9101],[65.2026,27.9572],[65.227,27.9868],[65.2496,28.035]]]]}},{"type":"Feature","properties":{"province_name":"Balochistan","district_name":"Washuk","tehsil_name":"Nag","tehsil_code":"PK23004","area_km2":7561.7635652216595},"geometry":{"type":"MultiPolygon","coordinates":[[[[65.3363,26.8954],[65.3473,26.9837],[65.3675,27.0167],[65.4216,27.0871],[65.4835,27.1781],[65.5,27.2072],[65.5386,27.2577],[65.5758,27.3233],[65.5852,27.3573],[65.5874,27.4075],[65.593,27.4175],[65.5984,27.4265],[65.7108,27.5287],[65.6909,27.5731],[65.7011,27.6103],[65.6622,27.6576],[65.647,27.6924],[65.5949,27.7798],[65.5728,27.8293],[65.5688,27.8634],[65.5439,27.8856],[65.4977,27.9753],[65.4836,28.036],[65.4592,28.064],[65.3817,28.0974],[65.3608,28.1119],[65.3591,28.1106],[65.2496,28.035],[65.227,27.9868],[65.2026,27.9572],[65.2131,27.9101],[65.2026,27.8788],[65.1835,27.8491],[65.1626,27.8404],[65.112,27.8317],[65.018,27.7115],[64.9657,27.6401],[64.9396,27.5948],[64.8995,27.5599],[64.8385,27.5233],[64.8124,27.5024],[64.7862,27.431],[64.7758,27.3892],[64.7706,27.3474],[64.7235,27.2794],[64.6538,27.2202],[64.6259,27.201],[64.5597,27.1697],[64.501,27.1619],[64.491,27.1207],[64.4951,27.113],[64.5905,27.0638],[64.6336,27.0278],[64.6938,27.0044],[64.7339,27.0205],[64.8095,27.064],[64.9241,27.1357],[64.9721,27.1631],[64.9979,27.172],[65.0221,27.18],[65.0477,27.1535],[65.0588,27.1026],[65.0783,27.0717],[65.0844,27.0327],[65.1176,27.0241],[65.156,27.0291],[65.1812,27.0229],[65.2138,26.9818],[65.2239,26.9386],[65.2436,26.9274],[65.2484,26.9072],[65.2809,26.8889],[65.3363,26.8954]]]]}},{"type":"Feature","properties":{"province_name":"Balochistan","district_name":"Washuk","tehsil_name":"Shaogari","tehsil_code":"PK23005","area_km2":5482.222226363581},"geometry":{"type":"MultiPolygon","coordinates":[[[[64.9131,28.683],[64.8785,28.6847],[64.8319,28.6955],[64.8112,28.6951],[64.7645,28.6795],[64.6365,28.6435],[64.6125,28.6451],[64.5217,28.612],[64.4988,28.6116],[64.4615,28.5811],[64.4371,28.5471],[64.407,28.5234],[64.3813,28.5201],[64.3369,28.5227],[64.3058,28.5375],[64.2835,28.5349],[64.2859,28.5057],[64.2737,28.4957],[64.2353,28.4908],[64.2055,28.4715],[64.1757,28.4737],[64.1267,28.4677],[64.0789,28.4305],[64.0439,28.4211],[64.0124,28.3852],[63.9877,28.3939],[63.9591,28.3777],[63.9235,28.3791],[63.8911,28.3613],[63.8237,28.3053],[63.8279,28.2563],[63.8532,28.1705],[63.8925,28.1871],[63.9517,28.2185],[64.0667,28.2272],[64.1747,28.2168],[64.2235,28.2168],[64.3058,28.2023],[64.3926,28.2149],[64.4262,28.2232],[64.5368,28.2344],[64.6769,28.2596],[64.7512,28.2961],[64.8195,28.3493],[64.8652,28.2488],[64.9153,28.1556],[64.9583,28.0938],[64.9936,28.0338],[65.0113,27.9916],[65.0544,27.9972],[65.143,28.0224],[65.17,28.0365],[65.2222,28.0382],[65.2496,28.035],[65.3591,28.1106],[65.3432,28.1179],[65.309,28.1583],[65.281,28.2081],[65.2744,28.2415],[65.2732,28.3197],[65.2817,28.3917],[65.2781,28.4055],[65.2333,28.4557],[65.2112,28.5084],[65.1033,28.4729],[64.9988,28.4485],[64.9793,28.4948],[64.9805,28.5403],[64.9739,28.5801],[64.9613,28.6189],[64.94,28.6558],[64.9131,28.683]]]]}},{"type":"Feature","properties":{"province_name":"Balochistan","district_name":"Zhob","tehsil_name":"Kakar Khurasan","tehsil_code":"PK23101","area_km2":4344.199265312121},"geometry":{"type":"MultiPolygon","coordinates":[[[[68.8023,31.6131],[68.7827,31.6353],[68.7735,31.661],[68.7519,31.6695],[68.717,31.6966],[68.7093,31.751],[68.7018,31.7699],[68.6322,31.7783],[68.5701,31.828],[68.4659,31.774],[68.4331,31.7633],[68.4637,31.7481],[68.5385,31.7546],[68.582,31.7503],[68.5556,31.7144],[68.5372,31.714],[68.5104,31.7339],[68.4904,31.7404],[68.4453,31.7425],[68.423,31.7554],[68.372,31.7585],[68.2866,31.757],[68.251,31.7854],[68.2594,31.8016],[68.1775,31.8145],[68.1689,31.8342],[68.1406,31.7983],[68.1167,31.7587],[68.0673,31.7155],[68.0641,31.6994],[67.9877,31.6489],[67.9499,31.6334],[67.9044,31.626],[67.8687,31.6288],[67.8174,31.5974],[67.8601,31.566],[67.9412,31.5288],[67.9774,31.5177],[68.0207,31.4962],[68.0849,31.447],[68.1751,31.366],[68.2377,31.327],[68.3811,31.2835],[68.4037,31.2873],[68.5028,31.3337],[68.5461,31.3434],[68.5795,31.3569],[68.5955,31.3557],[68.6561,31.3323],[68.661,31.314],[68.6552,31.244],[68.6702,31.2379],[68.6821,31.2099],[68.6656,31.1894],[68.6721,31.1633],[68.6899,31.1485],[68.6911,31.1132],[68.7043,31.0977],[68.7339,31.1013],[68.7672,31.118],[68.8025,31.1523],[68.8345,31.1507],[68.8719,31.1367],[68.9145,31.1397],[68.924,31.1117],[68.9392,31.1118],[68.9929,31.1365],[68.9762,31.2109],[68.9757,31.2642],[68.9568,31.3709],[68.9307,31.4076],[68.7992,31.4487],[68.7811,31.4595],[68.7583,31.5495],[68.7645,31.5672],[68.8023,31.6131]]]]}},{"type":"Feature","properties":{"province_name":"Balochistan","district_name":"Zhob","tehsil_name":"Zhob","tehsil_code":"PK23102","area_km2":7583.497189338964},"geometry":{"type":"MultiPolygon","coordinates":[[[[69.5462,31.9567],[69.5231,31.9756],[69.4813,31.9661],[69.3893,31.9628],[69.3749,31.9667],[69.3468,31.952],[69.3209,31.9519],[69.3176,31.9281],[69.2777,31.9115],[69.2626,31.8866],[69.2311,31.8626],[69.1976,31.8484],[69.1747,31.8],[69.1563,31.7839],[69.149,31.7589],[69.1353,31.7479],[69.1179,31.7033],[69.0965,31.6926],[69.0665,31.6672],[69.0242,31.6421],[69.021,31.6267],[68.9859,31.628],[68.9492,31.6458],[68.9285,31.6134],[68.9006,31.6013],[68.8418,31.5991],[68.8023,31.6131],[68.7645,31.5672],[68.7583,31.5495],[68.7811,31.4595],[68.7992,31.4487],[68.9307,31.4076],[68.9568,31.3709],[68.9757,31.2642],[68.9762,31.2109],[68.9929,31.1365],[69.0015,31.1209],[69.0272,31.1355],[69.0737,31.1319],[69.097,31.1464],[69.1115,31.1432],[69.1552,31.1069],[69.2146,31.0885],[69.2281,31.0646],[69.2641,31.0302],[69.2893,31.0225],[69.3128,31.0266],[69.3612,31.0622],[69.3803,31.0433],[69.3502,31.0007],[69.304,30.986],[69.2816,30.9453],[69.2871,30.9172],[69.2518,30.8393],[69.2042,30.8194],[69.1528,30.8085],[69.1015,30.7761],[69.057,30.7568],[69.0903,30.6897],[69.1295,30.7051],[69.1412,30.6911],[69.2036,30.6826],[69.2246,30.6271],[69.3262,30.6211],[69.3476,30.6087],[69.3636,30.5855],[69.409,30.548],[69.4603,30.524],[69.5261,30.4794],[69.5611,30.4484],[69.5472,30.47],[69.5568,30.4891],[69.5338,30.5049],[69.5278,30.5383],[69.4971,30.5321],[69.4687,30.5405],[69.4605,30.5756],[69.4735,30.6069],[69.5039,30.6277],[69.5304,30.663],[69.527,30.725],[69.5319,30.7482],[69.5643,30.7715],[69.5758,30.7888],[69.6354,30.8468],[69.6746,30.9304],[69.6922,30.9575],[69.7158,30.9815],[69.7315,31.0381],[69.705,31.0557],[69.7031,31.069],[69.7163,31.1034],[69.6977,31.1091],[69.7048,31.1305],[69.6962,31.1814],[69.7162,31.2239],[69.6963,31.247],[69.7196,31.2736],[69.7197,31.295],[69.7452,31.3176],[69.723,31.3255],[69.6234,31.3342],[69.5694,31.3567],[69.556,31.3934],[69.5357,31.4714],[69.5313,31.5212],[69.562,31.5864],[69.5823,31.7092],[69.618,31.8001],[69.6217,31.8403],[69.6018,31.8819],[69.5462,31.9567]]]]}},{"type":"Feature","properties":{"province_name":"Balochistan","district_name":"Ziarat","tehsil_name":"Sinjawi","tehsil_code":"PK23201","area_km2":1826.6123397381205},"geometry":{"type":"MultiPolygon","coordinates":[[[[68.5999,30.2661],[68.5718,30.277],[68.5666,30.2923],[68.5096,30.2969],[68.4965,30.3045],[68.4813,30.3384],[68.519,30.3865],[68.4476,30.3894],[68.3904,30.3784],[68.3302,30.3835],[68.3101,30.4024],[68.3189,30.4357],[68.3042,30.4549],[68.2411,30.4574],[68.2326,30.476],[68.2348,30.5206],[68.2266,30.5291],[68.144,30.5287],[68.1129,30.5446],[68.0586,30.5369],[68.0342,30.5429],[67.9727,30.5026],[67.9665,30.4835],[67.8479,30.5041],[67.78,30.5037],[67.7865,30.4889],[67.7532,30.4576],[67.7386,30.384],[67.834,30.3742],[67.8717,30.3629],[67.8689,30.3446],[67.9889,30.2998],[68.0109,30.2812],[68.0679,30.271],[68.0988,30.2611],[68.1055,30.2416],[68.1406,30.2121],[68.1697,30.2025],[68.2082,30.1738],[68.2307,30.1792],[68.2992,30.1653],[68.3333,30.1635],[68.3709,30.1765],[68.462,30.1893],[68.5012,30.2231],[68.537,30.2344],[68.5496,30.2614],[68.5999,30.2661]]]]}},{"type":"Feature","properties":{"province_name":"Balochistan","district_name":"Ziarat","tehsil_name":"Ziarat","tehsil_code":"PK23202","area_km2":1443.140800859192},"geometry":{"type":"MultiPolygon","coordinates":[[[[67.701,30.5935],[67.5888,30.5873],[67.5601,30.574],[67.5536,30.5487],[67.5367,30.5382],[67.528,30.5162],[67.4955,30.5217],[67.4891,30.5363],[67.4659,30.5543],[67.4496,30.585],[67.417,30.5982],[67.3969,30.5985],[67.3672,30.5864],[67.3235,30.5546],[67.2748,30.5318],[67.2563,30.5004],[67.2242,30.4733],[67.2188,30.4438],[67.1908,30.406],[67.1927,30.3682],[67.2253,30.3374],[67.2589,30.3235],[67.2802,30.3329],[67.3127,30.3383],[67.3372,30.3243],[67.3791,30.3213],[67.4092,30.3099],[67.4535,30.3181],[67.4899,30.3154],[67.5153,30.306],[67.5217,30.2943],[67.5615,30.2791],[67.583,30.2773],[67.6002,30.2887],[67.643,30.3008],[67.6703,30.2981],[67.7307,30.3227],[67.7571,30.3559],[67.7386,30.384],[67.7532,30.4576],[67.7865,30.4889],[67.78,30.5037],[67.7812,30.5204],[67.7335,30.5483],[67.7177,30.5633],[67.701,30.5935]]]]}},{"type":"Feature","properties":{"province_name":"Balochistan","district_name":"Shaheed Sikandarabad","tehsil_name":"Surab","tehsil_code":"PK23301","area_km2":3710.487820546155},"geometry":{"type":"MultiPolygon","coordinates":[[[[66.5177,28.5506],[66.485,28.5514],[66.4251,28.5606],[66.3999,28.571],[66.3761,28.5961],[66.3725,28.6226],[66.3368,28.6675],[66.31,28.6825],[66.1606,28.7161],[66.0911,28.7231],[66.0883,28.6598],[66.0842,28.6351],[66.0665,28.6067],[66.0494,28.5607],[66.0141,28.5206],[65.9912,28.4747],[65.9576,28.4411],[65.9297,28.4224],[65.9093,28.3821],[65.8899,28.3579],[65.8318,28.2301],[65.8312,28.2147],[65.8541,28.2038],[65.8929,28.1983],[65.9028,28.173],[65.8875,28.1176],[65.8856,28.0677],[65.9021,28.0422],[65.9307,28.0539],[65.9643,28.0411],[65.9797,28.0099],[65.9783,27.9732],[65.9606,27.9383],[66.0328,27.932],[66.0745,27.9377],[66.0902,27.9404],[66.1308,27.9615],[66.2044,28.0177],[66.2587,28.0522],[66.3935,28.1178],[66.4718,28.1505],[66.4994,28.1671],[66.52,28.2146],[66.5193,28.2858],[66.506,28.3086],[66.4521,28.3568],[66.4285,28.4053],[66.429,28.4283],[66.4611,28.4985],[66.4872,28.5316],[66.5177,28.5506]]]]}},{"type":"Feature","properties":{"province_name":"Balochistan","district_name":"Duki","tehsil_name":"Duki","tehsil_code":"PK23401","area_km2":4333.13664657364},"geometry":{"type":"MultiPolygon","coordinates":[[[[69.7395,30.3584],[69.7096,30.3624],[69.666,30.3841],[69.656,30.4061],[69.6325,30.411],[69.5834,30.4452],[69.5611,30.4484],[69.5263,30.4066],[69.4772,30.359],[69.4494,30.3497],[69.3864,30.3465],[69.3617,30.3399],[69.3134,30.3444],[69.2489,30.3693],[69.2108,30.3908],[69.1586,30.3701],[69.0563,30.3378],[69.0199,30.325],[68.9958,30.2995],[68.9136,30.2922],[68.8703,30.2838],[68.7933,30.2846],[68.7618,30.2717],[68.7168,30.2706],[68.6851,30.2651],[68.6451,30.2728],[68.5999,30.2661],[68.5496,30.2614],[68.537,30.2344],[68.5012,30.2231],[68.462,30.1893],[68.3709,30.1765],[68.3333,30.1635],[68.2992,30.1653],[68.2307,30.1792],[68.2082,30.1738],[68.2173,30.146],[68.2895,30.1065],[68.3188,30.0957],[68.3879,30.0529],[68.3924,30.0324],[68.4094,30.0161],[68.4799,29.951],[68.534,29.9295],[68.5554,29.9154],[68.6252,29.9148],[68.6858,29.9183],[68.7598,29.9287],[68.8046,29.9489],[68.8552,29.9968],[68.9074,30.0123],[68.9444,30.0283],[68.9724,30.0067],[68.9817,29.9858],[69.0084,29.9886],[69.0407,29.9761],[69.0741,29.9922],[69.1153,29.9853],[69.1474,29.9903],[69.1798,30.0079],[69.267,30.0088],[69.322,30.0137],[69.3348,30.0087],[69.4041,30.0448],[69.4033,30.0614],[69.4378,30.101],[69.567,30.2269],[69.5844,30.2113],[69.5628,30.1893],[69.5577,30.16],[69.5942,30.1378],[69.6071,30.1438],[69.6446,30.1933],[69.6413,30.2086],[69.6956,30.2739],[69.7061,30.2992],[69.7294,30.3276],[69.7395,30.3584]]]]}},{"type":"Feature","properties":{"province_name":"Balochistan","district_name":"Chaman","tehsil_name":"Chaman","tehsil_code":"PK23501","area_km2":1636.411751306168},"geometry":{"type":"MultiPolygon","coordinates":[[[[66.7686,31.2098],[66.7311,31.2125],[66.7182,31.2027],[66.7093,31.1607],[66.6862,31.1153],[66.6832,31.0746],[66.667,31.0667],[66.6182,31.0205],[66.5627,30.9777],[66.4842,30.964],[66.401,30.9447],[66.3866,30.9339],[66.333,30.7406],[66.2811,30.5693],[66.2979,30.5093],[66.3257,30.4934],[66.3654,30.5445],[66.3919,30.5463],[66.4269,30.5836],[66.3996,30.6],[66.4152,30.625],[66.4594,30.655],[66.5102,30.6646],[66.5295,30.6733],[66.5782,30.6781],[66.6131,30.6998],[66.6248,30.7184],[66.6112,30.7381],[66.6231,30.7639],[66.625,30.8109],[66.6592,30.8384],[66.7477,30.8904],[66.7911,30.9219],[66.8125,30.9262],[66.8342,30.9448],[66.8433,30.9491],[66.8499,30.9894],[66.8471,31.0122],[66.8271,31.0586],[66.8214,31.0914],[66.825,31.15],[66.8178,31.1814],[66.7828,31.1907],[66.7686,31.2098]]]]}},{"type":"Feature","properties":{"province_name":"Gilgit Baltistan","district_name":"Astore","tehsil_name":"Astore","tehsil_code":"PK30101","area_km2":1400.5795163489663},"geometry":{"type":"MultiPolygon","coordinates":[[[[74.7391,35.7209],[74.7409,35.7447],[74.7563,35.7729],[74.7389,35.7873],[74.7368,35.8526],[74.7079,35.8382],[74.6518,35.8269],[74.6232,35.791],[74.652,35.7697],[74.6239,35.7262],[74.6477,35.709],[74.6339,35.6689],[74.6138,35.656],[74.616,35.6242],[74.6326,35.6107],[74.6266,35.5898],[74.6678,35.5518],[74.6779,35.4986],[74.7045,35.4782],[74.7183,35.4427],[74.7109,35.4358],[74.7315,35.3843],[74.715,35.3504],[74.6832,35.3353],[74.6779,35.3215],[74.7235,35.3065],[74.7834,35.3117],[74.8048,35.3237],[74.8188,35.3428],[74.8497,35.3523],[74.8559,35.3306],[74.8782,35.3304],[74.9026,35.306],[74.9591,35.2935],[75.0191,35.2843],[75.0834,35.2799],[75.1334,35.2574],[75.1741,35.2458],[75.177,35.3061],[75.1676,35.3335],[75.128,35.3579],[75.0972,35.3882],[75.0984,35.4067],[75.0585,35.4347],[75.0156,35.4466],[75.006,35.4757],[74.99,35.47],[74.9668,35.4801],[74.949,35.5089],[74.8835,35.5435],[74.8612,35.5616],[74.8711,35.5735],[74.8344,35.6008],[74.8554,35.6319],[74.8727,35.6407],[74.8784,35.678],[74.8688,35.6991],[74.8287,35.7206],[74.8129,35.7133],[74.7508,35.7124],[74.7391,35.7209]]]]}},{"type":"Feature","properties":{"province_name":"Gilgit Baltistan","district_name":"Astore","tehsil_name":"Shounter","tehsil_code":"PK30102","area_km2":3764.254697745113},"geometry":{"type":"MultiPolygon","coordinates":[[[[75.1741,35.2458],[75.1334,35.2574],[75.0834,35.2799],[75.0191,35.2843],[74.9591,35.2935],[74.9026,35.306],[74.8782,35.3304],[74.8559,35.3306],[74.8497,35.3523],[74.8188,35.3428],[74.8048,35.3237],[74.7834,35.3117],[74.7235,35.3065],[74.6779,35.3215],[74.6747,35.3039],[74.6548,35.2869],[74.6383,35.259],[74.6131,35.2594],[74.5925,35.2503],[74.5698,35.2264],[74.5336,35.2189],[74.4852,35.2173],[74.4484,35.1914],[74.4046,35.1456],[74.4376,35.1312],[74.4519,35.1338],[74.4664,35.1106],[74.4819,35.113],[74.5098,35.0992],[74.5086,35.0885],[74.537,35.0656],[74.5285,35.036],[74.5543,35.0132],[74.5746,35.0187],[74.5627,34.957],[74.5747,34.9473],[74.566,34.9075],[74.6033,34.9193],[74.6535,34.9012],[74.6774,34.8801],[74.7228,34.8609],[74.7259,34.8433],[74.7645,34.8129],[74.7824,34.764],[74.8266,34.7265],[74.8649,34.6799],[74.8938,34.6845],[74.9278,34.6783],[74.9467,34.6664],[75.0187,34.6415],[75.0418,34.6414],[75.0847,34.6554],[75.1423,34.6624],[75.1779,34.6573],[75.2074,34.6463],[75.23,34.6733],[75.2568,34.6882],[75.2618,34.7199],[75.2476,34.7562],[75.2474,34.7866],[75.2348,34.8035],[75.1736,34.8357],[75.1455,34.838],[75.1467,34.8684],[75.1222,34.8798],[75.1043,34.9007],[75.1466,34.9164],[75.1617,34.9354],[75.1852,34.9345],[75.2112,34.9514],[75.2001,34.9745],[75.2275,35.0078],[75.2275,35.0235],[75.2078,35.0462],[75.2153,35.0666],[75.2015,35.0791],[75.1937,35.1071],[75.2118,35.1079],[75.2188,35.1379],[75.2366,35.1512],[75.2416,35.1707],[75.2354,35.1935],[75.2118,35.19],[75.1703,35.2267],[75.1741,35.2458]]]]}},{"type":"Feature","properties":{"province_name":"Gilgit Baltistan","district_name":"Diamir","tehsil_name":"Chilas","tehsil_code":"PK30201","area_km2":4235.535361378333},"geometry":{"type":"MultiPolygon","coordinates":[[[[74.616,35.6242],[74.5981,35.62],[74.5747,35.6294],[74.5415,35.5899],[74.5355,35.5739],[74.4859,35.5762],[74.4682,35.5593],[74.4213,35.5736],[74.3823,35.5726],[74.3598,35.5979],[74.3422,35.5926],[74.3087,35.6226],[74.2775,35.6369],[74.2332,35.6295],[74.2111,35.6619],[74.1898,35.6713],[74.1709,35.7111],[74.1574,35.7189],[74.1278,35.6634],[74.1006,35.6763],[74.0483,35.669],[74.0347,35.6409],[74.0135,35.6182],[73.9778,35.6195],[73.964,35.5976],[73.9316,35.5732],[73.913,35.5477],[73.8723,35.5373],[73.8316,35.5182],[73.7884,35.5169],[73.803,35.5031],[73.7672,35.4531],[73.7219,35.4275],[73.7094,35.4136],[73.6994,35.3839],[73.6978,35.3119],[73.7039,35.2852],[73.7214,35.2294],[73.7305,35.2197],[73.7811,35.2406],[73.8046,35.2361],[73.8497,35.2078],[73.8911,35.2117],[73.9303,35.2031],[73.9597,35.1819],[73.9947,35.1764],[74.0278,35.1456],[74.05,35.1419],[74.0744,35.1508],[74.095,35.1453],[74.1159,35.1231],[74.1607,35.0804],[74.2162,35.0871],[74.2158,35.067],[74.238,35.066],[74.2486,35.0394],[74.2743,35.0417],[74.2995,35.0674],[74.3313,35.0603],[74.3751,35.0613],[74.405,35.0978],[74.4294,35.1104],[74.4376,35.1312],[74.4046,35.1456],[74.4484,35.1914],[74.4852,35.2173],[74.5336,35.2189],[74.5698,35.2264],[74.5925,35.2503],[74.6131,35.2594],[74.6383,35.259],[74.6548,35.2869],[74.6747,35.3039],[74.6779,35.3215],[74.6832,35.3353],[74.715,35.3504],[74.7315,35.3843],[74.7109,35.4358],[74.7183,35.4427],[74.7045,35.4782],[74.6779,35.4986],[74.6678,35.5518],[74.6266,35.5898],[74.6326,35.6107],[74.616,35.6242]]]]}},{"type":"Feature","properties":{"province_name":"Gilgit Baltistan","district_name":"Ghanche","tehsil_name":"Daghoni","tehsil_code":"PK30301","area_km2":973.2540091786764},"geometry":{"type":"MultiPolygon","coordinates":[[[[76.3943,35.1846],[76.3974,35.2105],[76.3499,35.2223],[76.3211,35.2387],[76.3036,35.2644],[76.3066,35.2844],[76.2905,35.2944],[76.2851,35.3374],[76.2751,35.3576],[76.2515,35.3649],[76.2164,35.4127],[76.2149,35.4282],[76.2358,35.4584],[76.2022,35.4727],[76.1634,35.4969],[76.1492,35.5198],[76.0824,35.5025],[76.0164,35.4631],[76.0035,35.4314],[76.006,35.3931],[75.9964,35.3595],[75.9668,35.3228],[75.9541,35.3204],[75.9309,35.296],[75.9124,35.2595],[75.9123,35.2284],[75.9345,35.2069],[75.9355,35.1943],[75.991,35.1505],[76.0808,35.1271],[76.1198,35.1706],[76.1389,35.2],[76.1606,35.1997],[76.1747,35.2113],[76.2083,35.1921],[76.2382,35.2463],[76.2584,35.2479],[76.3062,35.2169],[76.3349,35.2056],[76.3725,35.1824],[76.3943,35.1846]]]]}},{"type":"Feature","properties":{"province_name":"Gilgit Baltistan","district_name":"Ghanche","tehsil_name":"Khaplu","tehsil_code":"PK30302","area_km2":1718.718586241241},"geometry":{"type":"MultiPolygon","coordinates":[[[[76.3943,35.1846],[76.3725,35.1824],[76.3349,35.2056],[76.3062,35.2169],[76.2584,35.2479],[76.2382,35.2463],[76.2083,35.1921],[76.1747,35.2113],[76.1606,35.1997],[76.1389,35.2],[76.1198,35.1706],[76.0808,35.1271],[76.1378,35.1045],[76.1783,35.0795],[76.2277,35.0698],[76.27,35.066],[76.2941,35.0474],[76.3369,35.0468],[76.3772,35.018],[76.4137,34.9756],[76.4086,34.9567],[76.4174,34.9302],[76.452,34.8733],[76.4602,34.8377],[76.4926,34.8185],[76.4839,34.7931],[76.5141,34.7838],[76.5618,34.7583],[76.58,34.7555],[76.6716,34.7574],[76.6872,34.7632],[76.7062,34.8013],[76.7379,34.8307],[76.7447,34.8447],[76.7389,34.9019],[76.7494,34.9266],[76.7633,34.9331],[76.8111,34.9355],[76.8632,34.9708],[76.8835,34.9703],[76.9503,34.9409],[76.9888,34.9352],[77.0066,34.9515],[76.9468,35.0369],[76.9007,35.0451],[76.8392,35.0633],[76.8002,35.0647],[76.7703,35.0576],[76.7219,35.0582],[76.7059,35.0777],[76.6537,35.098],[76.6329,35.0904],[76.5648,35.0993],[76.5107,35.0991],[76.4899,35.0749],[76.4722,35.0905],[76.4279,35.1013],[76.4261,35.1645],[76.4009,35.1644],[76.3943,35.1846]]]]}},{"type":"Feature","properties":{"province_name":"Gilgit Baltistan","district_name":"Ghanche","tehsil_name":"Mashabbrum","tehsil_code":"PK30303","area_km2":6073.542770437949},"geometry":{"type":"MultiPolygon","coordinates":[[[[76.9002,35.6191],[76.8437,35.5854],[76.8326,35.5648],[76.7908,35.5152],[76.7557,35.456],[76.7295,35.422],[76.6754,35.4692],[76.6544,35.5291],[76.6126,35.5703],[76.5621,35.5965],[76.4907,35.6525],[76.4655,35.6805],[76.4458,35.6877],[76.3551,35.6603],[76.3117,35.6387],[76.3003,35.6273],[76.2285,35.594],[76.168,35.5303],[76.1492,35.5198],[76.1634,35.4969],[76.2022,35.4727],[76.2358,35.4584],[76.2149,35.4282],[76.2164,35.4127],[76.2515,35.3649],[76.2751,35.3576],[76.2851,35.3374],[76.2905,35.2944],[76.3066,35.2844],[76.3036,35.2644],[76.3211,35.2387],[76.3499,35.2223],[76.3974,35.2105],[76.3943,35.1846],[76.4009,35.1644],[76.4261,35.1645],[76.4279,35.1013],[76.4722,35.0905],[76.4899,35.0749],[76.5107,35.0991],[76.5648,35.0993],[76.6329,35.0904],[76.6537,35.098],[76.7059,35.0777],[76.7219,35.0582],[76.7703,35.0576],[76.8002,35.0647],[76.8392,35.0633],[76.9007,35.0451],[76.9468,35.0369],[77.0066,34.9515],[77.0115,34.9667],[77.0103,35.0162],[77.0269,35.0408],[77.0523,35.0246],[77.0768,35.0246],[77.126,35.043],[77.834,35.5021],[77.8141,35.5195],[77.7947,35.4923],[77.755,35.4981],[77.7374,35.4847],[77.7255,35.4589],[77.688,35.4492],[77.655,35.4785],[77.6145,35.4639],[77.5835,35.4643],[77.5758,35.4768],[77.5161,35.483],[77.4742,35.4742],[77.4491,35.4613],[77.4172,35.47],[77.3941,35.4686],[77.3755,35.4929],[77.3446,35.5011],[77.3354,35.5249],[77.3049,35.5413],[77.2654,35.5352],[77.2093,35.5201],[77.1929,35.5201],[77.128,35.5562],[77.0904,35.5703],[77.0696,35.5917],[77.0271,35.6009],[77.0062,35.6116],[76.9641,35.5927],[76.9002,35.6191]]]]}},{"type":"Feature","properties":{"province_name":"Gilgit Baltistan","district_name":"Ghizer","tehsil_name":"Ishkoman","tehsil_code":"PK30401","area_km2":2656.9110417846964},"geometry":{"type":"MultiPolygon","coordinates":[[[[74.0453,36.8289],[74.0061,36.8368],[73.9632,36.8375],[73.9355,36.8674],[73.9083,36.881],[73.8791,36.8855],[73.8466,36.8986],[73.8002,36.8897],[73.7907,36.9013],[73.75,36.9065],[73.7335,36.9007],[73.7051,36.9127],[73.6626,36.9112],[73.6396,36.9033],[73.663,36.8883],[73.6964,36.8469],[73.7341,36.8346],[73.7847,36.8255],[73.7975,36.8033],[73.8403,36.7913],[73.8611,36.7577],[73.8547,36.7138],[73.8308,36.7055],[73.7814,36.721],[73.7366,36.7132],[73.7069,36.7207],[73.6603,36.7027],[73.6031,36.7061],[73.5857,36.681],[73.6065,36.6396],[73.5807,36.6012],[73.5394,36.593],[73.5214,36.5697],[73.5485,36.5672],[73.5665,36.5449],[73.5663,36.5178],[73.5948,36.513],[73.636,36.485],[73.6266,36.438],[73.6581,36.4263],[73.6973,36.3668],[73.7425,36.3623],[73.8093,36.331],[73.8478,36.3473],[73.8597,36.3336],[73.8744,36.2799],[73.8947,36.2539],[73.9312,36.2301],[73.9616,36.226],[73.9884,36.2369],[74.0039,36.2609],[73.9969,36.2722],[74.0322,36.2833],[74.0291,36.3155],[74.0485,36.3513],[74.0808,36.3776],[74.0989,36.3966],[74.0782,36.4169],[74.0899,36.4584],[74.1132,36.4672],[74.1177,36.5053],[74.128,36.5226],[74.1551,36.5236],[74.1824,36.5422],[74.1917,36.5643],[74.2329,36.5936],[74.2738,36.5918],[74.3169,36.6272],[74.2757,36.6489],[74.2553,36.6708],[74.2036,36.6758],[74.1856,36.6864],[74.1893,36.706],[74.1663,36.7241],[74.1182,36.7176],[74.0929,36.7213],[74.1103,36.7443],[74.1053,36.7805],[74.0649,36.7926],[74.0453,36.8289]]]]}},{"type":"Feature","properties":{"province_name":"Gilgit Baltistan","district_name":"Ghizer","tehsil_name":"Punial","tehsil_code":"PK30402","area_km2":1683.660812333695},"geometry":{"type":"MultiPolygon","coordinates":[[[[74.0322,36.2833],[73.9969,36.2722],[74.0039,36.2609],[73.9884,36.2369],[73.9616,36.226],[73.9312,36.2301],[73.8947,36.2539],[73.8744,36.2799],[73.8597,36.3336],[73.8478,36.3473],[73.8093,36.331],[73.7425,36.3623],[73.6973,36.3668],[73.6948,36.3415],[73.7114,36.3158],[73.716,36.2842],[73.6996,36.2709],[73.6643,36.259],[73.6391,36.2342],[73.6476,36.2093],[73.6411,36.1895],[73.6205,36.1661],[73.6256,36.1413],[73.6473,36.1164],[73.6596,36.0864],[73.6549,36.0613],[73.6352,36.0265],[73.6626,36.0084],[73.6981,35.9756],[73.715,35.9792],[73.7455,35.9415],[73.7426,35.8968],[73.7604,35.8717],[73.7718,35.8805],[73.8061,35.8645],[73.8327,35.8787],[73.8587,35.8638],[73.8628,35.8493],[73.8874,35.8391],[73.9152,35.859],[73.9451,35.8497],[73.9366,35.9082],[73.9654,35.8966],[73.9908,35.901],[74.0062,35.9475],[74.0475,35.9462],[74.0825,35.9616],[74.0753,35.9972],[74.0971,36.0527],[74.1136,36.0644],[74.0938,36.0964],[74.0933,36.1223],[74.1188,36.1363],[74.1152,36.1719],[74.0938,36.1793],[74.0714,36.2183],[74.0435,36.2359],[74.0311,36.2607],[74.0322,36.2833]]]]}},{"type":"Feature","properties":{"province_name":"Gilgit Baltistan","district_name":"Gilgit","tehsil_name":"Gilgit","tehsil_code":"PK30501","area_km2":4036.593846255472},"geometry":{"type":"MultiPolygon","coordinates":[[[[74.6258,36.1361],[74.6005,36.1455],[74.5443,36.1474],[74.4955,36.144],[74.4647,36.1141],[74.4517,36.0901],[74.4281,36.0727],[74.4009,36.1168],[74.354,36.1684],[74.3069,36.1812],[74.2187,36.1771],[74.2004,36.2105],[74.1656,36.2343],[74.1569,36.2488],[74.1462,36.2935],[74.1256,36.3176],[74.0963,36.3271],[74.0844,36.3483],[74.0808,36.3776],[74.0485,36.3513],[74.0291,36.3155],[74.0322,36.2833],[74.0311,36.2607],[74.0435,36.2359],[74.0714,36.2183],[74.0938,36.1793],[74.1152,36.1719],[74.1188,36.1363],[74.0933,36.1223],[74.0938,36.0964],[74.1136,36.0644],[74.0971,36.0527],[74.0753,35.9972],[74.0825,35.9616],[74.0475,35.9462],[74.0062,35.9475],[73.9908,35.901],[73.9654,35.8966],[73.9366,35.9082],[73.9451,35.8497],[73.9443,35.8308],[73.9649,35.8176],[74.0013,35.8124],[74.0237,35.824],[74.0523,35.7693],[74.0944,35.7675],[74.136,35.7262],[74.1574,35.7189],[74.1709,35.7111],[74.1898,35.6713],[74.2111,35.6619],[74.2332,35.6295],[74.2775,35.6369],[74.3087,35.6226],[74.3422,35.5926],[74.3598,35.5979],[74.3823,35.5726],[74.4213,35.5736],[74.4682,35.5593],[74.4859,35.5762],[74.5355,35.5739],[74.5415,35.5899],[74.5747,35.6294],[74.5981,35.62],[74.616,35.6242],[74.6138,35.656],[74.6339,35.6689],[74.6477,35.709],[74.6239,35.7262],[74.652,35.7697],[74.6232,35.791],[74.6518,35.8269],[74.7079,35.8382],[74.7368,35.8526],[74.7389,35.7873],[74.7563,35.7729],[74.7409,35.7447],[74.7391,35.7209],[74.7587,35.7257],[74.8025,35.7506],[74.8309,35.7584],[74.8378,35.7816],[74.8839,35.8078],[74.8983,35.8406],[74.9545,35.8548],[74.9665,35.8647],[74.9644,35.9038],[74.9561,35.9227],[74.9235,35.9383],[74.9351,35.9527],[74.9318,35.9726],[74.9145,35.9787],[74.8937,36.0043],[74.875,36.0043],[74.8627,36.0331],[74.8469,36.0428],[74.7861,36.0464],[74.7371,36.0712],[74.713,36.0885],[74.6823,36.0942],[74.6579,36.1199],[74.6258,36.1361]]]]}},{"type":"Feature","properties":{"province_name":"Gilgit Baltistan","district_name":"Hunza","tehsil_name":"Ali Abad","tehsil_code":"PK30601","area_km2":919.7929318934512},"geometry":{"type":"MultiPolygon","coordinates":[[[[74.8703,36.3232],[74.8674,36.3542],[74.8894,36.4133],[74.8818,36.4376],[74.9156,36.4536],[74.9182,36.4634],[74.8795,36.4917],[74.8609,36.4954],[74.7971,36.4874],[74.7126,36.506],[74.6541,36.5039],[74.6181,36.4913],[74.5491,36.5129],[74.4898,36.4826],[74.4543,36.4598],[74.4395,36.4266],[74.4673,36.4077],[74.4847,36.3788],[74.4676,36.3667],[74.4221,36.319],[74.3894,36.2562],[74.436,36.2466],[74.5174,36.2481],[74.5478,36.2598],[74.5849,36.2572],[74.6135,36.2816],[74.6144,36.2987],[74.6337,36.3102],[74.6897,36.3142],[74.7296,36.3023],[74.7601,36.3088],[74.7855,36.3023],[74.8114,36.312],[74.8311,36.3055],[74.8703,36.3232]]]]}},{"type":"Feature","properties":{"province_name":"Gilgit Baltistan","district_name":"Hunza","tehsil_name":"Gojal","tehsil_code":"PK30602","area_km2":10575.231820488443},"geometry":{"type":"MultiPolygon","coordinates":[[[[75.9493,36.0739],[75.9402,36.1387],[75.9605,36.1414],[75.9652,36.1596],[76.0135,36.1661],[76.0086,36.2298],[76.018,36.2358],[76.058,36.2258],[76.0522,36.2533],[76.0281,36.2704],[76.0257,36.2868],[75.996,36.3128],[75.9882,36.3526],[76.0081,36.3841],[76.0318,36.4097],[76.0076,36.455],[76.0108,36.4745],[75.9601,36.5243],[75.9482,36.5546],[75.9325,36.5696],[75.9397,36.6008],[75.8929,36.6349],[75.8579,36.6702],[75.7763,36.7215],[75.7207,36.7511],[75.7013,36.7464],[75.6788,36.7623],[75.6312,36.7722],[75.5858,36.7633],[75.5343,36.7736],[75.534,36.7307],[75.5017,36.7441],[75.4696,36.7221],[75.4552,36.7214],[75.4224,36.7791],[75.4201,36.7978],[75.4313,36.8334],[75.4267,36.8736],[75.3931,36.9044],[75.3966,36.9321],[75.4103,36.9547],[75.3749,36.9557],[75.2856,36.9749],[75.2418,36.9636],[75.1652,36.992],[75.1689,37.0141],[75.145,37.0262],[75.1279,37.0113],[75.0601,37.0064],[75.0294,37.0171],[75.0027,36.9949],[74.9801,36.9961],[74.9247,36.9785],[74.9359,36.9438],[74.8927,36.9381],[74.8672,36.9909],[74.8399,37.0209],[74.8443,37.0574],[74.804,37.0546],[74.7898,37.0278],[74.7363,37.0283],[74.7175,37.0498],[74.7063,37.0848],[74.6301,37.0671],[74.6146,37.0442],[74.5716,37.0339],[74.5689,36.9875],[74.5584,36.9603],[74.5366,36.9652],[74.5174,36.9989],[74.4279,36.9976],[74.4012,36.9804],[74.3541,36.9647],[74.3108,36.9299],[74.264,36.9045],[74.2364,36.8996],[74.2103,36.9076],[74.152,36.9099],[74.1412,36.8957],[74.1274,36.8481],[74.1097,36.841],[74.0789,36.8441],[74.0453,36.8289],[74.0649,36.7926],[74.1053,36.7805],[74.1103,36.7443],[74.0929,36.7213],[74.1182,36.7176],[74.1663,36.7241],[74.1893,36.706],[74.1856,36.6864],[74.2036,36.6758],[74.2553,36.6708],[74.2757,36.6489],[74.3169,36.6272],[74.2738,36.5918],[74.3411,36.5857],[74.4458,36.5581],[74.5491,36.5129],[74.6181,36.4913],[74.6541,36.5039],[74.7126,36.506],[74.7971,36.4874],[74.8609,36.4954],[74.8795,36.4917],[74.9182,36.4634],[74.9156,36.4536],[74.8818,36.4376],[74.8894,36.4133],[74.8674,36.3542],[74.8703,36.3232],[74.9443,36.3084],[74.9738,36.3121],[75.0012,36.3266],[75.0541,36.3166],[75.0854,36.2889],[75.1455,36.3052],[75.1904,36.3238],[75.2242,36.3066],[75.2285,36.2807],[75.256,36.2381],[75.2973,36.2196],[75.3327,36.2452],[75.3542,36.2453],[75.3755,36.217],[75.4097,36.2087],[75.4227,36.1977],[75.4314,36.1689],[75.4859,36.1407],[75.5299,36.137],[75.5754,36.1217],[75.6429,36.1238],[75.6731,36.1308],[75.7298,36.1058],[75.7268,36.072],[75.7547,36.0639],[75.7556,36.0513],[75.779,36.0169],[75.8155,36.0126],[75.8341,36.0215],[75.8657,36.0194],[75.9112,36.0447],[75.9493,36.0739]]]]}},{"type":"Feature","properties":{"province_name":"Gilgit Baltistan","district_name":"Skardu","tehsil_name":"Gamba","tehsil_code":"PK30701","area_km2":1084.5276819423832},"geometry":{"type":"MultiPolygon","coordinates":[[[[75.5815,35.0727],[75.5669,35.1155],[75.5457,35.1612],[75.5403,35.191],[75.4998,35.2275],[75.4918,35.2582],[75.4449,35.3045],[75.4396,35.3342],[75.4581,35.3426],[75.5077,35.4091],[75.495,35.4237],[75.4758,35.4499],[75.4544,35.4652],[75.3911,35.4265],[75.3876,35.4143],[75.3374,35.3915],[75.3013,35.3529],[75.2673,35.3531],[75.1815,35.3386],[75.1676,35.3335],[75.177,35.3061],[75.1741,35.2458],[75.1703,35.2267],[75.2118,35.19],[75.2354,35.1935],[75.2416,35.1707],[75.2366,35.1512],[75.2188,35.1379],[75.2118,35.1079],[75.1937,35.1071],[75.2015,35.0791],[75.2153,35.0666],[75.2267,35.0597],[75.3119,35.034],[75.4309,35.0591],[75.4685,35.0691],[75.5815,35.0727]]]]}},{"type":"Feature","properties":{"province_name":"Gilgit Baltistan","district_name":"Skardu","tehsil_name":"Skardu","tehsil_code":"PK30702","area_km2":1051.1663728011868},"geometry":{"type":"MultiPolygon","coordinates":[[[[75.9123,35.2284],[75.8777,35.23],[75.8604,35.2679],[75.8575,35.3061],[75.8409,35.3355],[75.8259,35.3451],[75.7988,35.3426],[75.7949,35.3229],[75.7726,35.313],[75.7209,35.3032],[75.7083,35.3177],[75.6901,35.315],[75.6763,35.2973],[75.6529,35.3022],[75.6512,35.3167],[75.6906,35.3586],[75.6678,35.3896],[75.6073,35.45],[75.585,35.4826],[75.5567,35.4688],[75.5075,35.4286],[75.495,35.4237],[75.5077,35.4091],[75.4581,35.3426],[75.4396,35.3342],[75.4449,35.3045],[75.4918,35.2582],[75.4998,35.2275],[75.5403,35.191],[75.5457,35.1612],[75.5669,35.1155],[75.5815,35.0727],[75.6199,35.0802],[75.6599,35.0979],[75.6934,35.0904],[75.7067,35.095],[75.7445,35.1285],[75.8137,35.1539],[75.8457,35.1558],[75.8948,35.151],[75.9503,35.1339],[75.991,35.1505],[75.9355,35.1943],[75.9345,35.2069],[75.9123,35.2284]]]]}},{"type":"Feature","properties":{"province_name":"Gilgit Baltistan","district_name":"Nagar","tehsil_name":"Nagar","tehsil_code":"PK30801","area_km2":1492.190360418996},"geometry":{"type":"MultiPolygon","coordinates":[[[[75.2973,36.2196],[75.256,36.2381],[75.2285,36.2807],[75.2242,36.3066],[75.1904,36.3238],[75.1455,36.3052],[75.0854,36.2889],[75.0541,36.3166],[75.0012,36.3266],[74.9738,36.3121],[74.9443,36.3084],[74.8703,36.3232],[74.8311,36.3055],[74.8114,36.312],[74.7855,36.3023],[74.7601,36.3088],[74.7296,36.3023],[74.6897,36.3142],[74.6337,36.3102],[74.6144,36.2987],[74.6135,36.2816],[74.5849,36.2572],[74.6241,36.2024],[74.6284,36.1666],[74.6258,36.1361],[74.6579,36.1199],[74.6823,36.0942],[74.713,36.0885],[74.7371,36.0712],[74.7861,36.0464],[74.8469,36.0428],[74.8627,36.0331],[74.875,36.0043],[74.8937,36.0043],[74.9152,36.0405],[74.9433,36.0498],[74.9617,36.0474],[75.0223,36.079],[75.0362,36.0695],[75.0396,36.043],[75.0874,36.0379],[75.1152,36.0514],[75.132,36.0745],[75.1444,36.0688],[75.1622,36.1123],[75.1885,36.1564],[75.1939,36.1916],[75.2107,36.2024],[75.2301,36.1957],[75.2758,36.2014],[75.2973,36.2196]]]]}},{"type":"Feature","properties":{"province_name":"Gilgit Baltistan","district_name":"Nagar","tehsil_name":"Sikandar Abad","tehsil_code":"PK30802","area_km2":1546.6408071645603},"geometry":{"type":"MultiPolygon","coordinates":[[[[74.2738,36.5918],[74.2329,36.5936],[74.1917,36.5643],[74.1824,36.5422],[74.1551,36.5236],[74.128,36.5226],[74.1177,36.5053],[74.1132,36.4672],[74.0899,36.4584],[74.0782,36.4169],[74.0989,36.3966],[74.0808,36.3776],[74.0844,36.3483],[74.0963,36.3271],[74.1256,36.3176],[74.1462,36.2935],[74.1569,36.2488],[74.1656,36.2343],[74.2004,36.2105],[74.2187,36.1771],[74.3069,36.1812],[74.354,36.1684],[74.4009,36.1168],[74.4281,36.0727],[74.4517,36.0901],[74.4647,36.1141],[74.4955,36.144],[74.5443,36.1474],[74.6005,36.1455],[74.6258,36.1361],[74.6284,36.1666],[74.6241,36.2024],[74.5849,36.2572],[74.5478,36.2598],[74.5174,36.2481],[74.436,36.2466],[74.3894,36.2562],[74.4221,36.319],[74.4676,36.3667],[74.4847,36.3788],[74.4673,36.4077],[74.4395,36.4266],[74.4543,36.4598],[74.4898,36.4826],[74.5491,36.5129],[74.4458,36.5581],[74.3411,36.5857],[74.2738,36.5918]]]]}},{"type":"Feature","properties":{"province_name":"Gilgit Baltistan","district_name":"Kharmang","tehsil_name":"Gultari","tehsil_code":"PK30901","area_km2":3304.9349769922615},"geometry":{"type":"MultiPolygon","coordinates":[[[[75.7067,35.095],[75.6934,35.0904],[75.6599,35.0979],[75.6199,35.0802],[75.5815,35.0727],[75.4685,35.0691],[75.4309,35.0591],[75.3119,35.034],[75.2267,35.0597],[75.2153,35.0666],[75.2078,35.0462],[75.2275,35.0235],[75.2275,35.0078],[75.2001,34.9745],[75.2112,34.9514],[75.1852,34.9345],[75.1617,34.9354],[75.1466,34.9164],[75.1043,34.9007],[75.1222,34.8798],[75.1467,34.8684],[75.1455,34.838],[75.1736,34.8357],[75.2348,34.8035],[75.2474,34.7866],[75.2476,34.7562],[75.2618,34.7199],[75.2568,34.6882],[75.23,34.6733],[75.2074,34.6463],[75.2497,34.6473],[75.2661,34.6396],[75.2619,34.6109],[75.3506,34.5622],[75.395,34.5488],[75.5061,34.5373],[75.5919,34.5401],[75.6442,34.5335],[75.6923,34.5215],[75.7492,34.5158],[75.793,34.5339],[75.8422,34.5739],[75.9187,34.6048],[75.9322,34.6244],[76.0004,34.6358],[76.0144,34.6536],[76.009,34.6725],[75.9802,34.6965],[75.9715,34.7153],[75.9133,34.749],[75.9043,34.7664],[75.8478,34.7831],[75.813,34.8202],[75.7943,34.8804],[75.7669,34.8888],[75.7395,34.9142],[75.7372,34.963],[75.7218,34.9807],[75.7218,35.0128],[75.7034,35.0566],[75.7067,35.095]]]]}},{"type":"Feature","properties":{"province_name":"Gilgit Baltistan","district_name":"Kharmang","tehsil_name":"Kharmang","tehsil_code":"PK30902","area_km2":2718.376994010023},"geometry":{"type":"MultiPolygon","coordinates":[[[[75.991,35.1505],[75.9503,35.1339],[75.8948,35.151],[75.8457,35.1558],[75.8137,35.1539],[75.7445,35.1285],[75.7067,35.095],[75.7034,35.0566],[75.7218,35.0128],[75.7218,34.9807],[75.7372,34.963],[75.7395,34.9142],[75.7669,34.8888],[75.7943,34.8804],[75.813,34.8202],[75.8478,34.7831],[75.9043,34.7664],[75.9133,34.749],[75.9715,34.7153],[75.9802,34.6965],[76.009,34.6725],[76.0144,34.6536],[76.055,34.676],[76.0858,34.6715],[76.1219,34.6467],[76.1579,34.6434],[76.1928,34.6553],[76.2751,34.6936],[76.3015,34.7244],[76.3161,34.7316],[76.3859,34.736],[76.437,34.7644],[76.4692,34.7917],[76.4839,34.7931],[76.4926,34.8185],[76.4602,34.8377],[76.452,34.8733],[76.4174,34.9302],[76.4086,34.9567],[76.4137,34.9756],[76.3772,35.018],[76.3369,35.0468],[76.2941,35.0474],[76.27,35.066],[76.2277,35.0698],[76.1783,35.0795],[76.1378,35.1045],[76.0808,35.1271],[75.991,35.1505]]]]}},{"type":"Feature","properties":{"province_name":"Gilgit Baltistan","district_name":"Shigar","tehsil_name":"Shigar","tehsil_code":"PK31001","area_km2":8585.849546016374},"geometry":{"type":"MultiPolygon","coordinates":[[[[75.9493,36.0739],[75.9112,36.0447],[75.8657,36.0194],[75.8341,36.0215],[75.8155,36.0126],[75.779,36.0169],[75.7556,36.0513],[75.7547,36.0639],[75.7268,36.072],[75.7298,36.1058],[75.6731,36.1308],[75.6429,36.1238],[75.5754,36.1217],[75.5299,36.137],[75.4859,36.1407],[75.4314,36.1689],[75.4227,36.1977],[75.4097,36.2087],[75.3755,36.217],[75.3542,36.2453],[75.3327,36.2452],[75.2973,36.2196],[75.2758,36.2014],[75.2301,36.1957],[75.2107,36.2024],[75.1939,36.1916],[75.1885,36.1564],[75.1622,36.1123],[75.1444,36.0688],[75.132,36.0745],[75.1152,36.0514],[75.0874,36.0379],[75.0396,36.043],[75.0362,36.0695],[75.0223,36.079],[74.9617,36.0474],[74.9433,36.0498],[74.9152,36.0405],[74.8937,36.0043],[74.9145,35.9787],[74.9318,35.9726],[74.9351,35.9527],[74.9235,35.9383],[74.9561,35.9227],[74.9644,35.9038],[74.9665,35.8647],[74.9545,35.8548],[74.8983,35.8406],[74.9645,35.8235],[74.9867,35.8068],[75.0181,35.7967],[75.058,35.7689],[75.084,35.7756],[75.13,35.7415],[75.1505,35.7356],[75.1749,35.7169],[75.1606,35.6981],[75.1757,35.6631],[75.2233,35.656],[75.2592,35.6326],[75.2846,35.606],[75.3488,35.6151],[75.4337,35.6186],[75.4528,35.6083],[75.4847,35.5529],[75.5422,35.4987],[75.585,35.4826],[75.6073,35.45],[75.6678,35.3896],[75.6906,35.3586],[75.6512,35.3167],[75.6529,35.3022],[75.6763,35.2973],[75.6901,35.315],[75.7083,35.3177],[75.7209,35.3032],[75.7726,35.313],[75.7949,35.3229],[75.7988,35.3426],[75.8259,35.3451],[75.8409,35.3355],[75.8575,35.3061],[75.8604,35.2679],[75.8777,35.23],[75.9123,35.2284],[75.9124,35.2595],[75.9309,35.296],[75.9541,35.3204],[75.9668,35.3228],[75.9964,35.3595],[76.006,35.3931],[76.0035,35.4314],[76.0164,35.4631],[76.0824,35.5025],[76.1492,35.5198],[76.168,35.5303],[76.2285,35.594],[76.3003,35.6273],[76.3117,35.6387],[76.3551,35.6603],[76.4458,35.6877],[76.4655,35.6805],[76.4907,35.6525],[76.5621,35.5965],[76.6126,35.5703],[76.6544,35.5291],[76.6754,35.4692],[76.7295,35.422],[76.7557,35.456],[76.7908,35.5152],[76.8326,35.5648],[76.8437,35.5854],[76.9002,35.6191],[76.8609,35.6517],[76.8342,35.6629],[76.7586,35.6567],[76.749,35.6813],[76.716,35.7142],[76.6958,35.7231],[76.6905,35.7484],[76.619,35.7618],[76.5911,35.773],[76.5638,35.8202],[76.5852,35.8413],[76.5772,35.8675],[76.595,35.8967],[76.5736,35.9218],[76.5464,35.9201],[76.5372,35.8973],[76.5127,35.8818],[76.4891,35.8898],[76.4617,35.882],[76.4289,35.8524],[76.4003,35.8528],[76.3668,35.864],[76.3555,35.85],[76.363,35.8249],[76.3273,35.83],[76.296,35.8423],[76.2259,35.8378],[76.2188,35.8242],[76.1574,35.8252],[76.1438,35.8408],[76.1571,35.8645],[76.154,35.8878],[76.1618,35.9095],[76.1502,35.9352],[76.1044,35.9892],[76.1011,36.0194],[76.0415,36.0274],[76.0116,36.0188],[75.9659,36.0429],[75.9493,36.0739]]]]}},{"type":"Feature","properties":{"province_name":"Gilgit Baltistan","district_name":"Darel","tehsil_name":"Darel","tehsil_code":"PK31101","area_km2":1657.243663899262},"geometry":{"type":"MultiPolygon","coordinates":[[[[73.7604,35.8717],[73.7621,35.855],[73.7268,35.8572],[73.6801,35.8788],[73.6422,35.8785],[73.6247,35.8611],[73.5545,35.8819],[73.5385,35.8638],[73.5174,35.8584],[73.4938,35.8732],[73.4956,35.826],[73.5227,35.792],[73.5171,35.7161],[73.5092,35.6821],[73.5268,35.6522],[73.5797,35.5884],[73.5798,35.5536],[73.673,35.5328],[73.7139,35.5322],[73.7417,35.5222],[73.7884,35.5169],[73.8316,35.5182],[73.8723,35.5373],[73.913,35.5477],[73.9316,35.5732],[73.964,35.5976],[73.9778,35.6195],[74.0135,35.6182],[74.0347,35.6409],[74.0483,35.669],[74.1006,35.6763],[74.1278,35.6634],[74.1574,35.7189],[74.136,35.7262],[74.0944,35.7675],[74.0523,35.7693],[74.0237,35.824],[74.0013,35.8124],[73.9649,35.8176],[73.9443,35.8308],[73.9451,35.8497],[73.9152,35.859],[73.8874,35.8391],[73.8628,35.8493],[73.8587,35.8638],[73.8327,35.8787],[73.8061,35.8645],[73.7718,35.8805],[73.7604,35.8717]]]]}},{"type":"Feature","properties":{"province_name":"Gilgit Baltistan","district_name":"Tangir","tehsil_name":"Tangir","tehsil_code":"PK31201","area_km2":1105.665022935858},"geometry":{"type":"MultiPolygon","coordinates":[[[[73.4938,35.8732],[73.4668,35.8704],[73.4352,35.8822],[73.4069,35.8843],[73.3379,35.9427],[73.3089,35.9358],[73.2607,35.937],[73.2616,35.9111],[73.2505,35.8933],[73.2538,35.8626],[73.224,35.8608],[73.1884,35.8418],[73.1244,35.8377],[73.1119,35.7708],[73.1172,35.7383],[73.1361,35.7089],[73.1572,35.6903],[73.1989,35.67],[73.2303,35.6439],[73.2958,35.6075],[73.3475,35.5994],[73.4144,35.5733],[73.493,35.5686],[73.5347,35.5533],[73.5798,35.5536],[73.5797,35.5884],[73.5268,35.6522],[73.5092,35.6821],[73.5171,35.7161],[73.5227,35.792],[73.4956,35.826],[73.4938,35.8732]]]]}},{"type":"Feature","properties":{"province_name":"Gilgit Baltistan","district_name":"Gupis-Yasin","tehsil_name":"Gupis","tehsil_code":"PK31301","area_km2":2232.7197139767486},"geometry":{"type":"MultiPolygon","coordinates":[[[[73.6973,36.3668],[73.6581,36.4263],[73.6266,36.438],[73.5993,36.4085],[73.6032,36.3835],[73.6204,36.3699],[73.603,36.3543],[73.5855,36.3565],[73.5505,36.3332],[73.5304,36.3418],[73.5001,36.3303],[73.517,36.2981],[73.5104,36.2805],[73.4233,36.2515],[73.4097,36.268],[73.3791,36.2874],[73.3413,36.2925],[73.2983,36.3187],[73.2587,36.3274],[73.1828,36.308],[73.1726,36.2972],[73.1375,36.2864],[73.1148,36.3011],[73.0835,36.31],[73.0592,36.2356],[73.0681,36.1487],[73.0887,36.112],[73.1305,36.0929],[73.198,36.0416],[73.2663,36.0107],[73.2861,35.9953],[73.354,35.9649],[73.3379,35.9427],[73.4069,35.8843],[73.4352,35.8822],[73.4668,35.8704],[73.4938,35.8732],[73.5174,35.8584],[73.5385,35.8638],[73.5545,35.8819],[73.6247,35.8611],[73.6422,35.8785],[73.6801,35.8788],[73.7268,35.8572],[73.7621,35.855],[73.7604,35.8717],[73.7426,35.8968],[73.7455,35.9415],[73.715,35.9792],[73.6981,35.9756],[73.6626,36.0084],[73.6352,36.0265],[73.6549,36.0613],[73.6596,36.0864],[73.6473,36.1164],[73.6256,36.1413],[73.6205,36.1661],[73.6411,36.1895],[73.6476,36.2093],[73.6391,36.2342],[73.6643,36.259],[73.6996,36.2709],[73.716,36.2842],[73.7114,36.3158],[73.6948,36.3415],[73.6973,36.3668]]]]}},{"type":"Feature","properties":{"province_name":"Gilgit Baltistan","district_name":"Gupis-Yasin","tehsil_name":"Phandar","tehsil_code":"PK31302","area_km2":3216.6691259572694},"geometry":{"type":"MultiPolygon","coordinates":[[[[73.0835,36.31],[73.0664,36.3551],[73.0452,36.3704],[73.0487,36.4025],[73.0619,36.4256],[73.0044,36.4656],[72.9961,36.4939],[73.0028,36.5155],[72.9641,36.4984],[72.955,36.4693],[72.9069,36.467],[72.8752,36.4529],[72.8639,36.4321],[72.8508,36.3757],[72.8075,36.3541],[72.76,36.3227],[72.7091,36.3033],[72.6864,36.2733],[72.6633,36.2594],[72.6142,36.2672],[72.5672,36.2483],[72.5472,36.223],[72.5403,36.2025],[72.5447,36.155],[72.5225,36.107],[72.5219,36.0722],[72.5594,36.0333],[72.5669,36.0075],[72.5139,35.9106],[72.5145,35.8988],[72.5492,35.8811],[72.5703,35.8486],[72.6189,35.8378],[72.6708,35.8183],[72.7325,35.8318],[72.7644,35.8389],[72.8111,35.8572],[72.8917,35.8414],[72.9764,35.8339],[73.0364,35.8506],[73.0636,35.8628],[73.0925,35.8603],[73.1244,35.8377],[73.1884,35.8418],[73.224,35.8608],[73.2538,35.8626],[73.2505,35.8933],[73.2616,35.9111],[73.2607,35.937],[73.3089,35.9358],[73.3379,35.9427],[73.354,35.9649],[73.2861,35.9953],[73.2663,36.0107],[73.198,36.0416],[73.1305,36.0929],[73.0887,36.112],[73.0681,36.1487],[73.0592,36.2356],[73.0835,36.31]]]]}},{"type":"Feature","properties":{"province_name":"Gilgit Baltistan","district_name":"Gupis-Yasin","tehsil_name":"Yasin","tehsil_code":"PK31303","area_km2":2297.420697064617},"geometry":{"type":"MultiPolygon","coordinates":[[[[73.6031,36.7061],[73.5861,36.7074],[73.5686,36.7274],[73.5239,36.7232],[73.4578,36.731],[73.4072,36.7515],[73.3714,36.7493],[73.2741,36.7171],[73.2303,36.7096],[73.17,36.7216],[73.1419,36.7188],[73.1058,36.6966],[73.06,36.6908],[73.0475,36.6711],[73.073,36.6053],[73.0583,36.5872],[73.0355,36.5375],[73.0028,36.5155],[72.9961,36.4939],[73.0044,36.4656],[73.0619,36.4256],[73.0487,36.4025],[73.0452,36.3704],[73.0664,36.3551],[73.0835,36.31],[73.1148,36.3011],[73.1375,36.2864],[73.1726,36.2972],[73.1828,36.308],[73.2587,36.3274],[73.2983,36.3187],[73.3413,36.2925],[73.3791,36.2874],[73.4097,36.268],[73.4233,36.2515],[73.5104,36.2805],[73.517,36.2981],[73.5001,36.3303],[73.5304,36.3418],[73.5505,36.3332],[73.5855,36.3565],[73.603,36.3543],[73.6204,36.3699],[73.6032,36.3835],[73.5993,36.4085],[73.6266,36.438],[73.636,36.485],[73.5948,36.513],[73.5663,36.5178],[73.5665,36.5449],[73.5485,36.5672],[73.5214,36.5697],[73.5394,36.593],[73.5807,36.6012],[73.6065,36.6396],[73.5857,36.681],[73.6031,36.7061]]]]}},{"type":"Feature","properties":{"province_name":"Gilgit Baltistan","district_name":"Rondu","tehsil_name":"Rondu","tehsil_code":"PK31401","area_km2":1894.835396952275},"geometry":{"type":"MultiPolygon","coordinates":[[[[75.585,35.4826],[75.5422,35.4987],[75.4847,35.5529],[75.4528,35.6083],[75.4337,35.6186],[75.3488,35.6151],[75.2846,35.606],[75.2592,35.6326],[75.2233,35.656],[75.1757,35.6631],[75.1606,35.6981],[75.1749,35.7169],[75.1505,35.7356],[75.13,35.7415],[75.084,35.7756],[75.058,35.7689],[75.0181,35.7967],[74.9867,35.8068],[74.9645,35.8235],[74.8983,35.8406],[74.8839,35.8078],[74.8378,35.7816],[74.8309,35.7584],[74.8025,35.7506],[74.7587,35.7257],[74.7391,35.7209],[74.7508,35.7124],[74.8129,35.7133],[74.8287,35.7206],[74.8688,35.6991],[74.8784,35.678],[74.8727,35.6407],[74.8554,35.6319],[74.8344,35.6008],[74.8711,35.5735],[74.8612,35.5616],[74.8835,35.5435],[74.949,35.5089],[74.9668,35.4801],[74.99,35.47],[75.006,35.4757],[75.0156,35.4466],[75.0585,35.4347],[75.0984,35.4067],[75.0972,35.3882],[75.128,35.3579],[75.1676,35.3335],[75.1815,35.3386],[75.2673,35.3531],[75.3013,35.3529],[75.3374,35.3915],[75.3876,35.4143],[75.3911,35.4265],[75.4544,35.4652],[75.4758,35.4499],[75.495,35.4237],[75.5075,35.4286],[75.5567,35.4688],[75.585,35.4826]]]]}},{"type":"Feature","properties":{"province_name":"Islamabad","district_name":"Islamabad","tehsil_name":"Islamabad","tehsil_code":"PK40101","area_km2":904.0617407519072},"geometry":{"type":"MultiPolygon","coordinates":[[[[73.1685,33.8045],[73.1526,33.811],[73.1218,33.7874],[73.0948,33.7839],[73.0815,33.7936],[73.0155,33.7747],[72.9786,33.7416],[72.9567,33.7311],[72.9164,33.7294],[72.8952,33.7211],[72.8461,33.7152],[72.8139,33.7014],[72.8819,33.6142],[72.9142,33.5726],[73.0882,33.6642],[73.1545,33.5784],[73.0869,33.5424],[73.1997,33.4897],[73.2805,33.5719],[73.296,33.5877],[73.3023,33.61],[73.3021,33.655],[73.3243,33.6666],[73.358,33.6713],[73.3893,33.7021],[73.3528,33.7071],[73.3391,33.7244],[73.3063,33.7415],[73.2672,33.7758],[73.2407,33.7863],[73.1685,33.8045]]]]}},{"type":"Feature","properties":{"province_name":"Khyber Pakhtunkhwa","district_name":"Abbottabad","tehsil_name":"Abbottabad","tehsil_code":"PK50101","area_km2":891.0270520051271},"geometry":{"type":"MultiPolygon","coordinates":[[[[73.3982,34.3741],[73.3615,34.3694],[73.3276,34.3243],[73.2853,34.3023],[73.2558,34.2789],[73.212,34.2851],[73.1914,34.2284],[73.1883,34.1876],[73.1464,34.1677],[73.1149,34.1363],[73.0737,34.1402],[73.057,34.1201],[73.0924,34.0914],[73.1258,34.1158],[73.1518,34.1242],[73.1712,34.0886],[73.1974,34.0686],[73.2763,34.1106],[73.2928,34.0995],[73.2823,34.0818],[73.2908,34.0684],[73.3143,34.0682],[73.3087,34.0482],[73.3157,34.0136],[73.3674,34.0188],[73.4137,34.0283],[73.3938,33.9918],[73.3934,33.9735],[73.4303,33.9653],[73.4715,34.0118],[73.512,34.0177],[73.5061,34.0617],[73.4944,34.107],[73.4867,34.1372],[73.4878,34.185],[73.4794,34.2219],[73.465,34.2589],[73.4647,34.2753],[73.4142,34.3161],[73.4019,34.3442],[73.3982,34.3741]]]]}},{"type":"Feature","properties":{"province_name":"Khyber Pakhtunkhwa","district_name":"Abbottabad","tehsil_name":"Havelian","tehsil_code":"PK50102","area_km2":352.5436657245758},"geometry":{"type":"MultiPolygon","coordinates":[[[[73.3157,34.0136],[73.3087,34.0482],[73.3143,34.0682],[73.2908,34.0684],[73.2823,34.0818],[73.2928,34.0995],[73.2763,34.1106],[73.1974,34.0686],[73.1712,34.0886],[73.1518,34.1242],[73.1258,34.1158],[73.0924,34.0914],[73.0952,34.0675],[73.073,34.032],[73.1007,34.0225],[73.1255,34.0259],[73.1464,33.9996],[73.1281,33.9504],[73.0965,33.9359],[73.1094,33.9198],[73.0962,33.8934],[73.1554,33.9026],[73.1653,33.9124],[73.2,33.9089],[73.2256,33.9277],[73.2604,33.9216],[73.263,33.9448],[73.2778,33.9631],[73.2988,33.9609],[73.2909,34.0043],[73.3157,34.0136]]]]}},{"type":"Feature","properties":{"province_name":"Khyber Pakhtunkhwa","district_name":"Abbottabad","tehsil_name":"Lora","tehsil_code":"PK50103","area_km2":214.3386303948603},"geometry":{"type":"MultiPolygon","coordinates":[[[[73.3934,33.9735],[73.3938,33.9918],[73.4137,34.0283],[73.3674,34.0188],[73.3157,34.0136],[73.2909,34.0043],[73.2988,33.9609],[73.2778,33.9631],[73.263,33.9448],[73.2604,33.9216],[73.2256,33.9277],[73.2,33.9089],[73.1832,33.8914],[73.211,33.853],[73.2093,33.8161],[73.236,33.8239],[73.2458,33.8415],[73.2673,33.8378],[73.3,33.8456],[73.3279,33.872],[73.328,33.8874],[73.3847,33.9466],[73.3934,33.9735]]]]}},{"type":"Feature","properties":{"province_name":"Khyber Pakhtunkhwa","district_name":"Abbottabad","tehsil_name":"Lower Tanawal","tehsil_code":"PK50104","area_km2":186.59524280116625},"geometry":{"type":"MultiPolygon","coordinates":[[[[73.1914,34.2284],[73.1374,34.2508],[73.0974,34.2321],[73.0751,34.2318],[73.0271,34.2639],[73.0093,34.2319],[72.9901,34.2104],[72.9952,34.1702],[73.0171,34.173],[73.0399,34.1525],[73.0273,34.1234],[73.057,34.1201],[73.0737,34.1402],[73.1149,34.1363],[73.1464,34.1677],[73.1883,34.1876],[73.1914,34.2284]]]]}},{"type":"Feature","properties":{"province_name":"Khyber Pakhtunkhwa","district_name":"Bajaur","tehsil_name":"Bar Chamarkand","tehsil_code":"PK50201","area_km2":16.656851282970425},"geometry":{"type":"MultiPolygon","coordinates":[[[[71.2234,34.7236],[71.225,34.7534],[71.1957,34.7473],[71.1728,34.731],[71.1819,34.7159],[71.2084,34.705],[71.2234,34.7236]]]]}},{"type":"Feature","properties":{"province_name":"Khyber Pakhtunkhwa","district_name":"Bajaur","tehsil_name":"Barang","tehsil_code":"PK50202","area_km2":267.26288222828333},"geometry":{"type":"MultiPolygon","coordinates":[[[[71.6167,34.7196],[71.5596,34.7213],[71.5671,34.6945],[71.5495,34.6735],[71.5606,34.6556],[71.5315,34.6233],[71.5433,34.5443],[71.5823,34.5073],[71.6249,34.5196],[71.6418,34.5363],[71.6705,34.5613],[71.6669,34.58],[71.6795,34.599],[71.6789,34.6189],[71.713,34.6311],[71.7238,34.6466],[71.7486,34.646],[71.7601,34.656],[71.7618,34.6619],[71.7313,34.6652],[71.6999,34.7007],[71.6529,34.6884],[71.6384,34.676],[71.6202,34.6936],[71.6167,34.7196]]]]}},{"type":"Feature","properties":{"province_name":"Khyber Pakhtunkhwa","district_name":"Bajaur","tehsil_name":"Khar","tehsil_code":"PK50203","area_km2":276.47810919872245},"geometry":{"type":"MultiPolygon","coordinates":[[[[71.6244,34.814],[71.6151,34.8205],[71.5824,34.7921],[71.605,34.7691],[71.572,34.7614],[71.5527,34.7664],[71.5121,34.8009],[71.4898,34.8031],[71.4674,34.7994],[71.4619,34.7598],[71.4311,34.7712],[71.4166,34.7286],[71.4173,34.7135],[71.3741,34.7284],[71.324,34.7192],[71.3149,34.7073],[71.3224,34.657],[71.3523,34.6472],[71.3922,34.6595],[71.4163,34.6738],[71.4524,34.6751],[71.4812,34.659],[71.5247,34.6782],[71.5495,34.6735],[71.5671,34.6945],[71.5596,34.7213],[71.6167,34.7196],[71.6472,34.7467],[71.6359,34.7737],[71.6411,34.7835],[71.6244,34.814]]]]}},{"type":"Feature","properties":{"province_name":"Khyber Pakhtunkhwa","district_name":"Bajaur","tehsil_name":"Mamund","tehsil_code":"PK50204","area_km2":266.7208172807854},"geometry":{"type":"MultiPolygon","coordinates":[[[[71.4275,34.9344],[71.4006,34.9215],[71.3543,34.9117],[71.3099,34.8788],[71.2925,34.8338],[71.2744,34.8007],[71.305,34.7833],[71.3288,34.7841],[71.3503,34.7735],[71.3579,34.7489],[71.3741,34.7284],[71.4173,34.7135],[71.4166,34.7286],[71.4311,34.7712],[71.4619,34.7598],[71.4674,34.7994],[71.4898,34.8031],[71.4755,34.8216],[71.4686,34.8524],[71.4437,34.8911],[71.4399,34.917],[71.4275,34.9344]]]]}},{"type":"Feature","properties":{"province_name":"Khyber Pakhtunkhwa","district_name":"Bajaur","tehsil_name":"Nawagai","tehsil_code":"PK50205","area_km2":127.7122651271795},"geometry":{"type":"MultiPolygon","coordinates":[[[[71.3741,34.7284],[71.3579,34.7489],[71.3503,34.7735],[71.3288,34.7841],[71.305,34.7833],[71.2744,34.8007],[71.2463,34.7909],[71.225,34.7534],[71.2234,34.7236],[71.2731,34.6763],[71.2692,34.6552],[71.3057,34.6563],[71.3224,34.657],[71.3149,34.7073],[71.324,34.7192],[71.3741,34.7284]]]]}},{"type":"Feature","properties":{"province_name":"Khyber Pakhtunkhwa","district_name":"Bajaur","tehsil_name":"Salarzai","tehsil_code":"PK50206","area_km2":240.80264158127673},"geometry":{"type":"MultiPolygon","coordinates":[[[[71.6093,34.8528],[71.5836,34.9095],[71.5561,34.9462],[71.5103,34.985],[71.4993,34.9638],[71.4455,34.9451],[71.4275,34.9344],[71.4399,34.917],[71.4437,34.8911],[71.4686,34.8524],[71.4755,34.8216],[71.4898,34.8031],[71.5121,34.8009],[71.5527,34.7664],[71.572,34.7614],[71.605,34.7691],[71.5824,34.7921],[71.6151,34.8205],[71.6093,34.8528]]]]}},{"type":"Feature","properties":{"province_name":"Khyber Pakhtunkhwa","district_name":"Bajaur","tehsil_name":"Utman Khel","tehsil_code":"PK50207","area_km2":171.36128420001629},"geometry":{"type":"MultiPolygon","coordinates":[[[[71.793,34.7706],[71.7809,34.7661],[71.7625,34.7868],[71.732,34.7995],[71.7074,34.798],[71.688,34.8113],[71.6244,34.814],[71.6411,34.7835],[71.6359,34.7737],[71.6472,34.7467],[71.6167,34.7196],[71.6202,34.6936],[71.6384,34.676],[71.6529,34.6884],[71.6999,34.7007],[71.7313,34.6652],[71.7618,34.6619],[71.7678,34.6768],[71.7706,34.7349],[71.793,34.7706]]]]}},{"type":"Feature","properties":{"province_name":"Khyber Pakhtunkhwa","district_name":"Bannu","tehsil_name":"Bannu","tehsil_code":"PK50301","area_km2":268.8234049890912},"geometry":{"type":"MultiPolygon","coordinates":[[[[70.6854,33.0544],[70.6283,33.0455],[70.6175,33.0533],[70.5847,33.0416],[70.5248,33.0545],[70.5209,33.028],[70.5583,33.0103],[70.5808,32.9813],[70.5964,32.9811],[70.5835,32.9479],[70.6107,32.9479],[70.6117,32.9306],[70.6287,32.8958],[70.643,32.9075],[70.6766,32.8916],[70.6848,32.8718],[70.7115,32.8954],[70.7366,32.8871],[70.7452,32.8706],[70.7185,32.8511],[70.7382,32.8415],[70.7157,32.8093],[70.7169,32.7994],[70.7331,32.7967],[70.7556,32.8096],[70.793,32.8167],[70.7657,32.8451],[70.7795,32.8682],[70.7819,32.9048],[70.7574,32.9235],[70.7443,32.9554],[70.6956,32.9712],[70.6765,32.9876],[70.6854,33.0544]]]]}},{"type":"Feature","properties":{"province_name":"Khyber Pakhtunkhwa","district_name":"Bannu","tehsil_name":"Baka Khel","tehsil_code":"PK50302","area_km2":336.78279889624105},"geometry":{"type":"MultiPolygon","coordinates":[[[[70.5808,32.9813],[70.5583,33.0103],[70.5209,33.028],[70.498,32.9997],[70.4814,32.9985],[70.455,32.9808],[70.4701,32.9517],[70.431,32.9106],[70.4041,32.8631],[70.4017,32.8444],[70.375,32.831],[70.3671,32.7846],[70.3857,32.7656],[70.3726,32.7076],[70.4001,32.7288],[70.4922,32.763],[70.5287,32.7666],[70.5355,32.8065],[70.5606,32.8104],[70.5617,32.8417],[70.5446,32.8466],[70.5257,32.8685],[70.5224,32.9009],[70.5298,32.9104],[70.5185,32.9444],[70.5405,32.9624],[70.5808,32.9813]]]]}},{"type":"Feature","properties":{"province_name":"Khyber Pakhtunkhwa","district_name":"Bannu","tehsil_name":"Domel","tehsil_code":"PK50303","area_km2":411.65160685094247},"geometry":{"type":"MultiPolygon","coordinates":[[[[70.9155,33.0138],[70.8412,33.0266],[70.811,33.0536],[70.8034,33.0903],[70.7954,33.096],[70.7827,33.0985],[70.7524,33.0804],[70.7303,33.0595],[70.6854,33.0544],[70.6765,32.9876],[70.6956,32.9712],[70.7443,32.9554],[70.7574,32.9235],[70.7819,32.9048],[70.7795,32.8682],[70.7946,32.8675],[70.8308,32.8492],[70.8553,32.874],[70.8741,32.8785],[70.8878,32.8447],[70.9021,32.8565],[70.9549,32.8712],[70.9647,32.9083],[70.9384,32.9625],[70.9214,32.9792],[70.9155,33.0138]]]]}},{"type":"Feature","properties":{"province_name":"Khyber Pakhtunkhwa","district_name":"Bannu","tehsil_name":"Kakki","tehsil_code":"PK50304","area_km2":63.652979496896435},"geometry":{"type":"MultiPolygon","coordinates":[[[[70.7169,32.7994],[70.7157,32.8093],[70.7382,32.8415],[70.7185,32.8511],[70.7452,32.8706],[70.7366,32.8871],[70.7115,32.8954],[70.6848,32.8718],[70.6766,32.8916],[70.643,32.9075],[70.6287,32.8958],[70.644,32.8676],[70.6269,32.8595],[70.6487,32.8318],[70.6641,32.8283],[70.6854,32.8425],[70.6989,32.8319],[70.7024,32.8096],[70.7169,32.7994]]]]}},{"type":"Feature","properties":{"province_name":"Khyber Pakhtunkhwa","district_name":"Bannu","tehsil_name":"Miryan","tehsil_code":"PK50305","area_km2":130.04867616400466},"geometry":{"type":"MultiPolygon","coordinates":[[[[70.6287,32.8958],[70.6117,32.9306],[70.6107,32.9479],[70.5835,32.9479],[70.5964,32.9811],[70.5808,32.9813],[70.5405,32.9624],[70.5185,32.9444],[70.5298,32.9104],[70.5224,32.9009],[70.5257,32.8685],[70.5446,32.8466],[70.5617,32.8417],[70.6299,32.8234],[70.6487,32.8318],[70.6269,32.8595],[70.644,32.8676],[70.6287,32.8958]]]]}},{"type":"Feature","properties":{"province_name":"Khyber Pakhtunkhwa","district_name":"Bannu","tehsil_name":"Wazir","tehsil_code":"PK50306","area_km2":816.3340565343499},"geometry":{"type":"MultiPolygon","coordinates":[[[[70.7504,33.2172],[70.7039,33.2198],[70.6503,33.2615],[70.6269,33.2603],[70.6187,33.2316],[70.519,33.1912],[70.4863,33.1523],[70.4864,33.116],[70.4569,33.1095],[70.4149,33.0576],[70.4082,33.0147],[70.4103,33.0012],[70.391,32.9772],[70.4074,32.97],[70.3823,32.9469],[70.3563,32.9107],[70.3464,32.851],[70.3209,32.7854],[70.3057,32.7717],[70.2644,32.7504],[70.2614,32.73],[70.2889,32.7335],[70.3129,32.7619],[70.337,32.7691],[70.3857,32.7656],[70.3671,32.7846],[70.375,32.831],[70.4017,32.8444],[70.4041,32.8631],[70.431,32.9106],[70.4701,32.9517],[70.455,32.9808],[70.4814,32.9985],[70.498,32.9997],[70.5209,33.028],[70.5248,33.0545],[70.5847,33.0416],[70.6175,33.0533],[70.6283,33.0455],[70.6854,33.0544],[70.7303,33.0595],[70.7524,33.0804],[70.7827,33.0985],[70.7954,33.096],[70.7984,33.1157],[70.8201,33.1212],[70.8406,33.1557],[70.8729,33.1706],[70.8783,33.182],[70.8359,33.2037],[70.7729,33.2174],[70.7504,33.2172]]]]}},{"type":"Feature","properties":{"province_name":"Khyber Pakhtunkhwa","district_name":"Batagram","tehsil_name":"Allai","tehsil_code":"PK50401","area_km2":973.6993608242648},"geometry":{"type":"MultiPolygon","coordinates":[[[[73.4896,34.8961],[73.4649,34.9043],[73.4381,34.902],[73.3986,34.9268],[73.3298,34.9225],[73.247,34.9245],[73.2218,34.9171],[73.2154,34.9386],[73.1802,34.9283],[73.1107,34.9279],[73.0835,34.9539],[73.04,34.9654],[72.9774,34.9556],[72.9582,34.9439],[72.9219,34.9385],[72.8898,34.9143],[72.8781,34.9185],[72.8634,34.8954],[72.9207,34.8719],[72.9528,34.8668],[72.9754,34.8505],[72.9976,34.8479],[73.0045,34.83],[72.9961,34.8146],[72.9736,34.8182],[72.9498,34.8059],[72.9661,34.773],[72.9978,34.7767],[73.0288,34.7562],[73.0795,34.7542],[73.1355,34.7718],[73.1591,34.7689],[73.1858,34.7833],[73.2075,34.7753],[73.2015,34.7191],[73.2199,34.7393],[73.2587,34.7091],[73.2791,34.7102],[73.3205,34.6557],[73.3445,34.6708],[73.3662,34.7117],[73.3615,34.7501],[73.3941,34.7748],[73.3855,34.7899],[73.4037,34.7997],[73.4403,34.8046],[73.4411,34.8274],[73.4793,34.8611],[73.4972,34.869],[73.4896,34.8961]]]]}},{"type":"Feature","properties":{"province_name":"Khyber Pakhtunkhwa","district_name":"Batagram","tehsil_name":"Batagram","tehsil_code":"PK50402","area_km2":515.5518037397808},"geometry":{"type":"MultiPolygon","coordinates":[[[[72.9498,34.8059],[72.9326,34.8022],[72.9277,34.7735],[72.8998,34.7616],[72.8764,34.7652],[72.8894,34.7495],[72.9011,34.7156],[72.8954,34.6844],[72.9062,34.6718],[72.9005,34.6212],[72.9154,34.5823],[72.9391,34.565],[72.9647,34.5798],[72.9895,34.5751],[73.0006,34.5895],[73.0237,34.5886],[73.037,34.56],[73.0737,34.5585],[73.0888,34.5669],[73.1019,34.5979],[73.1106,34.6437],[73.16,34.6746],[73.1954,34.6942],[73.2015,34.7191],[73.2075,34.7753],[73.1858,34.7833],[73.1591,34.7689],[73.1355,34.7718],[73.0795,34.7542],[73.0288,34.7562],[72.9978,34.7767],[72.9661,34.773],[72.9498,34.8059]]]]}},{"type":"Feature","properties":{"province_name":"Khyber Pakhtunkhwa","district_name":"Buner","tehsil_name":"Daggar","tehsil_code":"PK50501","area_km2":656.5998306828006},"geometry":{"type":"MultiPolygon","coordinates":[[[[72.5308,34.7054],[72.5003,34.7115],[72.4853,34.7032],[72.4716,34.6744],[72.4373,34.6798],[72.4242,34.6893],[72.3736,34.6638],[72.3682,34.6451],[72.3488,34.6228],[72.3301,34.6187],[72.292,34.611],[72.2348,34.57],[72.2166,34.5679],[72.2353,34.5374],[72.2029,34.5132],[72.2243,34.4925],[72.2236,34.4543],[72.2387,34.4449],[72.2767,34.4283],[72.2855,34.4356],[72.334,34.4405],[72.3717,34.434],[72.396,34.4097],[72.4129,34.4095],[72.4431,34.4646],[72.4671,34.4775],[72.4934,34.5228],[72.5283,34.5321],[72.5382,34.5546],[72.5623,34.5696],[72.5859,34.6153],[72.5857,34.6364],[72.5658,34.6557],[72.5369,34.67],[72.5308,34.7054]]]]}},{"type":"Feature","properties":{"province_name":"Khyber Pakhtunkhwa","district_name":"Buner","tehsil_name":"Gagra","tehsil_code":"PK50502","area_km2":478.1527517501459},"geometry":{"type":"MultiPolygon","coordinates":[[[[72.6973,34.6777],[72.6513,34.6671],[72.6445,34.6469],[72.607,34.6447],[72.5857,34.6364],[72.5859,34.6153],[72.5623,34.5696],[72.5382,34.5546],[72.5283,34.5321],[72.4934,34.5228],[72.4671,34.4775],[72.4431,34.4646],[72.4129,34.4095],[72.4295,34.3825],[72.4533,34.3968],[72.5014,34.4393],[72.5279,34.4163],[72.5653,34.4183],[72.5928,34.4285],[72.639,34.4326],[72.6477,34.4614],[72.6674,34.4699],[72.718,34.4584],[72.743,34.458],[72.7683,34.4773],[72.7423,34.5107],[72.7298,34.5372],[72.7346,34.545],[72.7228,34.5839],[72.7072,34.5978],[72.6969,34.6349],[72.7168,34.6647],[72.6973,34.6777]]]]}},{"type":"Feature","properties":{"province_name":"Khyber Pakhtunkhwa","district_name":"Buner","tehsil_name":"Khado Khel","tehsil_code":"PK50503","area_km2":320.2178142968385},"geometry":{"type":"MultiPolygon","coordinates":[[[[72.6859,34.3006],[72.6477,34.32],[72.6313,34.3461],[72.5773,34.3556],[72.5446,34.3512],[72.5138,34.355],[72.4843,34.3454],[72.4728,34.3214],[72.451,34.3061],[72.4485,34.2822],[72.4631,34.2688],[72.4297,34.2386],[72.4175,34.2205],[72.424,34.2063],[72.4147,34.1866],[72.4601,34.1816],[72.4866,34.1683],[72.5112,34.1672],[72.5407,34.1507],[72.5476,34.1724],[72.5703,34.1697],[72.5857,34.1956],[72.5683,34.2188],[72.6095,34.2469],[72.6297,34.2698],[72.6859,34.3006]]]]}},{"type":"Feature","properties":{"province_name":"Khyber Pakhtunkhwa","district_name":"Buner","tehsil_name":"Mandanr","tehsil_code":"PK50504","area_km2":322.246135061295},"geometry":{"type":"MultiPolygon","coordinates":[[[[72.786,34.3488],[72.7601,34.3646],[72.7404,34.3583],[72.7538,34.4092],[72.718,34.4584],[72.6674,34.4699],[72.6477,34.4614],[72.639,34.4326],[72.5928,34.4285],[72.5653,34.4183],[72.5279,34.4163],[72.5014,34.4393],[72.4533,34.3968],[72.4295,34.3825],[72.4319,34.3806],[72.4554,34.3694],[72.4759,34.3725],[72.4843,34.3454],[72.5138,34.355],[72.5446,34.3512],[72.5773,34.3556],[72.6313,34.3461],[72.6477,34.32],[72.6859,34.3006],[72.7323,34.3069],[72.7488,34.2935],[72.7877,34.2979],[72.786,34.3488]]]]}},{"type":"Feature","properties":{"province_name":"Khyber Pakhtunkhwa","district_name":"Charsadda","tehsil_name":"Charsadda","tehsil_code":"PK50601","area_km2":432.2032293258784},"geometry":{"type":"MultiPolygon","coordinates":[[[[71.8327,34.2824],[71.7825,34.2888],[71.7425,34.2681],[71.7027,34.2572],[71.6951,34.2375],[71.6636,34.2447],[71.6496,34.2387],[71.6765,34.2011],[71.6813,34.1285],[71.6664,34.1225],[71.7211,34.0929],[71.7302,34.0963],[71.784,34.0875],[71.8166,34.0747],[71.8164,34.0572],[71.8412,34.0396],[71.8964,34.1266],[71.9437,34.1408],[71.9304,34.1494],[71.9146,34.1774],[71.902,34.2147],[71.8822,34.2566],[71.8418,34.2644],[71.8327,34.2824]]]]}},{"type":"Feature","properties":{"province_name":"Khyber Pakhtunkhwa","district_name":"Charsadda","tehsil_name":"Shabqadar","tehsil_code":"PK50602","area_km2":216.8358517039257},"geometry":{"type":"MultiPolygon","coordinates":[[[[71.6496,34.2387],[71.6164,34.2729],[71.6072,34.3009],[71.563,34.3364],[71.5335,34.3087],[71.5383,34.2631],[71.515,34.2416],[71.491,34.2441],[71.4906,34.2226],[71.4853,34.204],[71.5013,34.1808],[71.5744,34.1751],[71.6014,34.1531],[71.6362,34.1412],[71.6489,34.1439],[71.6664,34.1225],[71.6813,34.1285],[71.6765,34.2011],[71.6496,34.2387]]]]}},{"type":"Feature","properties":{"province_name":"Khyber Pakhtunkhwa","district_name":"Charsadda","tehsil_name":"Tangi","tehsil_code":"PK50603","area_km2":350.8456630357231},"geometry":{"type":"MultiPolygon","coordinates":[[[[71.7567,34.4542],[71.7399,34.4572],[71.7062,34.4467],[71.6573,34.4145],[71.6557,34.3881],[71.6255,34.3779],[71.6266,34.3576],[71.59,34.3652],[71.5638,34.3374],[71.563,34.3364],[71.6072,34.3009],[71.6164,34.2729],[71.6496,34.2387],[71.6636,34.2447],[71.6951,34.2375],[71.7027,34.2572],[71.7425,34.2681],[71.7825,34.2888],[71.8327,34.2824],[71.8212,34.318],[71.8324,34.3644],[71.7974,34.4065],[71.7698,34.4125],[71.7567,34.4542]]]]}},{"type":"Feature","properties":{"province_name":"Khyber Pakhtunkhwa","district_name":"Chitral Lower","tehsil_name":"Chitral","tehsil_code":"PK50701","area_km2":1567.7173725537286},"geometry":{"type":"MultiPolygon","coordinates":[[[[72.17,35.8416],[72.1637,35.8635],[72.1484,35.8797],[72.1081,35.9024],[72.0274,35.9589],[72.0151,35.9583],[71.9531,35.9847],[71.9109,35.9593],[71.8651,35.9485],[71.8237,35.9492],[71.7794,35.9332],[71.666,35.8857],[71.5985,35.8667],[71.5412,35.8404],[71.4708,35.8232],[71.4899,35.8035],[71.4813,35.7745],[71.4854,35.7539],[71.5467,35.7202],[71.5388,35.6883],[71.5096,35.6583],[71.4995,35.6264],[71.5263,35.6049],[71.5779,35.5831],[71.6122,35.5732],[71.6014,35.5369],[71.6315,35.5442],[71.6828,35.5708],[71.7479,35.6151],[71.783,35.6352],[71.8023,35.659],[71.8806,35.7132],[71.9758,35.7696],[72.0125,35.7863],[72.0535,35.7941],[72.098,35.7677],[72.1095,35.7528],[72.1231,35.7857],[72.1529,35.784],[72.17,35.8416]]]]}},{"type":"Feature","properties":{"province_name":"Khyber Pakhtunkhwa","district_name":"Chitral Lower","tehsil_name":"Drosh","tehsil_code":"PK50702","area_km2":1325.8927034401652},"geometry":{"type":"MultiPolygon","coordinates":[[[[72.0986,35.6599],[72.1074,35.6865],[72.0867,35.7085],[72.1095,35.7528],[72.098,35.7677],[72.0535,35.7941],[72.0125,35.7863],[71.9758,35.7696],[71.8806,35.7132],[71.8023,35.659],[71.783,35.6352],[71.7479,35.6151],[71.6828,35.5708],[71.6315,35.5442],[71.6014,35.5369],[71.5934,35.4975],[71.649,35.4525],[71.6411,35.4205],[71.6234,35.4094],[71.5558,35.3129],[71.5535,35.2963],[71.57,35.2744],[71.6354,35.227],[71.6733,35.2154],[71.6875,35.2255],[71.7176,35.2285],[71.7343,35.2517],[71.7576,35.2646],[71.7549,35.286],[71.7819,35.3082],[71.7809,35.3329],[71.8096,35.3629],[71.8598,35.3539],[71.8721,35.3732],[71.875,35.4358],[71.8858,35.4606],[71.919,35.4648],[71.9129,35.4974],[71.918,35.5424],[71.9581,35.5878],[71.9952,35.6184],[72.0406,35.6463],[72.0661,35.6392],[72.0986,35.6599]]]]}},{"type":"Feature","properties":{"province_name":"Khyber Pakhtunkhwa","district_name":"Chitral Lower","tehsil_name":"Lotkoh","tehsil_code":"PK50703","area_km2":3188.0765852247264},"geometry":{"type":"MultiPolygon","coordinates":[[[[72.0726,36.1206],[72.0581,36.1215],[72.0489,36.0888],[72.0243,36.0737],[71.9846,36.0985],[71.9394,36.1172],[71.9125,36.1177],[71.8806,36.1548],[71.8851,36.1671],[71.8547,36.1921],[71.8367,36.2362],[71.8364,36.2509],[71.8108,36.2537],[71.7853,36.2705],[71.7676,36.2993],[71.7707,36.324],[71.7518,36.3434],[71.7707,36.3612],[71.7486,36.386],[71.8015,36.3881],[71.8122,36.3971],[71.7958,36.4006],[71.7245,36.4484],[71.688,36.4608],[71.6562,36.4782],[71.636,36.4721],[71.6236,36.4531],[71.6139,36.4091],[71.5928,36.3906],[71.5561,36.3691],[71.5722,36.3471],[71.5687,36.3295],[71.5242,36.3209],[71.5206,36.2997],[71.4852,36.296],[71.4345,36.261],[71.4191,36.2279],[71.3846,36.2046],[71.3591,36.1987],[71.3474,36.1726],[71.3103,36.1582],[71.2454,36.1228],[71.2424,36.0927],[71.2081,36.0711],[71.2014,36.0358],[71.2536,35.9971],[71.2849,35.9895],[71.3193,35.9649],[71.3767,35.9561],[71.3841,35.9194],[71.3807,35.9017],[71.4297,35.8817],[71.4708,35.8232],[71.5412,35.8404],[71.5985,35.8667],[71.666,35.8857],[71.7794,35.9332],[71.8237,35.9492],[71.8651,35.9485],[71.9109,35.9593],[71.9531,35.9847],[72.0151,35.9583],[72.0274,35.9589],[72.1081,35.9024],[72.1484,35.8797],[72.1637,35.8635],[72.17,35.8416],[72.1908,35.8398],[72.1993,35.866],[72.2129,35.8731],[72.2499,35.9159],[72.2328,35.9534],[72.2385,35.9778],[72.2862,36.0153],[72.2964,36.0414],[72.2946,36.0678],[72.2673,36.0915],[72.2539,36.1184],[72.2273,36.1018],[72.211,36.0768],[72.172,36.0657],[72.1519,36.0687],[72.1524,36.0936],[72.1148,36.1122],[72.0852,36.1103],[72.0726,36.1206]]]]}},{"type":"Feature","properties":{"province_name":"Khyber Pakhtunkhwa","district_name":"Chitral Upper","tehsil_name":"Mastuj","tehsil_code":"PK50801","area_km2":4595.876185947661},"geometry":{"type":"MultiPolygon","coordinates":[[[[73.6396,36.9033],[73.5976,36.9076],[73.5775,36.8969],[73.5278,36.8856],[73.5064,36.8945],[73.4406,36.8926],[73.4031,36.8991],[73.357,36.8807],[73.3362,36.8853],[73.3066,36.8732],[73.2733,36.8885],[73.2157,36.8899],[73.1894,36.8832],[73.1441,36.8941],[73.1217,36.8872],[73.0718,36.889],[73.0268,36.8607],[72.9534,36.8721],[72.9295,36.8487],[72.8733,36.8408],[72.8671,36.7987],[72.8487,36.7795],[72.8239,36.7663],[72.8075,36.7337],[72.7868,36.7149],[72.7448,36.6923],[72.7005,36.654],[72.6878,36.6488],[72.6549,36.5936],[72.6508,36.575],[72.6205,36.5748],[72.6603,36.5246],[72.6525,36.5017],[72.6169,36.48],[72.5549,36.3907],[72.4816,36.316],[72.4368,36.3044],[72.3402,36.2605],[72.2539,36.2614],[72.2237,36.2471],[72.2067,36.2301],[72.1135,36.1629],[72.0726,36.1206],[72.0852,36.1103],[72.1148,36.1122],[72.1524,36.0936],[72.1519,36.0687],[72.172,36.0657],[72.211,36.0768],[72.2273,36.1018],[72.2539,36.1184],[72.2673,36.0915],[72.2946,36.0678],[72.2964,36.0414],[72.2862,36.0153],[72.2385,35.9778],[72.2328,35.9534],[72.2499,35.9159],[72.2129,35.8731],[72.1993,35.866],[72.1908,35.8398],[72.17,35.8416],[72.1529,35.784],[72.1697,35.7809],[72.1832,35.7548],[72.2231,35.7752],[72.2915,35.7653],[72.3072,35.7799],[72.3323,35.7657],[72.3617,35.7601],[72.4083,35.7958],[72.412,35.8218],[72.4272,35.8345],[72.4527,35.8312],[72.4632,35.8466],[72.4886,35.8548],[72.5145,35.8988],[72.5139,35.9106],[72.5669,36.0075],[72.5594,36.0333],[72.5219,36.0722],[72.5225,36.107],[72.5447,36.155],[72.5403,36.2025],[72.5472,36.223],[72.5672,36.2483],[72.6142,36.2672],[72.6633,36.2594],[72.6864,36.2733],[72.7091,36.3033],[72.76,36.3227],[72.8075,36.3541],[72.8508,36.3757],[72.8639,36.4321],[72.8752,36.4529],[72.9069,36.467],[72.955,36.4693],[72.9641,36.4984],[73.0028,36.5155],[73.0355,36.5375],[73.0583,36.5872],[73.073,36.6053],[73.0475,36.6711],[73.06,36.6908],[73.1058,36.6966],[73.1419,36.7188],[73.17,36.7216],[73.2303,36.7096],[73.2741,36.7171],[73.3714,36.7493],[73.4072,36.7515],[73.4578,36.731],[73.5239,36.7232],[73.5686,36.7274],[73.5861,36.7074],[73.6031,36.7061],[73.6603,36.7027],[73.7069,36.7207],[73.7366,36.7132],[73.7814,36.721],[73.8308,36.7055],[73.8547,36.7138],[73.8611,36.7577],[73.8403,36.7913],[73.7975,36.8033],[73.7847,36.8255],[73.7341,36.8346],[73.6964,36.8469],[73.663,36.8883],[73.6396,36.9033]]]]}},{"type":"Feature","properties":{"province_name":"Khyber Pakhtunkhwa","district_name":"Chitral Upper","tehsil_name":"Mulkhow","tehsil_code":"PK50802","area_km2":4034.668060573872},"geometry":{"type":"MultiPolygon","coordinates":[[[[72.8733,36.8408],[72.75,36.8506],[72.7185,36.842],[72.6562,36.8498],[72.6266,36.8416],[72.5661,36.8324],[72.5454,36.8229],[72.4952,36.7776],[72.4112,36.7767],[72.3901,36.7618],[72.3368,36.7592],[72.3026,36.745],[72.2414,36.7535],[72.1969,36.6936],[72.2145,36.6642],[72.1917,36.6547],[72.1656,36.6596],[72.1029,36.6486],[72.0973,36.6328],[72.1062,36.6057],[72.0968,36.5973],[72.0592,36.5956],[72.013,36.5677],[71.9644,36.5666],[71.9353,36.5609],[71.9091,36.5053],[71.8321,36.5055],[71.8219,36.4864],[71.8186,36.4421],[71.8617,36.4294],[71.8573,36.3994],[71.8122,36.3971],[71.8015,36.3881],[71.7486,36.386],[71.7707,36.3612],[71.7518,36.3434],[71.7707,36.324],[71.7676,36.2993],[71.7853,36.2705],[71.8108,36.2537],[71.8364,36.2509],[71.8367,36.2362],[71.8547,36.1921],[71.8851,36.1671],[71.8806,36.1548],[71.9125,36.1177],[71.9394,36.1172],[71.9846,36.0985],[72.0243,36.0737],[72.0489,36.0888],[72.0581,36.1215],[72.0726,36.1206],[72.1135,36.1629],[72.2067,36.2301],[72.2237,36.2471],[72.2539,36.2614],[72.3402,36.2605],[72.4368,36.3044],[72.4816,36.316],[72.5549,36.3907],[72.6169,36.48],[72.6525,36.5017],[72.6603,36.5246],[72.6205,36.5748],[72.6508,36.575],[72.6549,36.5936],[72.6878,36.6488],[72.7005,36.654],[72.7448,36.6923],[72.7868,36.7149],[72.8075,36.7337],[72.8239,36.7663],[72.8487,36.7795],[72.8671,36.7987],[72.8733,36.8408]]]]}},{"type":"Feature","properties":{"province_name":"Khyber Pakhtunkhwa","district_name":"D. I. Khan","tehsil_name":"D. I. Khan","tehsil_code":"PK50901","area_km2":1738.668636276915},"geometry":{"type":"MultiPolygon","coordinates":[[[[71.0688,31.9442],[71.0363,31.9479],[71.0205,31.9623],[70.9737,31.965],[70.9741,31.9812],[70.9508,31.9899],[70.9182,31.9804],[70.9108,32.0097],[70.8477,32.0409],[70.8063,32.0461],[70.834,32.0655],[70.8452,32.1119],[70.8167,32.1267],[70.7978,32.1758],[70.8168,32.1858],[70.8184,32.202],[70.7952,32.2061],[70.7575,32.2298],[70.7224,32.2754],[70.705,32.2627],[70.68,32.2119],[70.674,32.1902],[70.6719,32.1403],[70.6423,32.088],[70.622,32.0308],[70.6084,31.933],[70.5965,31.8933],[70.597,31.8509],[70.5801,31.83],[70.6125,31.8011],[70.6129,31.7393],[70.6237,31.6962],[70.618,31.6647],[70.6256,31.6598],[70.6901,31.6713],[70.6923,31.6812],[70.7512,31.6834],[70.7987,31.6948],[70.8205,31.7098],[70.8259,31.7322],[70.8486,31.7296],[70.8667,31.6902],[70.9026,31.6757],[70.9319,31.6966],[70.9362,31.7163],[70.9547,31.7326],[70.961,31.7516],[70.9914,31.7764],[71.0171,31.8075],[71.0355,31.8679],[71.0606,31.8818],[71.0688,31.9442]]]]}},{"type":"Feature","properties":{"province_name":"Khyber Pakhtunkhwa","district_name":"D. I. Khan","tehsil_name":"Daraban","tehsil_code":"PK50902","area_km2":1026.437960210249},"geometry":{"type":"MultiPolygon","coordinates":[[[[70.6125,31.8011],[70.5876,31.7962],[70.5534,31.8098],[70.5345,31.7965],[70.5064,31.816],[70.5023,31.7901],[70.4711,31.7625],[70.443,31.7792],[70.3875,31.7701],[70.3431,31.7798],[70.369,31.8097],[70.3549,31.8245],[70.3349,31.8232],[70.3121,31.7985],[70.316,31.7689],[70.2941,31.753],[70.2477,31.7428],[70.2305,31.7478],[70.2398,31.7907],[70.2152,31.7944],[70.216,31.7591],[70.2054,31.7458],[70.2488,31.6989],[70.2777,31.6789],[70.2737,31.6448],[70.295,31.596],[70.3065,31.5798],[70.3317,31.5135],[70.3446,31.5054],[70.3349,31.4761],[70.3786,31.463],[70.4166,31.4682],[70.4395,31.4797],[70.4932,31.4823],[70.5151,31.4729],[70.5602,31.4929],[70.592,31.4928],[70.6003,31.5124],[70.5816,31.52],[70.5876,31.5539],[70.5728,31.5841],[70.5849,31.6314],[70.6159,31.644],[70.618,31.6647],[70.6237,31.6962],[70.6129,31.7393],[70.6125,31.8011]]]]}},{"type":"Feature","properties":{"province_name":"Khyber Pakhtunkhwa","district_name":"D. I. Khan","tehsil_name":"Kulachi","tehsil_code":"PK50903","area_km2":1465.7097626522138},"geometry":{"type":"MultiPolygon","coordinates":[[[[70.705,32.2627],[70.6729,32.2745],[70.6456,32.2549],[70.5912,32.23],[70.57,32.1998],[70.5709,32.1352],[70.5365,32.0997],[70.4893,32.1067],[70.4568,32.0996],[70.4381,32.0885],[70.4172,32.0899],[70.397,32.0765],[70.3617,32.078],[70.3406,32.0868],[70.3005,32.0825],[70.2705,32.0874],[70.2513,32.1036],[70.2388,32.0905],[70.2573,32.0694],[70.218,32.0257],[70.183,32.0064],[70.2206,31.8464],[70.212,31.8154],[70.2152,31.7944],[70.2398,31.7907],[70.2305,31.7478],[70.2477,31.7428],[70.2941,31.753],[70.316,31.7689],[70.3121,31.7985],[70.3349,31.8232],[70.3549,31.8245],[70.369,31.8097],[70.3431,31.7798],[70.3875,31.7701],[70.443,31.7792],[70.4711,31.7625],[70.5023,31.7901],[70.5064,31.816],[70.5345,31.7965],[70.5534,31.8098],[70.5876,31.7962],[70.6125,31.8011],[70.5801,31.83],[70.597,31.8509],[70.5965,31.8933],[70.6084,31.933],[70.622,32.0308],[70.6423,32.088],[70.6719,32.1403],[70.674,32.1902],[70.68,32.2119],[70.705,32.2627]]]]}},{"type":"Feature","properties":{"province_name":"Khyber Pakhtunkhwa","district_name":"D. I. Khan","tehsil_name":"Paharpur","tehsil_code":"PK50904","area_km2":1645.9132148328451},"geometry":{"type":"MultiPolygon","coordinates":[[[[71.3468,32.4697],[71.353,32.4986],[71.3384,32.502],[71.3235,32.534],[71.2988,32.5322],[71.3,32.5167],[71.2729,32.5088],[71.2568,32.4919],[71.232,32.512],[71.175,32.4447],[71.1482,32.4618],[71.082,32.4042],[71.0412,32.3844],[71.0254,32.384],[70.9735,32.3675],[70.9612,32.3566],[70.8473,32.3242],[70.8129,32.298],[70.7787,32.3044],[70.7427,32.2797],[70.7224,32.2754],[70.7575,32.2298],[70.7952,32.2061],[70.8184,32.202],[70.8168,32.1858],[70.7978,32.1758],[70.8167,32.1267],[70.8452,32.1119],[70.834,32.0655],[70.8063,32.0461],[70.8477,32.0409],[70.9108,32.0097],[70.9182,31.9804],[70.9508,31.9899],[70.9741,31.9812],[70.9737,31.965],[71.0205,31.9623],[71.0363,31.9479],[71.0688,31.9442],[71.068,31.9666],[71.0721,31.9989],[71.0692,32.0329],[71.0884,32.0395],[71.1024,32.0899],[71.1136,32.108],[71.1024,32.1332],[71.1122,32.1609],[71.1466,32.1602],[71.173,32.1909],[71.1743,32.205],[71.1665,32.2315],[71.173,32.2516],[71.2046,32.2805],[71.2182,32.3074],[71.2858,32.3661],[71.329,32.3644],[71.3402,32.3741],[71.3271,32.4047],[71.3468,32.4697]]]]}},{"type":"Feature","properties":{"province_name":"Khyber Pakhtunkhwa","district_name":"D. I. Khan","tehsil_name":"Paroa","tehsil_code":"PK50905","area_km2":1491.9122575377216},"geometry":{"type":"MultiPolygon","coordinates":[[[[70.9026,31.6757],[70.8667,31.6902],[70.8486,31.7296],[70.8259,31.7322],[70.8205,31.7098],[70.7987,31.6948],[70.7512,31.6834],[70.6923,31.6812],[70.6901,31.6713],[70.6256,31.6598],[70.618,31.6647],[70.6159,31.644],[70.5849,31.6314],[70.5728,31.5841],[70.5876,31.5539],[70.5816,31.52],[70.6003,31.5124],[70.592,31.4928],[70.5602,31.4929],[70.5151,31.4729],[70.4932,31.4823],[70.4395,31.4797],[70.4166,31.4682],[70.3786,31.463],[70.3349,31.4761],[70.3429,31.4702],[70.3494,31.4234],[70.3661,31.3746],[70.3752,31.3341],[70.3975,31.2597],[70.4227,31.2449],[70.4502,31.2941],[70.5204,31.3048],[70.5584,31.3402],[70.62,31.3248],[70.6345,31.3176],[70.6808,31.3188],[70.7048,31.338],[70.7404,31.333],[70.745,31.3169],[70.7747,31.3057],[70.7836,31.3145],[70.7865,31.3501],[70.8106,31.3614],[70.8139,31.3755],[70.8354,31.383],[70.8425,31.4248],[70.8717,31.4267],[70.8844,31.4485],[70.8925,31.4878],[70.8763,31.5091],[70.902,31.5222],[70.8694,31.5473],[70.8995,31.5904],[70.8833,31.6124],[70.8825,31.6379],[70.9026,31.6757]]]]}},{"type":"Feature","properties":{"province_name":"Khyber Pakhtunkhwa","district_name":"D. I. Khan","tehsil_name":"Darazinda","tehsil_code":"PK50906","area_km2":1657.9785733680865},"geometry":{"type":"MultiPolygon","coordinates":[[[[70.212,31.8154],[70.1842,31.8387],[70.1355,31.8487],[70.0963,31.8431],[70.0503,31.8568],[70.0429,31.8751],[70.0164,31.8913],[69.9565,31.8945],[69.957,31.8709],[69.94,31.8536],[69.9429,31.809],[69.9559,31.7757],[69.9466,31.7629],[69.9514,31.7259],[69.9453,31.6364],[69.9437,31.5663],[69.9397,31.5456],[69.9712,31.5146],[70.0181,31.5081],[70.0439,31.4423],[70.0524,31.3984],[70.067,31.3881],[70.0974,31.4161],[70.0958,31.4491],[70.1184,31.4341],[70.1496,31.4338],[70.171,31.4437],[70.1924,31.4692],[70.2236,31.4856],[70.2456,31.5086],[70.2608,31.5075],[70.2675,31.46],[70.2765,31.4318],[70.2786,31.3975],[70.2658,31.3142],[70.2701,31.2432],[70.2577,31.2237],[70.2625,31.2011],[70.2875,31.1655],[70.3099,31.1748],[70.4045,31.1998],[70.4227,31.2449],[70.3975,31.2597],[70.3752,31.3341],[70.3661,31.3746],[70.3494,31.4234],[70.3429,31.4702],[70.3349,31.4761],[70.3446,31.5054],[70.3317,31.5135],[70.3065,31.5798],[70.295,31.596],[70.2737,31.6448],[70.2777,31.6789],[70.2488,31.6989],[70.2054,31.7458],[70.216,31.7591],[70.2152,31.7944],[70.212,31.8154]]]]}},{"type":"Feature","properties":{"province_name":"Khyber Pakhtunkhwa","district_name":"Hangu","tehsil_name":"Hangu","tehsil_code":"PK51001","area_km2":624.4944011860985},"geometry":{"type":"MultiPolygon","coordinates":[[[[71.2118,33.506],[71.2097,33.5213],[71.1905,33.528],[71.1906,33.5498],[71.2097,33.5514],[71.2249,33.5677],[71.2284,33.5872],[71.2055,33.5868],[71.1747,33.6094],[71.1581,33.5979],[71.1302,33.5968],[71.123,33.5933],[71.0665,33.5828],[71.0084,33.5486],[70.9703,33.5463],[70.9154,33.5645],[70.9002,33.5561],[70.8326,33.5602],[70.8193,33.5731],[70.7804,33.5857],[70.7506,33.5846],[70.7464,33.5563],[70.7796,33.5348],[70.8394,33.5195],[70.8761,33.5189],[70.8996,33.5031],[70.9079,33.4812],[70.8794,33.4561],[70.8806,33.4346],[70.8638,33.4274],[70.8606,33.4085],[70.8426,33.3771],[70.8566,33.3634],[70.9049,33.3543],[70.9843,33.3661],[71.041,33.362],[71.0536,33.3679],[71.0624,33.395],[71.0935,33.4024],[71.1137,33.4154],[71.1102,33.4388],[71.1196,33.4559],[71.1018,33.4708],[71.1338,33.478],[71.1397,33.5009],[71.2118,33.506]]]]}},{"type":"Feature","properties":{"province_name":"Khyber Pakhtunkhwa","district_name":"Hangu","tehsil_name":"Tall","tehsil_code":"PK51002","area_km2":747.4301862789075},"geometry":{"type":"MultiPolygon","coordinates":[[[[70.9049,33.3543],[70.8566,33.3634],[70.8426,33.3771],[70.8606,33.4085],[70.8638,33.4274],[70.8806,33.4346],[70.8794,33.4561],[70.9079,33.4812],[70.8996,33.5031],[70.8761,33.5189],[70.8394,33.5195],[70.7796,33.5348],[70.7464,33.5563],[70.7323,33.5269],[70.7419,33.484],[70.6983,33.49],[70.6771,33.471],[70.6283,33.4762],[70.5931,33.4281],[70.5687,33.4199],[70.5396,33.4239],[70.5053,33.4158],[70.4999,33.3867],[70.544,33.3583],[70.5409,33.3483],[70.5593,33.325],[70.5698,33.2944],[70.6158,33.2715],[70.6269,33.2603],[70.6503,33.2615],[70.7039,33.2198],[70.7504,33.2172],[70.7684,33.282],[70.7594,33.3198],[70.7794,33.3382],[70.8196,33.3215],[70.8834,33.3084],[70.9049,33.3543]]]]}},{"type":"Feature","properties":{"province_name":"Khyber Pakhtunkhwa","district_name":"Haripur","tehsil_name":"Ghazi","tehsil_code":"PK51101","area_km2":555.1232016636174},"geometry":{"type":"MultiPolygon","coordinates":[[[[72.8205,34.3666],[72.786,34.3488],[72.7877,34.2979],[72.7488,34.2935],[72.7658,34.2719],[72.7714,34.2403],[72.7557,34.2024],[72.7659,34.1854],[72.7519,34.1629],[72.7511,34.1215],[72.7425,34.1049],[72.7062,34.0913],[72.6821,34.0621],[72.6377,34.0175],[72.606,34.0089],[72.5845,33.9936],[72.5492,33.9938],[72.5588,33.9596],[72.6035,33.9534],[72.634,33.9443],[72.6526,33.9311],[72.6081,33.8915],[72.6135,33.8755],[72.6338,33.8802],[72.6441,33.8575],[72.693,33.8714],[72.7089,33.8823],[72.7051,33.9057],[72.7686,33.9495],[72.7681,33.9683],[72.784,33.9814],[72.7845,34.0137],[72.7987,34.0404],[72.8404,34.0811],[72.8338,34.1052],[72.8514,34.1326],[72.8383,34.1476],[72.8309,34.1915],[72.8533,34.2141],[72.8374,34.2358],[72.8618,34.2905],[72.8516,34.3051],[72.8564,34.3261],[72.8205,34.3666]]]]}},{"type":"Feature","properties":{"province_name":"Khyber Pakhtunkhwa","district_name":"Haripur","tehsil_name":"Haripur","tehsil_code":"PK51102","area_km2":976.1679302353392},"geometry":{"type":"MultiPolygon","coordinates":[[[[72.8997,34.2631],[72.8864,34.2854],[72.8618,34.2905],[72.8374,34.2358],[72.8533,34.2141],[72.8309,34.1915],[72.8383,34.1476],[72.8514,34.1326],[72.8338,34.1052],[72.8404,34.0811],[72.7987,34.0404],[72.7845,34.0137],[72.784,33.9814],[72.7681,33.9683],[72.7686,33.9495],[72.7838,33.9398],[72.789,33.9202],[72.7702,33.9153],[72.7942,33.8871],[72.8338,33.879],[72.8442,33.8851],[72.879,33.8756],[72.9233,33.8848],[72.947,33.8688],[72.9525,33.8481],[72.9827,33.8574],[73.0153,33.8794],[73.0134,33.9126],[73.036,33.9148],[73.036,33.8887],[73.0755,33.883],[73.0962,33.8934],[73.1094,33.9198],[73.0965,33.9359],[73.1281,33.9504],[73.1464,33.9996],[73.1255,34.0259],[73.1007,34.0225],[73.073,34.032],[73.0952,34.0675],[73.0924,34.0914],[73.057,34.1201],[73.0273,34.1234],[73.0399,34.1525],[73.0171,34.173],[72.9952,34.1702],[72.9901,34.2104],[72.9751,34.2283],[72.9127,34.2489],[72.8997,34.2631]]]]}},{"type":"Feature","properties":{"province_name":"Khyber Pakhtunkhwa","district_name":"Haripur","tehsil_name":"Khanpur","tehsil_code":"PK51103","area_km2":427.3115681993715},"geometry":{"type":"MultiPolygon","coordinates":[[[[73.2,33.9089],[73.1653,33.9124],[73.1554,33.9026],[73.0962,33.8934],[73.0755,33.883],[73.036,33.8887],[73.036,33.9148],[73.0134,33.9126],[73.0153,33.8794],[72.9827,33.8574],[72.9525,33.8481],[72.947,33.8688],[72.9233,33.8848],[72.879,33.8756],[72.8442,33.8851],[72.8338,33.879],[72.8219,33.8291],[72.8696,33.8149],[72.8417,33.8028],[72.8217,33.7783],[72.8294,33.7633],[72.8622,33.7698],[72.8887,33.7513],[72.9239,33.7456],[72.9164,33.7294],[72.9567,33.7311],[72.9786,33.7416],[73.0155,33.7747],[73.0815,33.7936],[73.0948,33.7839],[73.1218,33.7874],[73.1526,33.811],[73.1685,33.8045],[73.2093,33.8161],[73.211,33.853],[73.1832,33.8914],[73.2,33.9089]]]]}},{"type":"Feature","properties":{"province_name":"Khyber Pakhtunkhwa","district_name":"Karak","tehsil_name":"Banda Daud Shah","tehsil_code":"PK51201","area_km2":1109.074074961318},"geometry":{"type":"MultiPolygon","coordinates":[[[[71.4499,33.252],[71.4482,33.2985],[71.4172,33.2857],[71.3846,33.29],[71.3833,33.3113],[71.3212,33.3096],[71.3105,33.3498],[71.2779,33.3593],[71.2432,33.3598],[71.2202,33.3685],[71.1638,33.372],[71.1074,33.368],[71.0656,33.3807],[71.0624,33.395],[71.0536,33.3679],[71.041,33.362],[70.9843,33.3661],[70.9049,33.3543],[70.8834,33.3084],[70.8196,33.3215],[70.7794,33.3382],[70.7594,33.3198],[70.7684,33.282],[70.7504,33.2172],[70.7729,33.2174],[70.8359,33.2037],[70.8783,33.182],[70.8729,33.1706],[70.8829,33.1428],[70.931,33.1344],[70.9606,33.137],[70.9903,33.1313],[71.0225,33.1446],[71.0401,33.162],[71.0688,33.1543],[71.1137,33.1538],[71.1414,33.159],[71.1971,33.1802],[71.2254,33.202],[71.2742,33.2133],[71.3289,33.2425],[71.42,33.2516],[71.4499,33.252]]]]}},{"type":"Feature","properties":{"province_name":"Khyber Pakhtunkhwa","district_name":"Karak","tehsil_name":"Karak","tehsil_code":"PK51202","area_km2":675.2181292780774},"geometry":{"type":"MultiPolygon","coordinates":[[[[71.4446,33.2404],[71.4499,33.252],[71.42,33.2516],[71.3289,33.2425],[71.2742,33.2133],[71.2254,33.202],[71.1971,33.1802],[71.1414,33.159],[71.1137,33.1538],[71.0688,33.1543],[71.0401,33.162],[71.0225,33.1446],[70.9903,33.1313],[70.9606,33.137],[70.931,33.1344],[70.8829,33.1428],[70.8729,33.1706],[70.8406,33.1557],[70.8201,33.1212],[70.7984,33.1157],[70.7954,33.096],[70.8034,33.0903],[70.811,33.0536],[70.8412,33.0266],[70.9155,33.0138],[70.9334,33.0599],[70.9747,33.0764],[71.0078,33.0792],[71.0613,33.0903],[71.0852,33.0529],[71.0987,33.0551],[71.1233,33.0394],[71.1445,33.0507],[71.1463,33.0819],[71.2041,33.0879],[71.24,33.1023],[71.2804,33.1113],[71.3749,33.0985],[71.424,33.095],[71.4523,33.1302],[71.4413,33.1394],[71.4305,33.173],[71.407,33.1938],[71.416,33.2255],[71.4446,33.2404]]]]}},{"type":"Feature","properties":{"province_name":"Khyber Pakhtunkhwa","district_name":"Karak","tehsil_name":"Takht-E-Nasrati","tehsil_code":"PK51203","area_km2":864.5197051843669},"geometry":{"type":"MultiPolygon","coordinates":[[[[71.424,33.095],[71.3749,33.0985],[71.2804,33.1113],[71.24,33.1023],[71.2041,33.0879],[71.1463,33.0819],[71.1445,33.0507],[71.1233,33.0394],[71.0987,33.0551],[71.0852,33.0529],[71.0613,33.0903],[71.0078,33.0792],[70.9747,33.0764],[70.9334,33.0599],[70.9155,33.0138],[70.9214,32.9792],[70.9384,32.9625],[70.9647,32.9083],[70.9549,32.8712],[70.9657,32.8463],[71,32.8136],[71.0345,32.8126],[71.0389,32.806],[71.1103,32.81],[71.1337,32.811],[71.1338,32.8329],[71.1449,32.8881],[71.1456,32.9286],[71.1655,32.9602],[71.1886,32.9755],[71.2196,32.9811],[71.2377,32.997],[71.2549,32.9982],[71.3182,33.0167],[71.3175,33.0023],[71.3406,32.9916],[71.3851,32.9991],[71.4055,33.0104],[71.4322,33.004],[71.454,33.0165],[71.4671,33.0443],[71.4561,33.0699],[71.4296,33.0797],[71.424,33.095]]]]}},{"type":"Feature","properties":{"province_name":"Khyber Pakhtunkhwa","district_name":"Khyber","tehsil_name":"Bara","tehsil_code":"PK51301","area_km2":1612.486471213527},"geometry":{"type":"MultiPolygon","coordinates":[[[[71.1777,33.9676],[71.1533,33.9603],[71.1364,33.9346],[71.1161,33.9458],[71.0685,33.9452],[70.9777,33.9581],[70.9675,33.93],[70.9217,33.9228],[70.9069,33.9277],[70.897,33.9493],[70.873,33.9779],[70.8241,33.9818],[70.7679,33.9549],[70.7507,33.9607],[70.6763,33.9602],[70.6513,33.9544],[70.5939,33.9643],[70.5605,33.9579],[70.5391,33.9458],[70.525,33.9524],[70.5017,33.9438],[70.4677,33.9433],[70.4444,33.952],[70.4483,33.9011],[70.4663,33.8998],[70.4999,33.8833],[70.4961,33.8525],[70.5249,33.8531],[70.5427,33.8335],[70.5706,33.8421],[70.5762,33.7883],[70.6088,33.7755],[70.6161,33.7981],[70.6361,33.7989],[70.6543,33.7822],[70.6649,33.7595],[70.6978,33.7394],[70.7245,33.7533],[70.7755,33.7598],[70.7862,33.7667],[70.8289,33.7712],[70.8451,33.7829],[70.8867,33.7717],[70.9057,33.7754],[70.9363,33.7872],[70.9844,33.7953],[70.9712,33.8359],[71.0067,33.8433],[71.0638,33.8392],[71.0847,33.8445],[71.1102,33.8298],[71.1278,33.8305],[71.1493,33.8119],[71.1733,33.8157],[71.2087,33.8359],[71.2267,33.8229],[71.252,33.821],[71.2702,33.7962],[71.3322,33.7563],[71.3495,33.7641],[71.4187,33.7487],[71.4499,33.7537],[71.503,33.7512],[71.518,33.8094],[71.476,33.8352],[71.4336,33.8738],[71.4372,33.8976],[71.4496,33.9102],[71.4352,33.9375],[71.411,33.9364],[71.3779,33.9475],[71.3443,33.9494],[71.3219,33.9578],[71.254,33.9287],[71.2103,33.9602],[71.1777,33.9676]]]]}},{"type":"Feature","properties":{"province_name":"Khyber Pakhtunkhwa","district_name":"Khyber","tehsil_name":"Jamrud","tehsil_code":"PK51302","area_km2":188.9949715442498},"geometry":{"type":"MultiPolygon","coordinates":[[[[71.3844,34.0466],[71.3226,34.0398],[71.2508,34.0539],[71.2616,34.0237],[71.2312,34.0044],[71.1828,33.9827],[71.1777,33.9676],[71.2103,33.9602],[71.254,33.9287],[71.3219,33.9578],[71.3443,33.9494],[71.3779,33.9475],[71.411,33.9364],[71.4352,33.9375],[71.4119,33.9606],[71.4056,33.9968],[71.3803,33.9995],[71.3895,34.038],[71.3844,34.0466]]]]}},{"type":"Feature","properties":{"province_name":"Khyber Pakhtunkhwa","district_name":"Khyber","tehsil_name":"Landi Kotal","tehsil_code":"PK51303","area_km2":769.3228445380669},"geometry":{"type":"MultiPolygon","coordinates":[[[[71.2106,34.3309],[71.1688,34.3359],[71.1567,34.3132],[71.1221,34.2672],[71.1353,34.2253],[71.1244,34.2038],[71.1261,34.1624],[71.1094,34.1491],[71.0728,34.1057],[71.0763,34.0625],[71.0654,34.0519],[71.0342,34.0505],[71.0178,34.0366],[70.9832,34.0286],[70.9164,34.0013],[70.8987,33.9822],[70.873,33.9779],[70.897,33.9493],[70.9069,33.9277],[70.9217,33.9228],[70.9675,33.93],[70.9777,33.9581],[71.0685,33.9452],[71.1161,33.9458],[71.1364,33.9346],[71.1533,33.9603],[71.1777,33.9676],[71.1828,33.9827],[71.2312,34.0044],[71.2616,34.0237],[71.2508,34.0539],[71.2494,34.0957],[71.2397,34.1081],[71.2743,34.1566],[71.2768,34.1904],[71.2888,34.1954],[71.3015,34.2139],[71.3152,34.2602],[71.3,34.2838],[71.2655,34.314],[71.2422,34.3278],[71.2106,34.3309]]]]}},{"type":"Feature","properties":{"province_name":"Khyber Pakhtunkhwa","district_name":"Khyber","tehsil_name":"Mulagori","tehsil_code":"PK51304","area_km2":176.93625562487256},"geometry":{"type":"MultiPolygon","coordinates":[[[[71.4123,34.1659],[71.4014,34.1691],[71.3486,34.1629],[71.317,34.1708],[71.307,34.1922],[71.2888,34.1954],[71.2768,34.1904],[71.2743,34.1566],[71.2397,34.1081],[71.2494,34.0957],[71.2508,34.0539],[71.3226,34.0398],[71.3844,34.0466],[71.3697,34.087],[71.3821,34.1179],[71.4122,34.1447],[71.4123,34.1659]]]]}},{"type":"Feature","properties":{"province_name":"Khyber Pakhtunkhwa","district_name":"Kohat","tehsil_name":"Kohat","tehsil_code":"PK51401","area_km2":1002.0075969180745},"geometry":{"type":"MultiPolygon","coordinates":[[[[71.6746,33.5473],[71.6593,33.5553],[71.6042,33.5413],[71.5717,33.57],[71.5759,33.5841],[71.6045,33.5909],[71.651,33.6111],[71.6407,33.6463],[71.615,33.635],[71.5842,33.6329],[71.5519,33.6455],[71.5076,33.6327],[71.4776,33.6378],[71.4281,33.6549],[71.4204,33.6432],[71.3952,33.6514],[71.3667,33.6511],[71.3616,33.632],[71.3311,33.6259],[71.3152,33.6432],[71.2637,33.6623],[71.2235,33.6941],[71.2122,33.7222],[71.1813,33.7347],[71.1653,33.7298],[71.1333,33.7436],[71.123,33.737],[71.1386,33.7053],[71.1343,33.6803],[71.1536,33.6612],[71.1064,33.6407],[71.0845,33.6247],[71.11,33.6032],[71.1302,33.5968],[71.1581,33.5979],[71.1747,33.6094],[71.2055,33.5868],[71.2284,33.5872],[71.2249,33.5677],[71.2097,33.5514],[71.1906,33.5498],[71.1905,33.528],[71.2097,33.5213],[71.2118,33.506],[71.2192,33.4949],[71.2557,33.4937],[71.2897,33.4793],[71.3397,33.4765],[71.3467,33.458],[71.3648,33.443],[71.4363,33.4387],[71.455,33.4314],[71.4782,33.3957],[71.5043,33.3977],[71.5271,33.3881],[71.5646,33.389],[71.5833,33.3966],[71.6038,33.4282],[71.6302,33.4441],[71.6139,33.4531],[71.6135,33.5],[71.6327,33.5112],[71.6519,33.5085],[71.6684,33.5206],[71.6746,33.5473]]]]}},{"type":"Feature","properties":{"province_name":"Khyber Pakhtunkhwa","district_name":"Kohat","tehsil_name":"Lachi","tehsil_code":"PK51402","area_km2":1269.4874979743404},"geometry":{"type":"MultiPolygon","coordinates":[[[[71.2118,33.506],[71.1397,33.5009],[71.1338,33.478],[71.1018,33.4708],[71.1196,33.4559],[71.1102,33.4388],[71.1137,33.4154],[71.0935,33.4024],[71.0624,33.395],[71.0656,33.3807],[71.1074,33.368],[71.1638,33.372],[71.2202,33.3685],[71.2432,33.3598],[71.2779,33.3593],[71.3105,33.3498],[71.3212,33.3096],[71.3833,33.3113],[71.3846,33.29],[71.4172,33.2857],[71.4482,33.2985],[71.4499,33.252],[71.4446,33.2404],[71.4524,33.2198],[71.4806,33.2146],[71.5,33.1996],[71.5151,33.2154],[71.5529,33.2285],[71.6025,33.1842],[71.603,33.1333],[71.6297,33.1031],[71.6373,33.0855],[71.6582,33.0735],[71.7185,33.0598],[71.7116,33.1023],[71.7245,33.1258],[71.7462,33.1419],[71.7614,33.1855],[71.752,33.2107],[71.7166,33.2412],[71.7051,33.2849],[71.7291,33.3101],[71.7272,33.334],[71.7147,33.339],[71.7357,33.3655],[71.7862,33.3878],[71.7367,33.4159],[71.6994,33.4168],[71.6962,33.4363],[71.6506,33.4383],[71.6302,33.4441],[71.6038,33.4282],[71.5833,33.3966],[71.5646,33.389],[71.5271,33.3881],[71.5043,33.3977],[71.4782,33.3957],[71.455,33.4314],[71.4363,33.4387],[71.3648,33.443],[71.3467,33.458],[71.3397,33.4765],[71.2897,33.4793],[71.2557,33.4937],[71.2192,33.4949],[71.2118,33.506]]]]}},{"type":"Feature","properties":{"province_name":"Khyber Pakhtunkhwa","district_name":"Kohat","tehsil_name":"Gumbat","tehsil_code":"PK51403","area_km2":715.7272877142257},"geometry":{"type":"MultiPolygon","coordinates":[[[[71.6302,33.4441],[71.6506,33.4383],[71.6962,33.4363],[71.6994,33.4168],[71.7367,33.4159],[71.7862,33.3878],[71.8324,33.4091],[71.8669,33.4118],[71.8674,33.445],[71.8929,33.4619],[71.906,33.4849],[71.9474,33.5074],[71.9671,33.5366],[71.952,33.5705],[71.9784,33.5868],[71.9812,33.6594],[71.9976,33.6769],[72.01,33.7146],[71.9471,33.7333],[71.9197,33.7241],[71.8893,33.7041],[71.8564,33.6959],[71.8132,33.6981],[71.7793,33.6801],[71.8042,33.6454],[71.8317,33.6383],[71.8332,33.6096],[71.7823,33.5961],[71.6746,33.5473],[71.6684,33.5206],[71.6519,33.5085],[71.6327,33.5112],[71.6135,33.5],[71.6139,33.4531],[71.6302,33.4441]]]]}},{"type":"Feature","properties":{"province_name":"Khyber Pakhtunkhwa","district_name":"Kohat","tehsil_name":"Darra Adam Khel","tehsil_code":"PK51404","area_km2":453.306622287702},"geometry":{"type":"MultiPolygon","coordinates":[[[[71.503,33.7512],[71.4499,33.7537],[71.4187,33.7487],[71.3495,33.7641],[71.3526,33.7282],[71.3843,33.7168],[71.3803,33.6972],[71.412,33.677],[71.3952,33.6514],[71.4204,33.6432],[71.4281,33.6549],[71.4776,33.6378],[71.5076,33.6327],[71.5519,33.6455],[71.5842,33.6329],[71.615,33.635],[71.6407,33.6463],[71.651,33.6111],[71.6045,33.5909],[71.5759,33.5841],[71.5717,33.57],[71.6042,33.5413],[71.6593,33.5553],[71.6746,33.5473],[71.7823,33.5961],[71.8332,33.6096],[71.8317,33.6383],[71.8042,33.6454],[71.7793,33.6801],[71.751,33.6926],[71.742,33.6709],[71.6899,33.6572],[71.6804,33.6809],[71.7036,33.6987],[71.687,33.7106],[71.6643,33.6972],[71.6462,33.6984],[71.6144,33.6842],[71.5717,33.6869],[71.5455,33.7049],[71.5436,33.7279],[71.503,33.7512]]]]}},{"type":"Feature","properties":{"province_name":"Khyber Pakhtunkhwa","district_name":"Kohistan Lower","tehsil_name":"Pattan","tehsil_code":"PK51501","area_km2":365.6777894076755},"geometry":{"type":"MultiPolygon","coordinates":[[[[73.1786,35.2386],[73.1562,35.2346],[73.1234,35.2511],[73.0958,35.2503],[73.0584,35.259],[73.0434,35.2786],[73.0513,35.305],[73.0312,35.3071],[73.0073,35.325],[72.9795,35.3272],[72.9103,35.2789],[72.8977,35.2532],[72.9398,35.2269],[72.956,35.2053],[72.9198,35.1462],[72.9198,35.1126],[72.9475,35.098],[72.9429,35.0394],[72.9658,35.07],[72.9932,35.0893],[72.9968,35.1042],[73.0244,35.1196],[73.0484,35.1173],[73.0631,35.1352],[73.0998,35.155],[73.1147,35.1842],[73.1339,35.2053],[73.1786,35.2386]]]]}},{"type":"Feature","properties":{"province_name":"Khyber Pakhtunkhwa","district_name":"Kohistan Lower","tehsil_name":"Bankad","tehsil_code":"PK51502","area_km2":459.73256373049054},"geometry":{"type":"MultiPolygon","coordinates":[[[[72.8977,35.2532],[72.8867,35.2431],[72.8421,35.2514],[72.8016,35.2464],[72.7605,35.2662],[72.724,35.2596],[72.7253,35.2417],[72.7047,35.2211],[72.6863,35.1798],[72.7228,35.1588],[72.7548,35.1544],[72.7932,35.1115],[72.7894,35.058],[72.8117,35.026],[72.8101,34.9951],[72.8191,34.9845],[72.8407,34.9764],[72.872,34.9831],[72.9059,34.9707],[72.905,35.0019],[72.8878,35.0244],[72.9108,35.0399],[72.9429,35.0394],[72.9475,35.098],[72.9198,35.1126],[72.9198,35.1462],[72.956,35.2053],[72.9398,35.2269],[72.8977,35.2532]]]]}},{"type":"Feature","properties":{"province_name":"Khyber Pakhtunkhwa","district_name":"Kohistan Upper","tehsil_name":"Dassu","tehsil_code":"PK51601","area_km2":1756.6150444882269},"geometry":{"type":"MultiPolygon","coordinates":[[[[73.7039,35.2852],[73.6581,35.28],[73.6079,35.267],[73.5715,35.2685],[73.5295,35.2837],[73.5165,35.2976],[73.5156,35.3278],[73.4797,35.3553],[73.4647,35.3991],[73.4189,35.4218],[73.398,35.457],[73.3724,35.4825],[73.3996,35.5004],[73.3244,35.4756],[73.3262,35.4584],[73.3164,35.423],[73.2894,35.3629],[73.2856,35.307],[73.27,35.2652],[73.2854,35.2603],[73.2511,35.2207],[73.2074,35.1905],[73.1763,35.1994],[73.1712,35.1881],[73.198,35.1657],[73.206,35.1388],[73.2025,35.119],[73.213,35.1031],[73.2919,35.109],[73.3243,35.0913],[73.3528,35.0938],[73.3784,35.0872],[73.3913,35.067],[73.4141,35.0705],[73.4547,35.0954],[73.4946,35.1051],[73.5139,35.0956],[73.5412,35.0698],[73.6004,35.0418],[73.6332,35.0193],[73.6298,35.0008],[73.639,34.9862],[73.6625,34.9809],[73.6845,35.0183],[73.7108,35.0274],[73.7459,35.0168],[73.782,35.0209],[73.8173,35.0035],[73.844,35.0345],[73.8464,35.0863],[73.8634,35.1041],[73.9125,35.0984],[73.9381,35.1104],[73.9551,35.136],[73.9491,35.157],[73.9597,35.1819],[73.9303,35.2031],[73.8911,35.2117],[73.8497,35.2078],[73.8046,35.2361],[73.7811,35.2406],[73.7305,35.2197],[73.7214,35.2294],[73.7039,35.2852]]]]}},{"type":"Feature","properties":{"province_name":"Khyber Pakhtunkhwa","district_name":"Kohistan Upper","tehsil_name":"Kandia","tehsil_code":"PK51602","area_km2":2491.2673160803415},"geometry":{"type":"MultiPolygon","coordinates":[[[[73.493,35.5686],[73.4144,35.5733],[73.3475,35.5994],[73.2958,35.6075],[73.2303,35.6439],[73.1989,35.67],[73.1572,35.6903],[73.1361,35.7089],[73.1172,35.7383],[73.1119,35.7708],[73.1244,35.8377],[73.0925,35.8603],[73.0636,35.8628],[73.0364,35.8506],[72.9764,35.8339],[72.8917,35.8414],[72.8111,35.8572],[72.7644,35.8389],[72.7325,35.8318],[72.7147,35.8089],[72.7084,35.762],[72.7366,35.7548],[72.7575,35.7281],[72.7643,35.7049],[72.7962,35.6789],[72.8113,35.6229],[72.8213,35.6077],[72.8153,35.5785],[72.7703,35.5696],[72.7553,35.5588],[72.7821,35.5393],[72.7618,35.5142],[72.7569,35.493],[72.7355,35.4746],[72.7602,35.463],[72.7504,35.4414],[72.721,35.4177],[72.7288,35.4017],[72.7576,35.3814],[72.7812,35.3796],[72.7835,35.3554],[72.7605,35.2662],[72.8016,35.2464],[72.8421,35.2514],[72.8867,35.2431],[72.8977,35.2532],[72.9103,35.2789],[72.9795,35.3272],[73.0073,35.325],[73.0246,35.3394],[73.0466,35.3403],[73.0562,35.3675],[73.0769,35.3779],[73.1002,35.4103],[73.1551,35.4185],[73.1962,35.4146],[73.239,35.4449],[73.2502,35.46],[73.2783,35.4673],[73.2917,35.4894],[73.3244,35.4756],[73.3996,35.5004],[73.4586,35.548],[73.493,35.5686]]]]}},{"type":"Feature","properties":{"province_name":"Khyber Pakhtunkhwa","district_name":"Kohistan Upper","tehsil_name":"Harban Basha","tehsil_code":"PK51603","area_km2":765.9885824875819},"geometry":{"type":"MultiPolygon","coordinates":[[[[73.5798,35.5536],[73.5347,35.5533],[73.493,35.5686],[73.4586,35.548],[73.3996,35.5004],[73.3724,35.4825],[73.398,35.457],[73.4189,35.4218],[73.4647,35.3991],[73.4797,35.3553],[73.5156,35.3278],[73.5165,35.2976],[73.5295,35.2837],[73.5715,35.2685],[73.6079,35.267],[73.6581,35.28],[73.7039,35.2852],[73.6978,35.3119],[73.6994,35.3839],[73.7094,35.4136],[73.7219,35.4275],[73.7672,35.4531],[73.803,35.5031],[73.7884,35.5169],[73.7417,35.5222],[73.7139,35.5322],[73.673,35.5328],[73.5798,35.5536]]]]}},{"type":"Feature","properties":{"province_name":"Khyber Pakhtunkhwa","district_name":"Kohistan Upper","tehsil_name":"Seo","tehsil_code":"PK51604","area_km2":486.9439467090024},"geometry":{"type":"MultiPolygon","coordinates":[[[[73.1763,35.1994],[73.2074,35.1905],[73.2511,35.2207],[73.2854,35.2603],[73.27,35.2652],[73.2856,35.307],[73.2894,35.3629],[73.3164,35.423],[73.3262,35.4584],[73.3244,35.4756],[73.2917,35.4894],[73.2783,35.4673],[73.2502,35.46],[73.239,35.4449],[73.1962,35.4146],[73.1551,35.4185],[73.1002,35.4103],[73.0769,35.3779],[73.0562,35.3675],[73.0466,35.3403],[73.0246,35.3394],[73.0073,35.325],[73.0312,35.3071],[73.0513,35.305],[73.0434,35.2786],[73.0584,35.259],[73.0958,35.2503],[73.1234,35.2511],[73.1562,35.2346],[73.1786,35.2386],[73.1866,35.2303],[73.1763,35.1994]]]]}},{"type":"Feature","properties":{"province_name":"Khyber Pakhtunkhwa","district_name":"Kolai Palas Kohistan","tehsil_name":"Palas","tehsil_code":"PK51701","area_km2":1113.0384003748547},"geometry":{"type":"MultiPolygon","coordinates":[[[[73.6298,35.0008],[73.6332,35.0193],[73.6004,35.0418],[73.5412,35.0698],[73.5139,35.0956],[73.4946,35.1051],[73.4547,35.0954],[73.4141,35.0705],[73.3913,35.067],[73.3784,35.0872],[73.3528,35.0938],[73.3243,35.0913],[73.2919,35.109],[73.213,35.1031],[73.2025,35.119],[73.206,35.1388],[73.198,35.1657],[73.1712,35.1881],[73.1763,35.1994],[73.1866,35.2303],[73.1786,35.2386],[73.1339,35.2053],[73.1147,35.1842],[73.0998,35.155],[73.0631,35.1352],[73.0484,35.1173],[73.0244,35.1196],[72.9968,35.1042],[72.9932,35.0893],[72.9658,35.07],[72.9638,35.0447],[72.9986,35.023],[73.0256,34.993],[73.0449,34.9878],[73.04,34.9654],[73.0835,34.9539],[73.1107,34.9279],[73.1802,34.9283],[73.2154,34.9386],[73.2218,34.9171],[73.247,34.9245],[73.3298,34.9225],[73.3986,34.9268],[73.4381,34.902],[73.4649,34.9043],[73.4896,34.8961],[73.5054,34.9168],[73.5404,34.9274],[73.5625,34.9798],[73.588,34.9972],[73.6298,35.0008]]]]}},{"type":"Feature","properties":{"province_name":"Khyber Pakhtunkhwa","district_name":"Kolai Palas Kohistan","tehsil_name":"Battera Kolai","tehsil_code":"PK51702","area_km2":120.25565560034396},"geometry":{"type":"MultiPolygon","coordinates":[[[[73.04,34.9654],[73.0449,34.9878],[73.0256,34.993],[72.9986,35.023],[72.9638,35.0447],[72.9658,35.07],[72.9429,35.0394],[72.9108,35.0399],[72.8878,35.0244],[72.905,35.0019],[72.9059,34.9707],[72.8813,34.9445],[72.8781,34.9185],[72.8898,34.9143],[72.9219,34.9385],[72.9582,34.9439],[72.9774,34.9556],[73.04,34.9654]]]]}},{"type":"Feature","properties":{"province_name":"Khyber Pakhtunkhwa","district_name":"Kurram","tehsil_name":"Central Kurram","tehsil_code":"PK51801","area_km2":1470.4694672865144},"geometry":{"type":"MultiPolygon","coordinates":[[[[70.4444,33.952],[70.4037,33.9629],[70.3263,33.9632],[70.2791,33.9803],[70.2401,33.9734],[70.2511,33.9619],[70.2393,33.9406],[70.2368,33.8819],[70.2873,33.8197],[70.3042,33.8128],[70.3319,33.8133],[70.3469,33.7941],[70.3683,33.7923],[70.3775,33.7778],[70.3734,33.7532],[70.3805,33.7348],[70.3396,33.6487],[70.3426,33.6199],[70.3779,33.5639],[70.4035,33.5473],[70.4586,33.4996],[70.4623,33.487],[70.5156,33.4245],[70.5053,33.4158],[70.5396,33.4239],[70.5687,33.4199],[70.5931,33.4281],[70.6283,33.4762],[70.6771,33.471],[70.6983,33.49],[70.7419,33.484],[70.7323,33.5269],[70.7464,33.5563],[70.7506,33.5846],[70.7337,33.5947],[70.753,33.6224],[70.7506,33.6456],[70.7014,33.6472],[70.6629,33.6667],[70.6317,33.6731],[70.6188,33.6852],[70.6181,33.7145],[70.5942,33.7253],[70.5854,33.7413],[70.6088,33.7755],[70.5762,33.7883],[70.5706,33.8421],[70.5427,33.8335],[70.5249,33.8531],[70.4961,33.8525],[70.4999,33.8833],[70.4663,33.8998],[70.4483,33.9011],[70.4444,33.952]]]]}},{"type":"Feature","properties":{"province_name":"Khyber Pakhtunkhwa","district_name":"Kurram","tehsil_name":"Lower Kurram","tehsil_code":"PK51802","area_km2":945.7240713043748},"geometry":{"type":"MultiPolygon","coordinates":[[[[70.5053,33.4158],[70.5156,33.4245],[70.4623,33.487],[70.4586,33.4996],[70.4035,33.5473],[70.3779,33.5639],[70.3426,33.6199],[70.3396,33.6487],[70.3805,33.7348],[70.3734,33.7532],[70.3775,33.7778],[70.3683,33.7923],[70.3469,33.7941],[70.3319,33.8133],[70.3042,33.8128],[70.259,33.7941],[70.2092,33.7896],[70.1932,33.7794],[70.1963,33.743],[70.1701,33.6732],[70.1546,33.6511],[70.197,33.6336],[70.1747,33.5474],[70.1736,33.5251],[70.2006,33.5016],[70.2148,33.4796],[70.2401,33.4734],[70.2585,33.433],[70.2879,33.432],[70.3154,33.3956],[70.3117,33.3743],[70.3242,33.3329],[70.3817,33.3529],[70.4052,33.3427],[70.4346,33.3539],[70.4555,33.3496],[70.4621,33.3332],[70.5011,33.3348],[70.5409,33.3483],[70.544,33.3583],[70.4999,33.3867],[70.5053,33.4158]]]]}},{"type":"Feature","properties":{"province_name":"Khyber Pakhtunkhwa","district_name":"Kurram","tehsil_name":"Upper Kurram","tehsil_code":"PK51803","area_km2":980.7617209558975},"geometry":{"type":"MultiPolygon","coordinates":[[[[70.2401,33.9734],[70.1983,33.9853],[70.1543,34.0083],[70.1002,34.0081],[70.0462,34.0367],[70.0017,34.049],[69.9871,34.0409],[69.9135,34.0379],[69.8975,34.0277],[69.9011,33.9933],[69.8767,33.9684],[69.8612,33.9399],[69.8657,33.9269],[69.9039,33.8903],[69.9163,33.8534],[69.9557,33.8167],[69.9698,33.7626],[70.0056,33.7335],[70.0351,33.7315],[70.0921,33.7166],[70.1168,33.7222],[70.137,33.7151],[70.1501,33.6953],[70.1472,33.6632],[70.1546,33.6511],[70.1701,33.6732],[70.1963,33.743],[70.1932,33.7794],[70.2092,33.7896],[70.259,33.7941],[70.3042,33.8128],[70.2873,33.8197],[70.2368,33.8819],[70.2393,33.9406],[70.2511,33.9619],[70.2401,33.9734]]]]}},{"type":"Feature","properties":{"province_name":"Khyber Pakhtunkhwa","district_name":"Lakki Marwat","tehsil_name":"Lakki Marwat","tehsil_code":"PK51901","area_km2":2311.000494260907},"geometry":{"type":"MultiPolygon","coordinates":[[[[71.1103,32.81],[71.0389,32.806],[71.0345,32.8126],[71.0042,32.7845],[70.9425,32.7674],[70.9493,32.7542],[70.9032,32.7415],[70.9102,32.7112],[70.9229,32.6921],[70.9783,32.6782],[70.8885,32.6561],[70.8971,32.6253],[70.8587,32.6338],[70.8487,32.6158],[70.7935,32.6286],[70.645,32.6206],[70.6327,32.6545],[70.5474,32.7357],[70.5287,32.7666],[70.4922,32.763],[70.4001,32.7288],[70.4098,32.6951],[70.4331,32.6759],[70.451,32.6456],[70.5,32.6022],[70.5494,32.5736],[70.5481,32.5614],[70.5971,32.5001],[70.6046,32.4751],[70.6157,32.4645],[70.5974,32.435],[70.657,32.3918],[70.6818,32.3966],[70.7066,32.3761],[70.7115,32.3496],[70.6692,32.3222],[70.6609,32.2899],[70.6729,32.2745],[70.705,32.2627],[70.7224,32.2754],[70.7427,32.2797],[70.7787,32.3044],[70.8129,32.298],[70.8473,32.3242],[70.9612,32.3566],[70.9735,32.3675],[71.0254,32.384],[71.0412,32.3844],[71.082,32.4042],[71.1482,32.4618],[71.175,32.4447],[71.232,32.512],[71.2489,32.5445],[71.1639,32.5991],[71.1676,32.6188],[71.134,32.6948],[71.1421,32.7286],[71.1217,32.7522],[71.1211,32.7751],[71.1103,32.81]]]]}},{"type":"Feature","properties":{"province_name":"Khyber Pakhtunkhwa","district_name":"Lakki Marwat","tehsil_name":"Sarai Naurang","tehsil_code":"PK51902","area_km2":842.0494099493327},"geometry":{"type":"MultiPolygon","coordinates":[[[[70.9549,32.8712],[70.9021,32.8565],[70.8878,32.8447],[70.8741,32.8785],[70.8553,32.874],[70.8308,32.8492],[70.7946,32.8675],[70.7795,32.8682],[70.7657,32.8451],[70.793,32.8167],[70.7556,32.8096],[70.7331,32.7967],[70.7169,32.7994],[70.7024,32.8096],[70.6989,32.8319],[70.6854,32.8425],[70.6641,32.8283],[70.6487,32.8318],[70.6299,32.8234],[70.5617,32.8417],[70.5606,32.8104],[70.5355,32.8065],[70.5287,32.7666],[70.5474,32.7357],[70.6327,32.6545],[70.645,32.6206],[70.7935,32.6286],[70.8487,32.6158],[70.8587,32.6338],[70.8971,32.6253],[70.8885,32.6561],[70.9783,32.6782],[70.9229,32.6921],[70.9102,32.7112],[70.9032,32.7415],[70.9493,32.7542],[70.9425,32.7674],[71.0042,32.7845],[71.0345,32.8126],[71,32.8136],[70.9657,32.8463],[70.9549,32.8712]]]]}},{"type":"Feature","properties":{"province_name":"Khyber Pakhtunkhwa","district_name":"Lakki Marwat","tehsil_name":"Bettani","tehsil_code":"PK51903","area_km2":186.51879705864977},"geometry":{"type":"MultiPolygon","coordinates":[[[[70.5,32.6022],[70.451,32.6456],[70.4331,32.6759],[70.4098,32.6951],[70.4001,32.7288],[70.3726,32.7076],[70.3461,32.7055],[70.3197,32.6856],[70.307,32.6589],[70.2839,32.6393],[70.3067,32.613],[70.3196,32.585],[70.3572,32.575],[70.4123,32.5803],[70.4442,32.5957],[70.4585,32.5922],[70.5,32.6022]]]]}},{"type":"Feature","properties":{"province_name":"Khyber Pakhtunkhwa","district_name":"Lower Dir","tehsil_name":"Adenzai","tehsil_code":"PK52001","area_km2":436.52788686791274},"geometry":{"type":"MultiPolygon","coordinates":[[[[72.187,34.7887],[72.193,34.8014],[72.172,34.8314],[72.1476,34.8452],[72.1279,34.8669],[72.0889,34.8393],[72.0676,34.8335],[72.0424,34.8383],[72.0136,34.8058],[71.9751,34.8021],[71.9643,34.7918],[71.954,34.7368],[71.9405,34.7207],[71.8778,34.6897],[71.8284,34.6528],[71.8059,34.6306],[71.8346,34.6134],[71.8898,34.6246],[71.9178,34.6168],[72.0111,34.6215],[72.0106,34.6411],[72.0932,34.6695],[72.1107,34.6965],[72.1171,34.7397],[72.1393,34.7639],[72.187,34.7887]]]]}},{"type":"Feature","properties":{"province_name":"Khyber Pakhtunkhwa","district_name":"Lower Dir","tehsil_name":"Balambat","tehsil_code":"PK52002","area_km2":248.71251171524352},"geometry":{"type":"MultiPolygon","coordinates":[[[[72.0424,34.8383],[72.028,34.8416],[71.9689,34.8857],[71.9652,34.9014],[71.9461,34.9192],[71.9169,34.9268],[71.9287,34.9786],[71.9093,34.9937],[71.851,34.9344],[71.8158,34.9237],[71.7625,34.8923],[71.7548,34.8785],[71.7505,34.858],[71.782,34.8474],[71.7785,34.8313],[71.7928,34.8193],[71.8005,34.7937],[71.8119,34.799],[71.832,34.8319],[71.8753,34.87],[71.9184,34.8652],[71.9335,34.836],[71.9431,34.7948],[71.9643,34.7918],[71.9751,34.8021],[72.0136,34.8058],[72.0424,34.8383]]]]}},{"type":"Feature","properties":{"province_name":"Khyber Pakhtunkhwa","district_name":"Lower Dir","tehsil_name":"Lalqila","tehsil_code":"PK52003","area_km2":213.0612183411461},"geometry":{"type":"MultiPolygon","coordinates":[[[[71.8256,35.0697],[71.7935,35.0554],[71.7534,35.051],[71.7257,35.0274],[71.735,34.9813],[71.7283,34.9561],[71.7448,34.9438],[71.7397,34.9114],[71.7625,34.8923],[71.8158,34.9237],[71.851,34.9344],[71.9093,34.9937],[71.8933,35.0277],[71.8724,35.0455],[71.8397,35.0674],[71.8256,35.0697]]]]}},{"type":"Feature","properties":{"province_name":"Khyber Pakhtunkhwa","district_name":"Lower Dir","tehsil_name":"Munda","tehsil_code":"PK52004","area_km2":105.66596924022522},"geometry":{"type":"MultiPolygon","coordinates":[[[[71.8005,34.7937],[71.7928,34.8193],[71.7785,34.8313],[71.782,34.8474],[71.7505,34.858],[71.7548,34.8785],[71.7166,34.8701],[71.6952,34.8587],[71.6093,34.8528],[71.6151,34.8205],[71.6244,34.814],[71.688,34.8113],[71.7074,34.798],[71.732,34.7995],[71.7625,34.7868],[71.7809,34.7661],[71.793,34.7706],[71.8005,34.7937]]]]}},{"type":"Feature","properties":{"province_name":"Khyber Pakhtunkhwa","district_name":"Lower Dir","tehsil_name":"Samarbagh","tehsil_code":"PK52005","area_km2":313.0243427829748},"geometry":{"type":"MultiPolygon","coordinates":[[[[71.7257,35.0274],[71.6772,35.0325],[71.6417,35.0266],[71.6228,35.0381],[71.6025,35.0312],[71.5546,35.0295],[71.5521,35.0191],[71.5176,35.0042],[71.5103,34.985],[71.5561,34.9462],[71.5836,34.9095],[71.6093,34.8528],[71.6952,34.8587],[71.7166,34.8701],[71.7548,34.8785],[71.7625,34.8923],[71.7397,34.9114],[71.7448,34.9438],[71.7283,34.9561],[71.735,34.9813],[71.7257,35.0274]]]]}},{"type":"Feature","properties":{"province_name":"Khyber Pakhtunkhwa","district_name":"Lower Dir","tehsil_name":"Timergara","tehsil_code":"PK52006","area_km2":289.1613308439336},"geometry":{"type":"MultiPolygon","coordinates":[[[[71.9643,34.7918],[71.9431,34.7948],[71.9335,34.836],[71.9184,34.8652],[71.8753,34.87],[71.832,34.8319],[71.8119,34.799],[71.8005,34.7937],[71.793,34.7706],[71.7706,34.7349],[71.7678,34.6768],[71.7618,34.6619],[71.7601,34.656],[71.8059,34.6306],[71.8284,34.6528],[71.8778,34.6897],[71.9405,34.7207],[71.954,34.7368],[71.9643,34.7918]]]]}},{"type":"Feature","properties":{"province_name":"Khyber Pakhtunkhwa","district_name":"Malakand","tehsil_name":"Bat Khela","tehsil_code":"PK52101","area_km2":684.5904660563334},"geometry":{"type":"MultiPolygon","coordinates":[[[[72.2166,34.5679],[72.1765,34.5751],[72.1527,34.5729],[72.1361,34.583],[72.1323,34.6023],[72.1159,34.6192],[72.1266,34.665],[72.0932,34.6695],[72.0106,34.6411],[72.0111,34.6215],[71.9178,34.6168],[71.8898,34.6246],[71.8346,34.6134],[71.8059,34.6306],[71.7601,34.656],[71.7486,34.646],[71.7238,34.6466],[71.713,34.6311],[71.6789,34.6189],[71.6795,34.599],[71.6669,34.58],[71.6705,34.5613],[71.6418,34.5363],[71.6546,34.5248],[71.6604,34.468],[71.6934,34.4593],[71.7062,34.4467],[71.7399,34.4572],[71.7567,34.4542],[71.7806,34.477],[71.8032,34.5079],[71.8146,34.4973],[71.8539,34.5211],[71.8814,34.5281],[71.9306,34.5263],[71.9833,34.5106],[72.0182,34.5294],[72.0626,34.4972],[72.0903,34.493],[72.1123,34.5215],[72.132,34.5316],[72.175,34.5275],[72.2029,34.5132],[72.2353,34.5374],[72.2166,34.5679]]]]}},{"type":"Feature","properties":{"province_name":"Khyber Pakhtunkhwa","district_name":"Malakand","tehsil_name":"Dargai","tehsil_code":"PK52102","area_km2":221.96037457378537},"geometry":{"type":"MultiPolygon","coordinates":[[[[71.9833,34.5106],[71.9306,34.5263],[71.8814,34.5281],[71.8539,34.5211],[71.8146,34.4973],[71.8032,34.5079],[71.7806,34.477],[71.7567,34.4542],[71.7698,34.4125],[71.7974,34.4065],[71.8324,34.3644],[71.8302,34.3724],[71.864,34.3894],[71.8898,34.3909],[71.892,34.409],[71.9201,34.4319],[71.9526,34.4389],[71.963,34.472],[71.9575,34.4886],[71.9833,34.5106]]]]}},{"type":"Feature","properties":{"province_name":"Khyber Pakhtunkhwa","district_name":"Mansehra","tehsil_name":"Bala Kot","tehsil_code":"PK52201","area_km2":2309.1942394381313},"geometry":{"type":"MultiPolygon","coordinates":[[[[74.1159,35.1231],[74.095,35.1453],[74.0744,35.1508],[74.05,35.1419],[74.0278,35.1456],[73.9947,35.1764],[73.9597,35.1819],[73.9491,35.157],[73.9551,35.136],[73.9381,35.1104],[73.9125,35.0984],[73.8634,35.1041],[73.8464,35.0863],[73.844,35.0345],[73.8173,35.0035],[73.782,35.0209],[73.7459,35.0168],[73.7108,35.0274],[73.6845,35.0183],[73.6625,34.9809],[73.639,34.9862],[73.6298,35.0008],[73.588,34.9972],[73.5625,34.9798],[73.5404,34.9274],[73.5054,34.9168],[73.4896,34.8961],[73.4972,34.869],[73.4793,34.8611],[73.4411,34.8274],[73.4403,34.8046],[73.4037,34.7997],[73.3855,34.7899],[73.3941,34.7748],[73.3615,34.7501],[73.3662,34.7117],[73.3445,34.6708],[73.3205,34.6557],[73.3137,34.6487],[73.3054,34.5983],[73.294,34.5805],[73.3026,34.539],[73.3241,34.5348],[73.3495,34.5159],[73.3257,34.5062],[73.3279,34.4777],[73.3371,34.4666],[73.3376,34.4374],[73.3476,34.3938],[73.3144,34.3401],[73.3276,34.3243],[73.3615,34.3694],[73.3982,34.3741],[73.4069,34.4244],[73.4242,34.4587],[73.4322,34.4792],[73.4428,34.555],[73.4647,34.5719],[73.5194,34.5725],[73.5817,34.5878],[73.625,34.5639],[73.6445,34.571],[73.6544,34.5869],[73.6744,34.6458],[73.6611,34.6842],[73.6728,34.7033],[73.7091,34.7322],[73.7205,34.7672],[73.7603,34.7994],[73.7994,34.8036],[73.8339,34.8269],[73.8983,34.8247],[73.9372,34.8494],[73.9864,34.8705],[74.0155,34.9184],[74.0517,34.9556],[74.0558,34.9961],[74.0874,35.0249],[74.0622,35.0606],[74.0614,35.0806],[74.0822,35.1056],[74.1159,35.1231]]]]}},{"type":"Feature","properties":{"province_name":"Khyber Pakhtunkhwa","district_name":"Mansehra","tehsil_name":"Mansehra","tehsil_code":"PK52202","area_km2":837.9817247262482},"geometry":{"type":"MultiPolygon","coordinates":[[[[73.3279,34.4777],[73.3064,34.4525],[73.293,34.4153],[73.2343,34.3944],[73.2174,34.376],[73.1656,34.3908],[73.1924,34.4036],[73.2118,34.4223],[73.2089,34.4481],[73.2209,34.4683],[73.1914,34.4705],[73.1976,34.4986],[73.2141,34.5155],[73.2096,34.5525],[73.2197,34.583],[73.1952,34.594],[73.19,34.6103],[73.166,34.6377],[73.16,34.6746],[73.1106,34.6437],[73.1019,34.5979],[73.0888,34.5669],[73.0923,34.5488],[73.1128,34.5384],[73.119,34.5169],[73.1023,34.5007],[73.0987,34.4821],[73.0796,34.4734],[73.0863,34.4367],[73.0544,34.4069],[73.003,34.3959],[73.0101,34.3452],[72.9404,34.322],[72.9204,34.296],[72.9255,34.2819],[72.8997,34.2631],[72.9127,34.2489],[72.9751,34.2283],[72.9901,34.2104],[73.0093,34.2319],[73.0271,34.2639],[73.0751,34.2318],[73.0974,34.2321],[73.1374,34.2508],[73.1914,34.2284],[73.212,34.2851],[73.2558,34.2789],[73.2853,34.3023],[73.3276,34.3243],[73.3144,34.3401],[73.3476,34.3938],[73.3376,34.4374],[73.3371,34.4666],[73.3279,34.4777]]]]}},{"type":"Feature","properties":{"province_name":"Khyber Pakhtunkhwa","district_name":"Mansehra","tehsil_name":"Oghi","tehsil_code":"PK52203","area_km2":370.1655190951049},"geometry":{"type":"MultiPolygon","coordinates":[[[[73.0888,34.5669],[73.0737,34.5585],[73.037,34.56],[73.0237,34.5886],[73.0006,34.5895],[72.9895,34.5751],[72.9647,34.5798],[72.9391,34.565],[72.9411,34.5456],[72.8925,34.5007],[72.8857,34.4749],[72.904,34.4623],[72.9038,34.4245],[72.9334,34.3712],[72.9084,34.3345],[72.9404,34.322],[73.0101,34.3452],[73.003,34.3959],[73.0544,34.4069],[73.0863,34.4367],[73.0796,34.4734],[73.0987,34.4821],[73.1023,34.5007],[73.119,34.5169],[73.1128,34.5384],[73.0923,34.5488],[73.0888,34.5669]]]]}},{"type":"Feature","properties":{"province_name":"Khyber Pakhtunkhwa","district_name":"Mansehra","tehsil_name":"Baffa Pakhal","tehsil_code":"PK52204","area_km2":376.2769459660183},"geometry":{"type":"MultiPolygon","coordinates":[[[[73.3205,34.6557],[73.2791,34.7102],[73.2587,34.7091],[73.2199,34.7393],[73.2015,34.7191],[73.1954,34.6942],[73.16,34.6746],[73.166,34.6377],[73.19,34.6103],[73.1952,34.594],[73.2197,34.583],[73.2096,34.5525],[73.2141,34.5155],[73.1976,34.4986],[73.1914,34.4705],[73.2209,34.4683],[73.2089,34.4481],[73.2118,34.4223],[73.1924,34.4036],[73.1656,34.3908],[73.2174,34.376],[73.2343,34.3944],[73.293,34.4153],[73.3064,34.4525],[73.3279,34.4777],[73.3257,34.5062],[73.3495,34.5159],[73.3241,34.5348],[73.3026,34.539],[73.294,34.5805],[73.3054,34.5983],[73.3137,34.6487],[73.3205,34.6557]]]]}},{"type":"Feature","properties":{"province_name":"Khyber Pakhtunkhwa","district_name":"Mansehra","tehsil_name":"Darband","tehsil_code":"PK52205","area_km2":151.63667437217055},"geometry":{"type":"MultiPolygon","coordinates":[[[[72.9404,34.322],[72.9084,34.3345],[72.9334,34.3712],[72.9038,34.4245],[72.904,34.4623],[72.8857,34.4749],[72.8682,34.4485],[72.848,34.4536],[72.8328,34.4317],[72.8178,34.4273],[72.8234,34.3881],[72.8205,34.3666],[72.8564,34.3261],[72.8516,34.3051],[72.8618,34.2905],[72.8864,34.2854],[72.8997,34.2631],[72.9255,34.2819],[72.9204,34.296],[72.9404,34.322]]]]}},{"type":"Feature","properties":{"province_name":"Khyber Pakhtunkhwa","district_name":"Mardan","tehsil_name":"Katlang","tehsil_code":"PK52301","area_km2":385.90776861872234},"geometry":{"type":"MultiPolygon","coordinates":[[[[72.2029,34.5132],[72.175,34.5275],[72.132,34.5316],[72.1123,34.5215],[72.0903,34.493],[72.0626,34.4972],[72.0182,34.5294],[71.9833,34.5106],[71.9575,34.4886],[71.963,34.472],[72.0061,34.4698],[72.0127,34.4548],[72.0401,34.444],[72.0467,34.4215],[72.039,34.3958],[72.0219,34.3799],[71.9885,34.3804],[71.9723,34.3653],[71.9816,34.3408],[72.0118,34.3313],[72.0356,34.3002],[72.0879,34.3061],[72.0989,34.2916],[72.1175,34.2963],[72.1347,34.3126],[72.1309,34.3589],[72.1835,34.4087],[72.2043,34.4138],[72.2387,34.4449],[72.2236,34.4543],[72.2243,34.4925],[72.2029,34.5132]]]]}},{"type":"Feature","properties":{"province_name":"Khyber Pakhtunkhwa","district_name":"Mardan","tehsil_name":"Mardan","tehsil_code":"PK52302","area_km2":242.6146554271059},"geometry":{"type":"MultiPolygon","coordinates":[[[[72.0989,34.2916],[72.0879,34.3061],[72.0356,34.3002],[72.0528,34.2635],[72.0392,34.2244],[71.9829,34.2157],[71.902,34.2147],[71.9146,34.1774],[71.9304,34.1494],[71.9437,34.1408],[71.9765,34.1327],[72.0198,34.131],[72.0352,34.0804],[72.0669,34.0764],[72.088,34.0834],[72.1157,34.0805],[72.1293,34.0761],[72.1196,34.1529],[72.1052,34.1545],[72.064,34.1428],[72.0347,34.1551],[72.052,34.1821],[72.0943,34.1929],[72.0927,34.2152],[72.1098,34.2251],[72.1154,34.252],[72.0989,34.2916]]]]}},{"type":"Feature","properties":{"province_name":"Khyber Pakhtunkhwa","district_name":"Mardan","tehsil_name":"Takht Bhai","tehsil_code":"PK52303","area_km2":400.0128295287282},"geometry":{"type":"MultiPolygon","coordinates":[[[[72.0356,34.3002],[72.0118,34.3313],[71.9816,34.3408],[71.9723,34.3653],[71.9885,34.3804],[72.0219,34.3799],[72.039,34.3958],[72.0467,34.4215],[72.0401,34.444],[72.0127,34.4548],[72.0061,34.4698],[71.963,34.472],[71.9526,34.4389],[71.9201,34.4319],[71.892,34.409],[71.8898,34.3909],[71.864,34.3894],[71.8302,34.3724],[71.8324,34.3644],[71.8212,34.318],[71.8327,34.2824],[71.8418,34.2644],[71.8822,34.2566],[71.902,34.2147],[71.9829,34.2157],[72.0392,34.2244],[72.0528,34.2635],[72.0356,34.3002]]]]}},{"type":"Feature","properties":{"province_name":"Khyber Pakhtunkhwa","district_name":"Mardan","tehsil_name":"Rustam","tehsil_code":"PK52304","area_km2":406.6673663465979},"geometry":{"type":"MultiPolygon","coordinates":[[[[72.4129,34.4095],[72.396,34.4097],[72.3717,34.434],[72.334,34.4405],[72.2855,34.4356],[72.2767,34.4283],[72.2387,34.4449],[72.2043,34.4138],[72.1835,34.4087],[72.1309,34.3589],[72.1347,34.3126],[72.1175,34.2963],[72.1424,34.2623],[72.2149,34.254],[72.2285,34.2423],[72.2679,34.2585],[72.3269,34.247],[72.3164,34.2738],[72.3379,34.3018],[72.3328,34.3229],[72.3522,34.3402],[72.3778,34.3399],[72.387,34.3526],[72.4319,34.3806],[72.4295,34.3825],[72.4129,34.4095]]]]}},{"type":"Feature","properties":{"province_name":"Khyber Pakhtunkhwa","district_name":"Mardan","tehsil_name":"Garhi Kapura","tehsil_code":"PK52305","area_km2":203.1820139340812},"geometry":{"type":"MultiPolygon","coordinates":[[[[72.2285,34.2423],[72.2149,34.254],[72.1424,34.2623],[72.1175,34.2963],[72.0989,34.2916],[72.1154,34.252],[72.1098,34.2251],[72.0927,34.2152],[72.0943,34.1929],[72.052,34.1821],[72.0347,34.1551],[72.064,34.1428],[72.1052,34.1545],[72.1196,34.1529],[72.1293,34.0761],[72.1515,34.0916],[72.1999,34.0909],[72.2058,34.1219],[72.2029,34.1611],[72.212,34.1759],[72.2056,34.2056],[72.2198,34.213],[72.2285,34.2423]]]]}},{"type":"Feature","properties":{"province_name":"Khyber Pakhtunkhwa","district_name":"Mohmand","tehsil_name":"Ambar","tehsil_code":"PK52401","area_km2":232.88743326507768},"geometry":{"type":"MultiPolygon","coordinates":[[[[71.5495,34.6735],[71.5247,34.6782],[71.4812,34.659],[71.4524,34.6751],[71.4163,34.6738],[71.3922,34.6595],[71.3523,34.6472],[71.3762,34.6315],[71.3881,34.5984],[71.4176,34.5811],[71.4099,34.5609],[71.4244,34.5499],[71.4263,34.5209],[71.4618,34.5102],[71.5179,34.5139],[71.536,34.5039],[71.5676,34.5168],[71.5823,34.5073],[71.5433,34.5443],[71.5315,34.6233],[71.5606,34.6556],[71.5495,34.6735]]]]}},{"type":"Feature","properties":{"province_name":"Khyber Pakhtunkhwa","district_name":"Mohmand","tehsil_name":"Baizai","tehsil_code":"PK52402","area_km2":400.0586181760547},"geometry":{"type":"MultiPolygon","coordinates":[[[[71.2224,34.4756],[71.2036,34.4989],[71.215,34.5368],[71.2014,34.565],[71.1783,34.5739],[71.191,34.6002],[71.1892,34.6204],[71.1196,34.6728],[71.0984,34.6811],[71.0959,34.6609],[71.1106,34.63],[71.0871,34.5905],[71.0543,34.5769],[71.018,34.5732],[70.9956,34.5548],[70.9949,34.4915],[71.0068,34.4611],[71.0536,34.4275],[71.076,34.3958],[71.0989,34.3993],[71.2045,34.4336],[71.2224,34.4756]]]]}},{"type":"Feature","properties":{"province_name":"Khyber Pakhtunkhwa","district_name":"Mohmand","tehsil_name":"Halimzai","tehsil_code":"PK52403","area_km2":211.45546095220337},"geometry":{"type":"MultiPolygon","coordinates":[[[[71.4155,34.3144],[71.4252,34.3447],[71.4214,34.37],[71.3953,34.3764],[71.3807,34.4005],[71.3953,34.4163],[71.4235,34.4149],[71.4111,34.4441],[71.3769,34.4623],[71.3718,34.4864],[71.3303,34.4775],[71.3182,34.4873],[71.3018,34.4833],[71.3076,34.4442],[71.2642,34.42],[71.2519,34.4063],[71.2583,34.3824],[71.2328,34.361],[71.2737,34.3574],[71.2936,34.3486],[71.3257,34.3121],[71.3606,34.307],[71.4155,34.3144]]]]}},{"type":"Feature","properties":{"province_name":"Khyber Pakhtunkhwa","district_name":"Mohmand","tehsil_name":"Khwazai","tehsil_code":"PK52404","area_km2":117.57962620343427},"geometry":{"type":"MultiPolygon","coordinates":[[[[71.2519,34.4063],[71.2621,34.4389],[71.2497,34.4605],[71.2224,34.4756],[71.2045,34.4336],[71.0989,34.3993],[71.076,34.3958],[71.0873,34.3891],[71.1695,34.3636],[71.1688,34.3359],[71.2106,34.3309],[71.2328,34.361],[71.2583,34.3824],[71.2519,34.4063]]]]}},{"type":"Feature","properties":{"province_name":"Khyber Pakhtunkhwa","district_name":"Mohmand","tehsil_name":"Pandiali","tehsil_code":"PK52405","area_km2":455.2475968139956},"geometry":{"type":"MultiPolygon","coordinates":[[[[71.3523,34.6472],[71.3224,34.657],[71.3057,34.6563],[71.2925,34.6314],[71.3086,34.5866],[71.2889,34.5655],[71.3185,34.4998],[71.3182,34.4873],[71.3303,34.4775],[71.3718,34.4864],[71.3769,34.4623],[71.4111,34.4441],[71.4235,34.4149],[71.3953,34.4163],[71.3807,34.4005],[71.3953,34.3764],[71.4214,34.37],[71.4252,34.3447],[71.4155,34.3144],[71.4484,34.2772],[71.4605,34.2742],[71.491,34.2441],[71.515,34.2416],[71.5383,34.2631],[71.5335,34.3087],[71.563,34.3364],[71.5638,34.3374],[71.5534,34.3517],[71.5219,34.352],[71.5098,34.3734],[71.5161,34.3964],[71.4965,34.4117],[71.49,34.4747],[71.5228,34.4891],[71.536,34.5039],[71.5179,34.5139],[71.4618,34.5102],[71.4263,34.5209],[71.4244,34.5499],[71.4099,34.5609],[71.4176,34.5811],[71.3881,34.5984],[71.3762,34.6315],[71.3523,34.6472]]]]}},{"type":"Feature","properties":{"province_name":"Khyber Pakhtunkhwa","district_name":"Mohmand","tehsil_name":"Prang Ghar","tehsil_code":"PK52406","area_km2":257.34963449051736},"geometry":{"type":"MultiPolygon","coordinates":[[[[71.6418,34.5363],[71.6249,34.5196],[71.5823,34.5073],[71.5676,34.5168],[71.536,34.5039],[71.5228,34.4891],[71.49,34.4747],[71.4965,34.4117],[71.5161,34.3964],[71.5098,34.3734],[71.5219,34.352],[71.5534,34.3517],[71.5638,34.3374],[71.59,34.3652],[71.6266,34.3576],[71.6255,34.3779],[71.6557,34.3881],[71.6573,34.4145],[71.7062,34.4467],[71.6934,34.4593],[71.6604,34.468],[71.6546,34.5248],[71.6418,34.5363]]]]}},{"type":"Feature","properties":{"province_name":"Khyber Pakhtunkhwa","district_name":"Mohmand","tehsil_name":"Safi","tehsil_code":"PK52407","area_km2":321.8038202375721},"geometry":{"type":"MultiPolygon","coordinates":[[[[71.2234,34.7236],[71.2084,34.705],[71.1819,34.7159],[71.1728,34.731],[71.1367,34.7095],[71.1145,34.7105],[71.0984,34.6811],[71.1196,34.6728],[71.1892,34.6204],[71.191,34.6002],[71.1783,34.5739],[71.2014,34.565],[71.215,34.5368],[71.2036,34.4989],[71.2224,34.4756],[71.2497,34.4605],[71.2621,34.4389],[71.2519,34.4063],[71.2642,34.42],[71.3076,34.4442],[71.3018,34.4833],[71.3182,34.4873],[71.3185,34.4998],[71.2889,34.5655],[71.3086,34.5866],[71.2925,34.6314],[71.3057,34.6563],[71.2692,34.6552],[71.2731,34.6763],[71.2234,34.7236]]]]}},{"type":"Feature","properties":{"province_name":"Khyber Pakhtunkhwa","district_name":"Mohmand","tehsil_name":"Yaka Ghund","tehsil_code":"PK52408","area_km2":266.3462981690039},"geometry":{"type":"MultiPolygon","coordinates":[[[[71.4155,34.3144],[71.3606,34.307],[71.3257,34.3121],[71.2936,34.3486],[71.2737,34.3574],[71.2328,34.361],[71.2106,34.3309],[71.2422,34.3278],[71.2655,34.314],[71.3,34.2838],[71.3152,34.2602],[71.3015,34.2139],[71.2888,34.1954],[71.307,34.1922],[71.317,34.1708],[71.3486,34.1629],[71.4014,34.1691],[71.4123,34.1659],[71.4341,34.1904],[71.4906,34.2226],[71.491,34.2441],[71.4605,34.2742],[71.4484,34.2772],[71.4155,34.3144]]]]}},{"type":"Feature","properties":{"province_name":"Khyber Pakhtunkhwa","district_name":"North Waziristan","tehsil_name":"Data Khel","tehsil_code":"PK52501","area_km2":1155.5142007052186},"geometry":{"type":"MultiPolygon","coordinates":[[[[69.9224,33.1103],[69.8755,33.0957],[69.8288,33.1047],[69.7865,33.1275],[69.7668,33.1142],[69.7373,33.1098],[69.7217,33.093],[69.5801,33.0976],[69.5428,33.0591],[69.5071,33.029],[69.493,32.9662],[69.492,32.9427],[69.5151,32.8863],[69.5305,32.8612],[69.5008,32.8481],[69.4742,32.8511],[69.4613,32.8407],[69.4901,32.8164],[69.5113,32.8099],[69.5448,32.8142],[69.5846,32.8361],[69.6244,32.8398],[69.7025,32.825],[69.7653,32.8255],[69.8905,32.8212],[69.911,32.8053],[69.9178,32.8231],[69.9,32.8579],[69.9125,32.868],[69.913,32.9057],[69.9307,32.9333],[69.9226,32.9674],[69.8911,33.0037],[69.8995,33.0467],[69.926,33.0454],[69.9346,33.0745],[69.9224,33.1103]]]]}},{"type":"Feature","properties":{"province_name":"Khyber Pakhtunkhwa","district_name":"North Waziristan","tehsil_name":"Dossali","tehsil_code":"PK52502","area_km2":256.01599396803175},"geometry":{"type":"MultiPolygon","coordinates":[[[[70.1355,32.8873],[70.0953,32.9016],[70.0502,32.9071],[70.0213,32.8975],[69.9727,32.9042],[69.9643,32.8801],[69.9125,32.868],[69.9,32.8579],[69.9178,32.8231],[69.911,32.8053],[69.9157,32.7777],[69.9606,32.7922],[69.9701,32.7806],[70.0078,32.763],[70.0316,32.7795],[70.0782,32.7912],[70.1098,32.8072],[70.1386,32.8096],[70.1545,32.8197],[70.1382,32.8342],[70.1355,32.8873]]]]}},{"type":"Feature","properties":{"province_name":"Khyber Pakhtunkhwa","district_name":"North Waziristan","tehsil_name":"Garyum","tehsil_code":"PK52503","area_km2":334.45940447608075},"geometry":{"type":"MultiPolygon","coordinates":[[[[70.2614,32.73],[70.2644,32.7504],[70.3057,32.7717],[70.3209,32.7854],[70.3464,32.851],[70.2918,32.8116],[70.2379,32.8156],[70.158,32.7984],[70.1545,32.8197],[70.1386,32.8096],[70.1098,32.8072],[70.0782,32.7912],[70.0316,32.7795],[70.0078,32.763],[69.9701,32.7806],[69.9606,32.7922],[69.9157,32.7777],[69.9017,32.7624],[69.9185,32.7475],[69.956,32.7376],[69.9558,32.7181],[69.9805,32.7036],[70.0106,32.6865],[70.0422,32.6764],[70.1463,32.7313],[70.1706,32.7343],[70.197,32.7202],[70.2333,32.7307],[70.247,32.7234],[70.2614,32.73]]]]}},{"type":"Feature","properties":{"province_name":"Khyber Pakhtunkhwa","district_name":"North Waziristan","tehsil_name":"Ghulam Khan","tehsil_code":"PK52504","area_km2":203.77482111049224},"geometry":{"type":"MultiPolygon","coordinates":[[[[70.114,33.2114],[70.0673,33.2135],[70.0231,33.1433],[69.9459,33.1287],[69.9224,33.1103],[69.9346,33.0745],[69.926,33.0454],[69.9566,33.0314],[70.0006,33.0295],[70.0611,33.0555],[70.0455,33.0856],[70.0446,33.108],[70.1114,33.128],[70.1195,33.1226],[70.1271,33.131],[70.1382,33.1738],[70.114,33.2114]]]]}},{"type":"Feature","properties":{"province_name":"Khyber Pakhtunkhwa","district_name":"North Waziristan","tehsil_name":"Mir Ali","tehsil_code":"PK52505","area_km2":644.7011603508702},"geometry":{"type":"MultiPolygon","coordinates":[[[[70.4082,33.0147],[70.3805,33.0221],[70.3445,33.0146],[70.3087,33.0264],[70.2979,33.0497],[70.265,33.0629],[70.2645,33.0782],[70.2309,33.0885],[70.2221,33.1143],[70.232,33.1292],[70.2103,33.139],[70.1596,33.1362],[70.142,33.143],[70.1271,33.131],[70.1195,33.1226],[70.1332,33.0672],[70.149,33.0401],[70.1468,32.9968],[70.1139,32.9729],[70.1231,32.9562],[70.163,32.9147],[70.1355,32.8873],[70.1382,32.8342],[70.1545,32.8197],[70.158,32.7984],[70.2379,32.8156],[70.2918,32.8116],[70.3464,32.851],[70.3563,32.9107],[70.3823,32.9469],[70.4074,32.97],[70.391,32.9772],[70.4103,33.0012],[70.4082,33.0147]]]]}},{"type":"Feature","properties":{"province_name":"Khyber Pakhtunkhwa","district_name":"North Waziristan","tehsil_name":"Miran Shah","tehsil_code":"PK52506","area_km2":413.00013110978983},"geometry":{"type":"MultiPolygon","coordinates":[[[[70.1195,33.1226],[70.1114,33.128],[70.0446,33.108],[70.0455,33.0856],[70.0611,33.0555],[70.0006,33.0295],[69.9566,33.0314],[69.926,33.0454],[69.8995,33.0467],[69.8911,33.0037],[69.9226,32.9674],[69.9307,32.9333],[69.913,32.9057],[69.9125,32.868],[69.9643,32.8801],[69.9727,32.9042],[70.0213,32.8975],[70.0502,32.9071],[70.0953,32.9016],[70.1355,32.8873],[70.163,32.9147],[70.1231,32.9562],[70.1139,32.9729],[70.1468,32.9968],[70.149,33.0401],[70.1332,33.0672],[70.1195,33.1226]]]]}},{"type":"Feature","properties":{"province_name":"Khyber Pakhtunkhwa","district_name":"North Waziristan","tehsil_name":"Razmak","tehsil_code":"PK52507","area_km2":197.79655998790227},"geometry":{"type":"MultiPolygon","coordinates":[[[[69.911,32.8053],[69.8865,32.7961],[69.8453,32.8026],[69.8315,32.7693],[69.8099,32.759],[69.7804,32.7653],[69.7423,32.746],[69.7352,32.7171],[69.7588,32.6956],[69.8002,32.7001],[69.8153,32.691],[69.8414,32.6574],[69.8716,32.6588],[69.8831,32.6851],[69.9438,32.6789],[69.948,32.6901],[69.9805,32.7036],[69.9558,32.7181],[69.956,32.7376],[69.9185,32.7475],[69.9017,32.7624],[69.9157,32.7777],[69.911,32.8053]]]]}},{"type":"Feature","properties":{"province_name":"Khyber Pakhtunkhwa","district_name":"North Waziristan","tehsil_name":"Shewa","tehsil_code":"PK52508","area_km2":408.33101813814386},"geometry":{"type":"MultiPolygon","coordinates":[[[[70.5409,33.3483],[70.5011,33.3348],[70.4621,33.3332],[70.4555,33.3496],[70.4346,33.3539],[70.4052,33.3427],[70.3817,33.3529],[70.3242,33.3329],[70.2914,33.3278],[70.2781,33.3129],[70.2926,33.3088],[70.2952,33.2608],[70.3146,33.2566],[70.3144,33.2352],[70.3267,33.2231],[70.3622,33.242],[70.39,33.2291],[70.3919,33.2177],[70.4545,33.1918],[70.4863,33.1523],[70.519,33.1912],[70.6187,33.2316],[70.6269,33.2603],[70.6158,33.2715],[70.5698,33.2944],[70.5593,33.325],[70.5409,33.3483]]]]}},{"type":"Feature","properties":{"province_name":"Khyber Pakhtunkhwa","district_name":"North Waziristan","tehsil_name":"Spinwam","tehsil_code":"PK52509","area_km2":581.1834075729463},"geometry":{"type":"MultiPolygon","coordinates":[[[[70.2781,33.3129],[70.2335,33.2688],[70.1899,33.2414],[70.1681,33.2379],[70.1557,33.2212],[70.114,33.2114],[70.1382,33.1738],[70.1271,33.131],[70.142,33.143],[70.1596,33.1362],[70.2103,33.139],[70.232,33.1292],[70.2221,33.1143],[70.2309,33.0885],[70.2645,33.0782],[70.265,33.0629],[70.2979,33.0497],[70.3087,33.0264],[70.3445,33.0146],[70.3805,33.0221],[70.4082,33.0147],[70.4149,33.0576],[70.4569,33.1095],[70.4864,33.116],[70.4863,33.1523],[70.4545,33.1918],[70.3919,33.2177],[70.39,33.2291],[70.3622,33.242],[70.3267,33.2231],[70.3144,33.2352],[70.3146,33.2566],[70.2952,33.2608],[70.2926,33.3088],[70.2781,33.3129]]]]}},{"type":"Feature","properties":{"province_name":"Khyber Pakhtunkhwa","district_name":"North Waziristan","tehsil_name":"Shawal","tehsil_code":"PK52510","area_km2":732.0916081205282},"geometry":{"type":"MultiPolygon","coordinates":[[[[69.911,32.8053],[69.8905,32.8212],[69.7653,32.8255],[69.7025,32.825],[69.6244,32.8398],[69.5846,32.8361],[69.5448,32.8142],[69.5113,32.8099],[69.4901,32.8164],[69.4613,32.8407],[69.441,32.8145],[69.3952,32.7816],[69.3931,32.7613],[69.4151,32.7403],[69.4412,32.7278],[69.437,32.6862],[69.4512,32.6632],[69.4104,32.6063],[69.4497,32.5985],[69.4729,32.5749],[69.5042,32.5601],[69.5375,32.5623],[69.5827,32.5867],[69.6141,32.5944],[69.6035,32.6202],[69.613,32.6282],[69.6015,32.6415],[69.6142,32.6603],[69.6395,32.6696],[69.6458,32.6861],[69.6724,32.7013],[69.7085,32.7044],[69.7352,32.7171],[69.7423,32.746],[69.7804,32.7653],[69.8099,32.759],[69.8315,32.7693],[69.8453,32.8026],[69.8865,32.7961],[69.911,32.8053]]]]}},{"type":"Feature","properties":{"province_name":"Khyber Pakhtunkhwa","district_name":"Nowshera","tehsil_name":"Nowshera","tehsil_code":"PK52601","area_km2":603.3330564209987},"geometry":{"type":"MultiPolygon","coordinates":[[[[72.1157,34.0805],[72.088,34.0834],[72.0669,34.0764],[72.0352,34.0804],[72.0198,34.131],[71.9765,34.1327],[71.9437,34.1408],[71.8964,34.1266],[71.8412,34.0396],[71.8482,34.0142],[71.8466,33.9815],[71.8736,33.9843],[71.8863,33.9536],[71.8503,33.9591],[71.881,33.9293],[71.8909,33.9032],[71.9215,33.8786],[71.9313,33.844],[71.8708,33.8338],[71.8735,33.8128],[71.8876,33.813],[71.948,33.8378],[71.9642,33.8302],[71.9922,33.832],[72.0184,33.8486],[72.018,33.8811],[72.0376,33.873],[72.0898,33.8809],[72.11,33.9167],[72.1082,33.9306],[72.0854,33.9525],[72.0899,33.9771],[72.0521,33.9735],[72.042,33.9793],[72.046,34.0122],[72.0676,34.0183],[72.1206,34.0105],[72.1225,34.0622],[72.1157,34.0805]]]]}},{"type":"Feature","properties":{"province_name":"Khyber Pakhtunkhwa","district_name":"Nowshera","tehsil_name":"Pabbi","tehsil_code":"PK52602","area_km2":387.16308368388695},"geometry":{"type":"MultiPolygon","coordinates":[[[[71.8412,34.0396],[71.8164,34.0572],[71.8166,34.0747],[71.784,34.0875],[71.7302,34.0963],[71.7211,34.0929],[71.7012,34.0914],[71.7,34.0485],[71.712,34.0243],[71.7083,33.9774],[71.7235,33.9704],[71.7694,33.9773],[71.7785,33.9702],[71.7695,33.9429],[71.7731,33.9166],[71.7691,33.8704],[71.7523,33.8518],[71.7506,33.8194],[71.7937,33.7841],[71.8424,33.7819],[71.8735,33.8128],[71.8708,33.8338],[71.9313,33.844],[71.9215,33.8786],[71.8909,33.9032],[71.881,33.9293],[71.8503,33.9591],[71.8863,33.9536],[71.8736,33.9843],[71.8466,33.9815],[71.8482,34.0142],[71.8412,34.0396]]]]}},{"type":"Feature","properties":{"province_name":"Khyber Pakhtunkhwa","district_name":"Nowshera","tehsil_name":"Jehangira","tehsil_code":"PK52603","area_km2":737.0852098413981},"geometry":{"type":"MultiPolygon","coordinates":[[[[72.1999,34.0909],[72.1515,34.0916],[72.1293,34.0761],[72.1157,34.0805],[72.1225,34.0622],[72.1206,34.0105],[72.0676,34.0183],[72.046,34.0122],[72.042,33.9793],[72.0521,33.9735],[72.0899,33.9771],[72.0854,33.9525],[72.1082,33.9306],[72.11,33.9167],[72.0898,33.8809],[72.0376,33.873],[72.018,33.8811],[72.0184,33.8486],[71.9922,33.832],[71.9642,33.8302],[71.948,33.8378],[71.8876,33.813],[71.8735,33.8128],[71.8424,33.7819],[71.8602,33.7486],[71.8148,33.7069],[71.8132,33.6981],[71.8564,33.6959],[71.8893,33.7041],[71.9197,33.7241],[71.9471,33.7333],[72.01,33.7146],[72.0176,33.7175],[72.0366,33.7518],[72.0689,33.7599],[72.0718,33.7827],[72.0961,33.7854],[72.1404,33.7718],[72.193,33.7621],[72.2343,33.7863],[72.2383,33.8388],[72.2345,33.9005],[72.2334,33.9395],[72.2087,33.9792],[72.2344,34.0076],[72.2357,34.0402],[72.2474,34.0775],[72.1999,34.0909]]]]}},{"type":"Feature","properties":{"province_name":"Khyber Pakhtunkhwa","district_name":"Orakzai","tehsil_name":"Central Orakzai","tehsil_code":"PK52701","area_km2":354.70588584454225},"geometry":{"type":"MultiPolygon","coordinates":[[[[70.9057,33.7754],[70.8867,33.7717],[70.8451,33.7829],[70.8289,33.7712],[70.7862,33.7667],[70.7755,33.7598],[70.7825,33.747],[70.8117,33.7367],[70.8118,33.7085],[70.7944,33.6927],[70.8095,33.6677],[70.8446,33.6592],[70.9201,33.6624],[70.9507,33.6567],[70.9582,33.6373],[70.9865,33.6222],[71.0133,33.6257],[71.0588,33.6173],[71.061,33.6062],[71.123,33.5933],[71.1302,33.5968],[71.11,33.6032],[71.0845,33.6247],[71.1064,33.6407],[71.1536,33.6612],[71.1343,33.6803],[71.1386,33.7053],[71.123,33.737],[71.1142,33.7453],[71.0277,33.7423],[71.0254,33.7206],[71.0025,33.7001],[70.9757,33.6969],[70.9559,33.704],[70.9153,33.7482],[70.8967,33.7537],[70.9057,33.7754]]]]}},{"type":"Feature","properties":{"province_name":"Khyber Pakhtunkhwa","district_name":"Orakzai","tehsil_name":"Ismailzai","tehsil_code":"PK52702","area_km2":234.66490933975885},"geometry":{"type":"MultiPolygon","coordinates":[[[[71.123,33.5933],[71.061,33.6062],[71.0588,33.6173],[71.0133,33.6257],[70.9865,33.6222],[70.9582,33.6373],[70.9507,33.6567],[70.9201,33.6624],[70.8446,33.6592],[70.8095,33.6677],[70.8194,33.6531],[70.8249,33.6095],[70.8094,33.6119],[70.7804,33.5963],[70.7804,33.5857],[70.8193,33.5731],[70.8326,33.5602],[70.9002,33.5561],[70.9154,33.5645],[70.9703,33.5463],[71.0084,33.5486],[71.0665,33.5828],[71.123,33.5933]]]]}},{"type":"Feature","properties":{"province_name":"Khyber Pakhtunkhwa","district_name":"Orakzai","tehsil_name":"Lower Orakzai","tehsil_code":"PK52703","area_km2":519.3590092972515},"geometry":{"type":"MultiPolygon","coordinates":[[[[71.3495,33.7641],[71.3322,33.7563],[71.2702,33.7962],[71.252,33.821],[71.2267,33.8229],[71.2087,33.8359],[71.1733,33.8157],[71.1493,33.8119],[71.1278,33.8305],[71.1102,33.8298],[71.0847,33.8445],[71.0638,33.8392],[71.0067,33.8433],[70.9712,33.8359],[70.9844,33.7953],[70.9363,33.7872],[70.9057,33.7754],[70.8967,33.7537],[70.9153,33.7482],[70.9559,33.704],[70.9757,33.6969],[71.0025,33.7001],[71.0254,33.7206],[71.0277,33.7423],[71.1142,33.7453],[71.123,33.737],[71.1333,33.7436],[71.1653,33.7298],[71.1813,33.7347],[71.2122,33.7222],[71.2235,33.6941],[71.2637,33.6623],[71.3152,33.6432],[71.3311,33.6259],[71.3616,33.632],[71.3667,33.6511],[71.3952,33.6514],[71.412,33.677],[71.3803,33.6972],[71.3843,33.7168],[71.3526,33.7282],[71.3495,33.7641]]]]}},{"type":"Feature","properties":{"province_name":"Khyber Pakhtunkhwa","district_name":"Orakzai","tehsil_name":"Upper Orakzai","tehsil_code":"PK52704","area_km2":261.2243735045885},"geometry":{"type":"MultiPolygon","coordinates":[[[[70.7755,33.7598],[70.7245,33.7533],[70.6978,33.7394],[70.6649,33.7595],[70.6543,33.7822],[70.6361,33.7989],[70.6161,33.7981],[70.6088,33.7755],[70.5854,33.7413],[70.5942,33.7253],[70.6181,33.7145],[70.6188,33.6852],[70.6317,33.6731],[70.6629,33.6667],[70.7014,33.6472],[70.7506,33.6456],[70.753,33.6224],[70.7337,33.5947],[70.7506,33.5846],[70.7804,33.5857],[70.7804,33.5963],[70.8094,33.6119],[70.8249,33.6095],[70.8194,33.6531],[70.8095,33.6677],[70.7944,33.6927],[70.8118,33.7085],[70.8117,33.7367],[70.7825,33.747],[70.7755,33.7598]]]]}},{"type":"Feature","properties":{"province_name":"Khyber Pakhtunkhwa","district_name":"Peshawar","tehsil_name":"Town-I","tehsil_code":"PK52801","area_km2":26.94849249585875},"geometry":{"type":"MultiPolygon","coordinates":[[[[71.6206,34.0208],[71.6007,34.0355],[71.5534,34.0245],[71.5649,33.9815],[71.603,33.995],[71.6206,34.0208]]]]}},{"type":"Feature","properties":{"province_name":"Khyber Pakhtunkhwa","district_name":"Peshawar","tehsil_name":"Town-Ii","tehsil_code":"PK52802","area_km2":429.8550868122386},"geometry":{"type":"MultiPolygon","coordinates":[[[[71.6664,34.1225],[71.6489,34.1439],[71.6362,34.1412],[71.6014,34.1531],[71.5744,34.1751],[71.5013,34.1808],[71.4853,34.204],[71.4906,34.2226],[71.4341,34.1904],[71.4123,34.1659],[71.4122,34.1447],[71.3821,34.1179],[71.3697,34.087],[71.3844,34.0466],[71.3895,34.038],[71.4281,34.0436],[71.4598,34.0712],[71.474,34.0716],[71.5053,34.0515],[71.5159,34.0316],[71.5534,34.0245],[71.6007,34.0355],[71.6206,34.0208],[71.6456,34.0208],[71.6389,34.0003],[71.6639,33.9901],[71.6726,34.0198],[71.6996,34.0191],[71.6907,33.9809],[71.7083,33.9774],[71.712,34.0243],[71.7,34.0485],[71.7012,34.0914],[71.7211,34.0929],[71.6664,34.1225]]]]}},{"type":"Feature","properties":{"province_name":"Khyber Pakhtunkhwa","district_name":"Peshawar","tehsil_name":"Town-Iii","tehsil_code":"PK52803","area_km2":187.2558482224092},"geometry":{"type":"MultiPolygon","coordinates":[[[[71.5534,34.0245],[71.5159,34.0316],[71.5053,34.0515],[71.474,34.0716],[71.4598,34.0712],[71.4281,34.0436],[71.3895,34.038],[71.3803,33.9995],[71.4056,33.9968],[71.4119,33.9606],[71.4352,33.9375],[71.4496,33.9102],[71.4678,33.9164],[71.5257,33.9521],[71.5364,33.9461],[71.5797,33.9542],[71.5649,33.9815],[71.5534,34.0245]]]]}},{"type":"Feature","properties":{"province_name":"Khyber Pakhtunkhwa","district_name":"Peshawar","tehsil_name":"Town-Iv","tehsil_code":"PK52804","area_km2":635.8976427345915},"geometry":{"type":"MultiPolygon","coordinates":[[[[71.7083,33.9774],[71.6907,33.9809],[71.6996,34.0191],[71.6726,34.0198],[71.6639,33.9901],[71.6389,34.0003],[71.6456,34.0208],[71.6206,34.0208],[71.603,33.995],[71.5649,33.9815],[71.5797,33.9542],[71.5364,33.9461],[71.5257,33.9521],[71.4678,33.9164],[71.4496,33.9102],[71.4372,33.8976],[71.4336,33.8738],[71.476,33.8352],[71.518,33.8094],[71.503,33.7512],[71.5436,33.7279],[71.5994,33.7325],[71.6762,33.7708],[71.7068,33.7894],[71.7523,33.8518],[71.7691,33.8704],[71.7731,33.9166],[71.7695,33.9429],[71.7785,33.9702],[71.7694,33.9773],[71.7235,33.9704],[71.7083,33.9774]]]]}},{"type":"Feature","properties":{"province_name":"Khyber Pakhtunkhwa","district_name":"Peshawar","tehsil_name":"Hassan Khel","tehsil_code":"PK52805","area_km2":260.07211519433844},"geometry":{"type":"MultiPolygon","coordinates":[[[[71.7523,33.8518],[71.7068,33.7894],[71.6762,33.7708],[71.5994,33.7325],[71.5436,33.7279],[71.5455,33.7049],[71.5717,33.6869],[71.6144,33.6842],[71.6462,33.6984],[71.6643,33.6972],[71.687,33.7106],[71.7036,33.6987],[71.6804,33.6809],[71.6899,33.6572],[71.742,33.6709],[71.751,33.6926],[71.7793,33.6801],[71.8132,33.6981],[71.8148,33.7069],[71.8602,33.7486],[71.8424,33.7819],[71.7937,33.7841],[71.7506,33.8194],[71.7523,33.8518]]]]}},{"type":"Feature","properties":{"province_name":"Khyber Pakhtunkhwa","district_name":"Shangla","tehsil_name":"Alpuri","tehsil_code":"PK52901","area_km2":613.6525219157924},"geometry":{"type":"MultiPolygon","coordinates":[[[[72.8191,34.9845],[72.8101,34.9951],[72.8117,35.026],[72.7894,35.058],[72.7932,35.1115],[72.7548,35.1544],[72.7228,35.1588],[72.6993,35.1428],[72.6999,35.1188],[72.6775,35.0995],[72.6712,35.0784],[72.624,35.0609],[72.6028,35.0239],[72.5773,35.0105],[72.5764,34.9887],[72.5995,34.9604],[72.5894,34.9361],[72.5904,34.9043],[72.593,34.8716],[72.5807,34.8476],[72.5867,34.8184],[72.5798,34.7982],[72.5714,34.7673],[72.5764,34.7503],[72.5869,34.7509],[72.6046,34.7516],[72.625,34.8022],[72.6385,34.8178],[72.6963,34.8099],[72.7569,34.8207],[72.7528,34.8593],[72.7882,34.8697],[72.7859,34.9316],[72.7998,34.9699],[72.8191,34.9845]]]]}},{"type":"Feature","properties":{"province_name":"Khyber Pakhtunkhwa","district_name":"Shangla","tehsil_name":"Bisham","tehsil_code":"PK52902","area_km2":244.6412421437078},"geometry":{"type":"MultiPolygon","coordinates":[[[[72.9059,34.9707],[72.872,34.9831],[72.8407,34.9764],[72.8191,34.9845],[72.7998,34.9699],[72.7859,34.9316],[72.7882,34.8697],[72.8281,34.8179],[72.8515,34.8143],[72.8593,34.7977],[72.849,34.7696],[72.8764,34.7652],[72.8998,34.7616],[72.9277,34.7735],[72.9326,34.8022],[72.9498,34.8059],[72.9736,34.8182],[72.9961,34.8146],[73.0045,34.83],[72.9976,34.8479],[72.9754,34.8505],[72.9528,34.8668],[72.9207,34.8719],[72.8634,34.8954],[72.8781,34.9185],[72.8813,34.9445],[72.9059,34.9707]]]]}},{"type":"Feature","properties":{"province_name":"Khyber Pakhtunkhwa","district_name":"Shangla","tehsil_name":"Chakisar","tehsil_code":"PK52903","area_km2":153.73038514964526},"geometry":{"type":"MultiPolygon","coordinates":[[[[72.849,34.7696],[72.8593,34.7977],[72.8515,34.8143],[72.8281,34.8179],[72.7882,34.8697],[72.7528,34.8593],[72.7569,34.8207],[72.6963,34.8099],[72.7119,34.7347],[72.7386,34.7241],[72.7997,34.7089],[72.8119,34.7413],[72.8309,34.7675],[72.849,34.7696]]]]}},{"type":"Feature","properties":{"province_name":"Khyber Pakhtunkhwa","district_name":"Shangla","tehsil_name":"Makhuzai","tehsil_code":"PK52904","area_km2":92.31322380161512},"geometry":{"type":"MultiPolygon","coordinates":[[[[72.6513,34.6671],[72.6362,34.712],[72.6082,34.7246],[72.5869,34.7509],[72.5764,34.7503],[72.5618,34.7454],[72.5308,34.7054],[72.5369,34.67],[72.5658,34.6557],[72.5857,34.6364],[72.607,34.6447],[72.6445,34.6469],[72.6513,34.6671]]]]}},{"type":"Feature","properties":{"province_name":"Khyber Pakhtunkhwa","district_name":"Shangla","tehsil_name":"Martoong","tehsil_code":"PK52905","area_km2":162.93965692003334},"geometry":{"type":"MultiPolygon","coordinates":[[[[72.7997,34.7089],[72.7386,34.7241],[72.7119,34.7347],[72.7147,34.7165],[72.6973,34.6777],[72.7168,34.6647],[72.6969,34.6349],[72.7072,34.5978],[72.7228,34.5839],[72.7346,34.545],[72.7298,34.5372],[72.7856,34.5365],[72.8131,34.558],[72.8146,34.5796],[72.7816,34.6061],[72.8064,34.6666],[72.7967,34.684],[72.7997,34.7089]]]]}},{"type":"Feature","properties":{"province_name":"Khyber Pakhtunkhwa","district_name":"Shangla","tehsil_name":"Puran","tehsil_code":"PK52906","area_km2":119.79829821262744},"geometry":{"type":"MultiPolygon","coordinates":[[[[72.6963,34.8099],[72.6385,34.8178],[72.625,34.8022],[72.6046,34.7516],[72.5869,34.7509],[72.6082,34.7246],[72.6362,34.712],[72.6513,34.6671],[72.6973,34.6777],[72.7147,34.7165],[72.7119,34.7347],[72.6963,34.8099]]]]}},{"type":"Feature","properties":{"province_name":"Khyber Pakhtunkhwa","district_name":"South Waziristan","tehsil_name":"Birmal","tehsil_code":"PK53001","area_km2":879.8180329962944},"geometry":{"type":"MultiPolygon","coordinates":[[[[69.4104,32.6063],[69.3852,32.5666],[69.3261,32.5425],[69.2852,32.533],[69.2407,32.4614],[69.2388,32.4443],[69.2502,32.414],[69.2808,32.3564],[69.2796,32.2922],[69.2711,32.2548],[69.2848,32.2598],[69.3053,32.2441],[69.3336,32.2365],[69.352,32.205],[69.3934,32.2112],[69.4028,32.2231],[69.4511,32.2248],[69.4748,32.2476],[69.5069,32.2612],[69.4827,32.2951],[69.4996,32.3136],[69.4969,32.3347],[69.5156,32.4047],[69.5137,32.4262],[69.5501,32.4497],[69.5519,32.4653],[69.5251,32.4888],[69.5542,32.53],[69.5375,32.5623],[69.5042,32.5601],[69.4729,32.5749],[69.4497,32.5985],[69.4104,32.6063]]]]}},{"type":"Feature","properties":{"province_name":"Khyber Pakhtunkhwa","district_name":"South Waziristan","tehsil_name":"Ladha","tehsil_code":"PK53002","area_km2":425.92651618522194},"geometry":{"type":"MultiPolygon","coordinates":[[[[69.9314,32.5194],[69.9465,32.5274],[69.9555,32.5583],[69.9897,32.5828],[70.0111,32.5753],[70.1037,32.5682],[70.1167,32.5928],[70.1388,32.6123],[70.1718,32.6238],[70.1756,32.6399],[70.1653,32.6598],[70.2045,32.6535],[70.2315,32.6617],[70.2617,32.7044],[70.247,32.7234],[70.2333,32.7307],[70.197,32.7202],[70.1788,32.7048],[70.1565,32.7111],[70.0879,32.6647],[70.0774,32.646],[70.0554,32.6334],[70.0332,32.6327],[70.0022,32.6427],[69.9849,32.6337],[69.9556,32.6342],[69.9432,32.6096],[69.9147,32.588],[69.863,32.5866],[69.8274,32.5979],[69.8046,32.5956],[69.7711,32.6189],[69.7102,32.634],[69.6424,32.6268],[69.613,32.6282],[69.6035,32.6202],[69.6141,32.5944],[69.6983,32.5989],[69.7272,32.5862],[69.7343,32.5719],[69.7735,32.5426],[69.7919,32.5427],[69.8238,32.5216],[69.8596,32.5338],[69.8684,32.5202],[69.897,32.5144],[69.9314,32.5194]]]]}},{"type":"Feature","properties":{"province_name":"Khyber Pakhtunkhwa","district_name":"South Waziristan","tehsil_name":"Makin","tehsil_code":"PK53003","area_km2":368.7193717589523},"geometry":{"type":"MultiPolygon","coordinates":[[[[70.197,32.7202],[70.1706,32.7343],[70.1463,32.7313],[70.0422,32.6764],[70.0106,32.6865],[69.9805,32.7036],[69.948,32.6901],[69.9438,32.6789],[69.8831,32.6851],[69.8716,32.6588],[69.8414,32.6574],[69.8153,32.691],[69.8002,32.7001],[69.7588,32.6956],[69.7352,32.7171],[69.7085,32.7044],[69.6724,32.7013],[69.6458,32.6861],[69.6395,32.6696],[69.6142,32.6603],[69.6015,32.6415],[69.613,32.6282],[69.6424,32.6268],[69.7102,32.634],[69.7711,32.6189],[69.8046,32.5956],[69.8274,32.5979],[69.863,32.5866],[69.9147,32.588],[69.9432,32.6096],[69.9556,32.6342],[69.9849,32.6337],[70.0022,32.6427],[70.0332,32.6327],[70.0554,32.6334],[70.0774,32.646],[70.0879,32.6647],[70.1565,32.7111],[70.1788,32.7048],[70.197,32.7202]]]]}},{"type":"Feature","properties":{"province_name":"Khyber Pakhtunkhwa","district_name":"South Waziristan","tehsil_name":"Sararogha","tehsil_code":"PK53004","area_km2":760.9531257979552},"geometry":{"type":"MultiPolygon","coordinates":[[[[70.3857,32.7656],[70.337,32.7691],[70.3129,32.7619],[70.2889,32.7335],[70.2614,32.73],[70.247,32.7234],[70.2617,32.7044],[70.2315,32.6617],[70.2045,32.6535],[70.1653,32.6598],[70.1756,32.6399],[70.1718,32.6238],[70.1388,32.6123],[70.1167,32.5928],[70.1037,32.5682],[70.0111,32.5753],[69.9897,32.5828],[69.9555,32.5583],[69.9465,32.5274],[69.9314,32.5194],[69.9365,32.4788],[69.924,32.4469],[69.9348,32.4301],[69.9123,32.4043],[69.932,32.3922],[69.931,32.3763],[69.957,32.3552],[69.9345,32.3127],[69.9436,32.2996],[69.9532,32.2563],[69.95,32.2293],[69.9776,32.2257],[69.9937,32.2322],[70.0116,32.2206],[70.0452,32.1865],[70.0487,32.1563],[70.0739,32.1503],[70.067,32.1768],[70.0854,32.2119],[70.0963,32.2162],[70.0908,32.227],[70.0588,32.2384],[70.0562,32.267],[70.0744,32.2713],[70.0787,32.323],[70.0933,32.361],[70.1141,32.3765],[70.0954,32.429],[70.1035,32.4575],[70.112,32.5245],[70.1258,32.5455],[70.1996,32.626],[70.2259,32.6095],[70.2839,32.6393],[70.307,32.6589],[70.3197,32.6856],[70.3461,32.7055],[70.3726,32.7076],[70.3857,32.7656]]]]}},{"type":"Feature","properties":{"province_name":"Khyber Pakhtunkhwa","district_name":"South Waziristan","tehsil_name":"Serwakai","tehsil_code":"PK53005","area_km2":359.24363851526056},"geometry":{"type":"MultiPolygon","coordinates":[[[[69.9314,32.5194],[69.897,32.5144],[69.8684,32.5202],[69.8596,32.5338],[69.8238,32.5216],[69.8525,32.4705],[69.8448,32.4628],[69.8715,32.4065],[69.874,32.3044],[69.8491,32.2933],[69.8273,32.2664],[69.7996,32.2684],[69.8355,32.2417],[69.8525,32.1936],[69.8838,32.181],[69.9405,32.1862],[69.9597,32.1707],[69.9806,32.1708],[70.0119,32.1488],[70.0239,32.1756],[70.0487,32.1563],[70.0452,32.1865],[70.0116,32.2206],[69.9937,32.2322],[69.9776,32.2257],[69.95,32.2293],[69.9532,32.2563],[69.9436,32.2996],[69.9345,32.3127],[69.957,32.3552],[69.931,32.3763],[69.932,32.3922],[69.9123,32.4043],[69.9348,32.4301],[69.924,32.4469],[69.9365,32.4788],[69.9314,32.5194]]]]}},{"type":"Feature","properties":{"province_name":"Khyber Pakhtunkhwa","district_name":"South Waziristan","tehsil_name":"Tiarza","tehsil_code":"PK53006","area_km2":684.0014842962119},"geometry":{"type":"MultiPolygon","coordinates":[[[[69.8238,32.5216],[69.7919,32.5427],[69.7735,32.5426],[69.7343,32.5719],[69.7272,32.5862],[69.6983,32.5989],[69.6141,32.5944],[69.5827,32.5867],[69.5375,32.5623],[69.5542,32.53],[69.5251,32.4888],[69.5519,32.4653],[69.5501,32.4497],[69.5924,32.4569],[69.6346,32.4375],[69.6446,32.4113],[69.6644,32.401],[69.6796,32.3717],[69.694,32.36],[69.6971,32.3394],[69.747,32.3273],[69.7678,32.3072],[69.7723,32.2869],[69.7996,32.2684],[69.8273,32.2664],[69.8491,32.2933],[69.874,32.3044],[69.8715,32.4065],[69.8448,32.4628],[69.8525,32.4705],[69.8238,32.5216]]]]}},{"type":"Feature","properties":{"province_name":"Khyber Pakhtunkhwa","district_name":"South Waziristan","tehsil_name":"Toi Khulla","tehsil_code":"PK53007","area_km2":504.23274361937854},"geometry":{"type":"MultiPolygon","coordinates":[[[[69.7488,32.0816],[69.7304,32.092],[69.714,32.1134],[69.6622,32.0873],[69.6309,32.1015],[69.6245,32.1172],[69.5961,32.1039],[69.5712,32.1133],[69.5555,32.1006],[69.5239,32.0905],[69.4908,32.1041],[69.4462,32.1097],[69.4305,32.1241],[69.4155,32.1018],[69.3761,32.0846],[69.3663,32.1012],[69.3181,32.0888],[69.2886,32.0873],[69.2861,32.0714],[69.3004,31.9919],[69.312,31.9861],[69.3209,31.9519],[69.3468,31.952],[69.3749,31.9667],[69.3893,31.9628],[69.4813,31.9661],[69.5231,31.9756],[69.5462,31.9567],[69.5828,31.9763],[69.6087,31.9985],[69.6292,32.0072],[69.6446,32.043],[69.6796,32.0729],[69.7488,32.0816]]]]}},{"type":"Feature","properties":{"province_name":"Khyber Pakhtunkhwa","district_name":"South Waziristan","tehsil_name":"Wana","tehsil_code":"PK53008","area_km2":2237.398153304815},"geometry":{"type":"MultiPolygon","coordinates":[[[[69.7996,32.2684],[69.7723,32.2869],[69.7678,32.3072],[69.747,32.3273],[69.6971,32.3394],[69.694,32.36],[69.6796,32.3717],[69.6644,32.401],[69.6446,32.4113],[69.6346,32.4375],[69.5924,32.4569],[69.5501,32.4497],[69.5137,32.4262],[69.5156,32.4047],[69.4969,32.3347],[69.4996,32.3136],[69.4827,32.2951],[69.5069,32.2612],[69.4748,32.2476],[69.4511,32.2248],[69.4028,32.2231],[69.3934,32.2112],[69.352,32.205],[69.3336,32.2365],[69.3053,32.2441],[69.2848,32.2598],[69.2711,32.2548],[69.2758,32.1938],[69.2728,32.151],[69.2886,32.0873],[69.3181,32.0888],[69.3663,32.1012],[69.3761,32.0846],[69.4155,32.1018],[69.4305,32.1241],[69.4462,32.1097],[69.4908,32.1041],[69.5239,32.0905],[69.5555,32.1006],[69.5712,32.1133],[69.5961,32.1039],[69.6245,32.1172],[69.6309,32.1015],[69.6622,32.0873],[69.714,32.1134],[69.7304,32.092],[69.7488,32.0816],[69.8042,32.0952],[69.8525,32.1006],[69.8175,32.0367],[69.8004,32.0226],[69.8265,32.0037],[69.8805,31.9817],[69.8685,31.9421],[69.8533,31.9249],[69.8558,31.8921],[69.8826,31.8841],[69.899,31.8884],[69.939,31.9342],[69.9633,31.9368],[69.9565,31.8945],[70.0164,31.8913],[70.0429,31.8751],[70.0503,31.8568],[70.0963,31.8431],[70.1355,31.8487],[70.1842,31.8387],[70.212,31.8154],[70.2206,31.8464],[70.183,32.0064],[70.1694,31.9983],[70.1244,32.0244],[70.1032,32.1004],[70.1001,32.1367],[70.0739,32.1503],[70.0487,32.1563],[70.0239,32.1756],[70.0119,32.1488],[69.9806,32.1708],[69.9597,32.1707],[69.9405,32.1862],[69.8838,32.181],[69.8525,32.1936],[69.8355,32.2417],[69.7996,32.2684]]]]}},{"type":"Feature","properties":{"province_name":"Khyber Pakhtunkhwa","district_name":"Swabi","tehsil_name":"Lahor","tehsil_code":"PK53101","area_km2":321.80344033348626},"geometry":{"type":"MultiPolygon","coordinates":[[[[72.4281,34.0005],[72.4374,34.0149],[72.4449,34.0507],[72.4343,34.0638],[72.4279,34.0951],[72.3794,34.1249],[72.3636,34.1276],[72.2868,34.0857],[72.2603,34.091],[72.2474,34.0775],[72.2357,34.0402],[72.2344,34.0076],[72.2087,33.9792],[72.2334,33.9395],[72.2345,33.9005],[72.323,33.9482],[72.3388,33.9442],[72.3783,33.9597],[72.4025,33.9778],[72.4023,34.0052],[72.4281,34.0005]]]]}},{"type":"Feature","properties":{"province_name":"Khyber Pakhtunkhwa","district_name":"Swabi","tehsil_name":"Swabi","tehsil_code":"PK53102","area_km2":285.51346628268493},"geometry":{"type":"MultiPolygon","coordinates":[[[[72.3636,34.1276],[72.3794,34.1249],[72.4279,34.0951],[72.4343,34.0638],[72.4449,34.0507],[72.4374,34.0149],[72.4281,34.0005],[72.4488,33.9915],[72.4897,34.0015],[72.5489,33.998],[72.5502,34.0218],[72.5385,34.0488],[72.5409,34.0792],[72.586,34.0967],[72.5879,34.11],[72.569,34.1309],[72.5849,34.1453],[72.6164,34.1362],[72.6361,34.1415],[72.6414,34.1715],[72.5857,34.1956],[72.5703,34.1697],[72.5476,34.1724],[72.5407,34.1507],[72.5112,34.1672],[72.4866,34.1683],[72.4601,34.1816],[72.4147,34.1866],[72.4066,34.1642],[72.3794,34.1518],[72.3811,34.1358],[72.3636,34.1276]]]]}},{"type":"Feature","properties":{"province_name":"Khyber Pakhtunkhwa","district_name":"Swabi","tehsil_name":"Topi","tehsil_code":"PK53103","area_km2":424.203768427034},"geometry":{"type":"MultiPolygon","coordinates":[[[[72.7488,34.2935],[72.7323,34.3069],[72.6859,34.3006],[72.6297,34.2698],[72.6095,34.2469],[72.5683,34.2188],[72.5857,34.1956],[72.6414,34.1715],[72.6361,34.1415],[72.6164,34.1362],[72.5849,34.1453],[72.569,34.1309],[72.5879,34.11],[72.586,34.0967],[72.5409,34.0792],[72.5385,34.0488],[72.5502,34.0218],[72.5489,33.998],[72.5492,33.9938],[72.5845,33.9936],[72.606,34.0089],[72.6377,34.0175],[72.6821,34.0621],[72.7062,34.0913],[72.7425,34.1049],[72.7511,34.1215],[72.7519,34.1629],[72.7659,34.1854],[72.7557,34.2024],[72.7714,34.2403],[72.7658,34.2719],[72.7488,34.2935]]]]}},{"type":"Feature","properties":{"province_name":"Khyber Pakhtunkhwa","district_name":"Swabi","tehsil_name":"Razar","tehsil_code":"PK53104","area_km2":451.4784729352153},"geometry":{"type":"MultiPolygon","coordinates":[[[[72.4843,34.3454],[72.4759,34.3725],[72.4554,34.3694],[72.4319,34.3806],[72.387,34.3526],[72.3778,34.3399],[72.3522,34.3402],[72.3328,34.3229],[72.3379,34.3018],[72.3164,34.2738],[72.3269,34.247],[72.2679,34.2585],[72.2285,34.2423],[72.2198,34.213],[72.2056,34.2056],[72.212,34.1759],[72.2029,34.1611],[72.2058,34.1219],[72.1999,34.0909],[72.2474,34.0775],[72.2603,34.091],[72.2868,34.0857],[72.3636,34.1276],[72.3811,34.1358],[72.3794,34.1518],[72.4066,34.1642],[72.4147,34.1866],[72.424,34.2063],[72.4175,34.2205],[72.4297,34.2386],[72.4631,34.2688],[72.4485,34.2822],[72.451,34.3061],[72.4728,34.3214],[72.4843,34.3454]]]]}},{"type":"Feature","properties":{"province_name":"Khyber Pakhtunkhwa","district_name":"Swat","tehsil_name":"Babuzai","tehsil_code":"PK53201","area_km2":331.70035998781253},"geometry":{"type":"MultiPolygon","coordinates":[[[[72.5798,34.7982],[72.5524,34.7809],[72.5007,34.8183],[72.4723,34.82],[72.4306,34.8059],[72.3979,34.7958],[72.3201,34.7916],[72.3187,34.7765],[72.3006,34.7642],[72.2776,34.7657],[72.2693,34.7301],[72.3026,34.714],[72.2955,34.6945],[72.327,34.6709],[72.3359,34.6428],[72.3301,34.6187],[72.3488,34.6228],[72.3682,34.6451],[72.3736,34.6638],[72.4242,34.6893],[72.4373,34.6798],[72.4716,34.6744],[72.4853,34.7032],[72.5003,34.7115],[72.5308,34.7054],[72.5618,34.7454],[72.5764,34.7503],[72.5714,34.7673],[72.5798,34.7982]]]]}},{"type":"Feature","properties":{"province_name":"Khyber Pakhtunkhwa","district_name":"Swat","tehsil_name":"Bahrain","tehsil_code":"PK53202","area_km2":1197.655540180125},"geometry":{"type":"MultiPolygon","coordinates":[[[[72.721,35.4177],[72.6808,35.4258],[72.6501,35.4616],[72.6148,35.4844],[72.5775,35.4548],[72.5204,35.4447],[72.4963,35.4218],[72.495,35.3879],[72.469,35.3552],[72.4199,35.3493],[72.3996,35.3663],[72.3682,35.3691],[72.3544,35.3462],[72.3225,35.3442],[72.311,35.3314],[72.3146,35.3111],[72.3067,35.2882],[72.2892,35.2822],[72.2822,35.2615],[72.2977,35.243],[72.3188,35.2159],[72.3489,35.2154],[72.3665,35.2068],[72.3885,35.2047],[72.4322,35.1889],[72.4427,35.1655],[72.43,35.1275],[72.4724,35.1151],[72.4913,35.0846],[72.5058,35.1092],[72.5368,35.1173],[72.5711,35.1105],[72.5753,35.0921],[72.624,35.0609],[72.6712,35.0784],[72.6775,35.0995],[72.6999,35.1188],[72.6993,35.1428],[72.7228,35.1588],[72.6863,35.1798],[72.7047,35.2211],[72.7253,35.2417],[72.724,35.2596],[72.7605,35.2662],[72.7835,35.3554],[72.7812,35.3796],[72.7576,35.3814],[72.7288,35.4017],[72.721,35.4177]]]]}},{"type":"Feature","properties":{"province_name":"Khyber Pakhtunkhwa","district_name":"Swat","tehsil_name":"Barikot","tehsil_code":"PK53203","area_km2":338.1773266330054},"geometry":{"type":"MultiPolygon","coordinates":[[[[72.2693,34.7301],[72.2312,34.7225],[72.2085,34.7512],[72.2172,34.7678],[72.187,34.7887],[72.1393,34.7639],[72.1171,34.7397],[72.1107,34.6965],[72.0932,34.6695],[72.1266,34.665],[72.1159,34.6192],[72.1323,34.6023],[72.1361,34.583],[72.1527,34.5729],[72.1765,34.5751],[72.2166,34.5679],[72.2348,34.57],[72.292,34.611],[72.3301,34.6187],[72.3359,34.6428],[72.327,34.6709],[72.2955,34.6945],[72.3026,34.714],[72.2693,34.7301]]]]}},{"type":"Feature","properties":{"province_name":"Khyber Pakhtunkhwa","district_name":"Swat","tehsil_name":"Charbagh","tehsil_code":"PK53204","area_km2":147.53633864667492},"geometry":{"type":"MultiPolygon","coordinates":[[[[72.5904,34.9043],[72.5402,34.8867],[72.5211,34.8998],[72.4339,34.9064],[72.4294,34.8886],[72.4238,34.8615],[72.4441,34.8467],[72.4306,34.8059],[72.4723,34.82],[72.5007,34.8183],[72.5524,34.7809],[72.5798,34.7982],[72.5867,34.8184],[72.5807,34.8476],[72.593,34.8716],[72.5904,34.9043]]]]}},{"type":"Feature","properties":{"province_name":"Khyber Pakhtunkhwa","district_name":"Swat","tehsil_name":"Kabal","tehsil_code":"PK53205","area_km2":427.7067383875558},"geometry":{"type":"MultiPolygon","coordinates":[[[[72.4238,34.8615],[72.3885,34.8621],[72.3768,34.8873],[72.3565,34.9052],[72.3184,34.9037],[72.2849,34.941],[72.2646,34.9468],[72.2379,34.973],[72.1983,34.9991],[72.1813,35.0019],[72.1868,34.9679],[72.1671,34.9516],[72.1582,34.9048],[72.1258,34.8929],[72.1279,34.8669],[72.1476,34.8452],[72.172,34.8314],[72.193,34.8014],[72.187,34.7887],[72.2172,34.7678],[72.2085,34.7512],[72.2312,34.7225],[72.2693,34.7301],[72.2776,34.7657],[72.3006,34.7642],[72.3187,34.7765],[72.3201,34.7916],[72.3979,34.7958],[72.4306,34.8059],[72.4441,34.8467],[72.4238,34.8615]]]]}},{"type":"Feature","properties":{"province_name":"Khyber Pakhtunkhwa","district_name":"Swat","tehsil_name":"Kalam","tehsil_code":"PK53206","area_km2":1954.9430853877905},"geometry":{"type":"MultiPolygon","coordinates":[[[[72.7325,35.8318],[72.6708,35.8183],[72.6189,35.8378],[72.5703,35.8486],[72.5492,35.8811],[72.5145,35.8988],[72.4886,35.8548],[72.4632,35.8466],[72.4527,35.8312],[72.4272,35.8345],[72.412,35.8218],[72.4083,35.7958],[72.3617,35.7601],[72.3323,35.7657],[72.3072,35.7799],[72.2915,35.7653],[72.2571,35.6802],[72.2505,35.6505],[72.2078,35.6229],[72.2274,35.5955],[72.2526,35.5871],[72.2854,35.5464],[72.3094,35.5378],[72.3697,35.5],[72.3438,35.4844],[72.3718,35.4392],[72.3554,35.4148],[72.35,35.3926],[72.3682,35.3691],[72.3996,35.3663],[72.4199,35.3493],[72.469,35.3552],[72.495,35.3879],[72.4963,35.4218],[72.5204,35.4447],[72.5775,35.4548],[72.6148,35.4844],[72.6501,35.4616],[72.6808,35.4258],[72.721,35.4177],[72.7504,35.4414],[72.7602,35.463],[72.7355,35.4746],[72.7569,35.493],[72.7618,35.5142],[72.7821,35.5393],[72.7553,35.5588],[72.7703,35.5696],[72.8153,35.5785],[72.8213,35.6077],[72.8113,35.6229],[72.7962,35.6789],[72.7643,35.7049],[72.7575,35.7281],[72.7366,35.7548],[72.7084,35.762],[72.7147,35.8089],[72.7325,35.8318]]]]}},{"type":"Feature","properties":{"province_name":"Khyber Pakhtunkhwa","district_name":"Swat","tehsil_name":"Khwaza Khela","tehsil_code":"PK53207","area_km2":275.5998356170026},"geometry":{"type":"MultiPolygon","coordinates":[[[[72.624,35.0609],[72.5753,35.0921],[72.5711,35.1105],[72.5368,35.1173],[72.5058,35.1092],[72.4913,35.0846],[72.4778,35.0684],[72.4601,35.007],[72.4653,34.9788],[72.4339,34.9064],[72.5211,34.8998],[72.5402,34.8867],[72.5904,34.9043],[72.5894,34.9361],[72.5995,34.9604],[72.5764,34.9887],[72.5773,35.0105],[72.6028,35.0239],[72.624,35.0609]]]]}},{"type":"Feature","properties":{"province_name":"Khyber Pakhtunkhwa","district_name":"Swat","tehsil_name":"Matta Kharirai","tehsil_code":"PK53208","area_km2":288.3970055079171},"geometry":{"type":"MultiPolygon","coordinates":[[[[72.3665,35.2068],[72.3635,35.164],[72.3423,35.1559],[72.353,35.1277],[72.3515,35.0959],[72.3685,35.0661],[72.3371,35.0329],[72.3516,34.985],[72.3767,34.944],[72.428,34.8997],[72.4294,34.8886],[72.4339,34.9064],[72.4653,34.9788],[72.4601,35.007],[72.4778,35.0684],[72.4913,35.0846],[72.4724,35.1151],[72.43,35.1275],[72.4427,35.1655],[72.4322,35.1889],[72.3885,35.2047],[72.3665,35.2068]]]]}},{"type":"Feature","properties":{"province_name":"Khyber Pakhtunkhwa","district_name":"Swat","tehsil_name":"Matta Sebujni","tehsil_code":"PK53209","area_km2":395.4494334257179},"geometry":{"type":"MultiPolygon","coordinates":[[[[72.4294,34.8886],[72.428,34.8997],[72.3767,34.944],[72.3516,34.985],[72.3371,35.0329],[72.3685,35.0661],[72.3515,35.0959],[72.353,35.1277],[72.3423,35.1559],[72.3635,35.164],[72.3665,35.2068],[72.3489,35.2154],[72.3188,35.2159],[72.3266,35.1867],[72.2921,35.1882],[72.2695,35.1793],[72.2536,35.1336],[72.2065,35.1254],[72.1904,35.1082],[72.2116,35.0635],[72.2125,35.0399],[72.1997,35.0168],[72.1813,35.0019],[72.1983,34.9991],[72.2379,34.973],[72.2646,34.9468],[72.2849,34.941],[72.3184,34.9037],[72.3565,34.9052],[72.3768,34.8873],[72.3885,34.8621],[72.4238,34.8615],[72.4294,34.8886]]]]}},{"type":"Feature","properties":{"province_name":"Khyber Pakhtunkhwa","district_name":"Tank","tehsil_name":"Tank","tehsil_code":"PK53301","area_km2":1679.5140538482},"geometry":{"type":"MultiPolygon","coordinates":[[[[70.6046,32.4751],[70.5584,32.4634],[70.4831,32.5147],[70.4481,32.4898],[70.4339,32.455],[70.4088,32.4133],[70.3838,32.3872],[70.3332,32.3559],[70.3017,32.3015],[70.211,32.3156],[70.1685,32.2541],[70.1483,32.2359],[70.0963,32.2162],[70.0854,32.2119],[70.067,32.1768],[70.0739,32.1503],[70.1001,32.1367],[70.1032,32.1004],[70.1244,32.0244],[70.1694,31.9983],[70.183,32.0064],[70.218,32.0257],[70.2573,32.0694],[70.2388,32.0905],[70.2513,32.1036],[70.2705,32.0874],[70.3005,32.0825],[70.3406,32.0868],[70.3617,32.078],[70.397,32.0765],[70.4172,32.0899],[70.4381,32.0885],[70.4568,32.0996],[70.4893,32.1067],[70.5365,32.0997],[70.5709,32.1352],[70.57,32.1998],[70.5912,32.23],[70.6456,32.2549],[70.6729,32.2745],[70.6609,32.2899],[70.6692,32.3222],[70.7115,32.3496],[70.7066,32.3761],[70.6818,32.3966],[70.657,32.3918],[70.5974,32.435],[70.6157,32.4645],[70.6046,32.4751]]]]}},{"type":"Feature","properties":{"province_name":"Khyber Pakhtunkhwa","district_name":"Tank","tehsil_name":"Jandola","tehsil_code":"PK53302","area_km2":1138.1376002038369},"geometry":{"type":"MultiPolygon","coordinates":[[[[70.5,32.6022],[70.4585,32.5922],[70.4442,32.5957],[70.4123,32.5803],[70.3572,32.575],[70.3196,32.585],[70.3067,32.613],[70.2839,32.6393],[70.2259,32.6095],[70.1996,32.626],[70.1258,32.5455],[70.112,32.5245],[70.1035,32.4575],[70.0954,32.429],[70.1141,32.3765],[70.0933,32.361],[70.0787,32.323],[70.0744,32.2713],[70.0562,32.267],[70.0588,32.2384],[70.0908,32.227],[70.0963,32.2162],[70.1483,32.2359],[70.1685,32.2541],[70.211,32.3156],[70.3017,32.3015],[70.3332,32.3559],[70.3838,32.3872],[70.4088,32.4133],[70.4339,32.455],[70.4481,32.4898],[70.4831,32.5147],[70.5584,32.4634],[70.6046,32.4751],[70.5971,32.5001],[70.5481,32.5614],[70.5494,32.5736],[70.5,32.6022]]]]}},{"type":"Feature","properties":{"province_name":"Khyber Pakhtunkhwa","district_name":"Tor Ghar","tehsil_name":"Judba","tehsil_code":"PK53401","area_km2":204.8572684349876},"geometry":{"type":"MultiPolygon","coordinates":[[[[72.8764,34.7652],[72.849,34.7696],[72.8309,34.7675],[72.8119,34.7413],[72.7997,34.7089],[72.7967,34.684],[72.8064,34.6666],[72.7816,34.6061],[72.8146,34.5796],[72.8131,34.558],[72.7856,34.5365],[72.9154,34.5823],[72.9005,34.6212],[72.9062,34.6718],[72.8954,34.6844],[72.9011,34.7156],[72.8894,34.7495],[72.8764,34.7652]]]]}},{"type":"Feature","properties":{"province_name":"Khyber Pakhtunkhwa","district_name":"Tor Ghar","tehsil_name":"Khander","tehsil_code":"PK53402","area_km2":250.54693978254332},"geometry":{"type":"MultiPolygon","coordinates":[[[[72.8857,34.4749],[72.8925,34.5007],[72.9411,34.5456],[72.9391,34.565],[72.9154,34.5823],[72.7856,34.5365],[72.7298,34.5372],[72.7423,34.5107],[72.7683,34.4773],[72.743,34.458],[72.718,34.4584],[72.7538,34.4092],[72.7404,34.3583],[72.7601,34.3646],[72.786,34.3488],[72.8205,34.3666],[72.8234,34.3881],[72.8178,34.4273],[72.8328,34.4317],[72.848,34.4536],[72.8682,34.4485],[72.8857,34.4749]]]]}},{"type":"Feature","properties":{"province_name":"Khyber Pakhtunkhwa","district_name":"Upper Dir","tehsil_name":"Barawal","tehsil_code":"PK53501","area_km2":373.6966358428609},"geometry":{"type":"MultiPolygon","coordinates":[[[[71.8599,35.0899],[71.864,35.0952],[71.8294,35.1373],[71.794,35.139],[71.7906,35.1608],[71.7638,35.1576],[71.7233,35.2012],[71.7176,35.2285],[71.6875,35.2255],[71.6733,35.2154],[71.6749,35.1965],[71.6389,35.165],[71.6173,35.1398],[71.5853,35.1294],[71.5526,35.108],[71.5301,35.0724],[71.5546,35.0295],[71.6025,35.0312],[71.6228,35.0381],[71.6417,35.0266],[71.6772,35.0325],[71.7257,35.0274],[71.7534,35.051],[71.7935,35.0554],[71.8256,35.0697],[71.847,35.0735],[71.8599,35.0899]]]]}},{"type":"Feature","properties":{"province_name":"Khyber Pakhtunkhwa","district_name":"Upper Dir","tehsil_name":"Dir","tehsil_code":"PK53502","area_km2":431.5394241107473},"geometry":{"type":"MultiPolygon","coordinates":[[[[72.0316,35.1437],[71.9655,35.1759],[71.9298,35.2093],[71.9057,35.2531],[71.9088,35.2887],[71.8905,35.3136],[71.8837,35.3374],[71.8598,35.3539],[71.8096,35.3629],[71.7809,35.3329],[71.7819,35.3082],[71.7549,35.286],[71.7576,35.2646],[71.7343,35.2517],[71.7176,35.2285],[71.7233,35.2012],[71.7638,35.1576],[71.7906,35.1608],[71.794,35.139],[71.8294,35.1373],[71.864,35.0952],[71.8599,35.0899],[71.9001,35.105],[71.9538,35.1156],[72.0019,35.1015],[72.0316,35.1437]]]]}},{"type":"Feature","properties":{"province_name":"Khyber Pakhtunkhwa","district_name":"Upper Dir","tehsil_name":"Kalkot","tehsil_code":"PK53503","area_km2":1255.0082272356096},"geometry":{"type":"MultiPolygon","coordinates":[[[[72.1529,35.784],[72.1231,35.7857],[72.1095,35.7528],[72.0867,35.7085],[72.1074,35.6865],[72.0986,35.6599],[72.1177,35.6243],[72.1147,35.5978],[72.1335,35.5802],[72.1454,35.5255],[72.1096,35.4923],[72.1112,35.4457],[72.087,35.4256],[72.0804,35.4047],[72.0213,35.4046],[71.9938,35.3794],[72.012,35.3419],[72.0076,35.2937],[71.9711,35.2814],[71.9698,35.2468],[71.9567,35.2291],[71.9951,35.2276],[72.0897,35.1891],[72.1196,35.2032],[72.1467,35.2334],[72.2148,35.2456],[72.2977,35.243],[72.2822,35.2615],[72.2892,35.2822],[72.3067,35.2882],[72.3146,35.3111],[72.311,35.3314],[72.3225,35.3442],[72.3544,35.3462],[72.3682,35.3691],[72.35,35.3926],[72.3554,35.4148],[72.3718,35.4392],[72.3438,35.4844],[72.3697,35.5],[72.3094,35.5378],[72.2854,35.5464],[72.2526,35.5871],[72.2274,35.5955],[72.2078,35.6229],[72.2505,35.6505],[72.2571,35.6802],[72.2915,35.7653],[72.2231,35.7752],[72.1832,35.7548],[72.1697,35.7809],[72.1529,35.784]]]]}},{"type":"Feature","properties":{"province_name":"Khyber Pakhtunkhwa","district_name":"Upper Dir","tehsil_name":"Khall","tehsil_code":"PK53504","area_km2":135.0141838804813},"geometry":{"type":"MultiPolygon","coordinates":[[[[72.1258,34.8929],[72.1027,34.8887],[72.0667,34.9],[72.0489,34.9223],[72.0109,34.9426],[71.9947,34.937],[71.9766,34.9583],[71.9287,34.9786],[71.9169,34.9268],[71.9461,34.9192],[71.9652,34.9014],[71.9689,34.8857],[72.028,34.8416],[72.0424,34.8383],[72.0676,34.8335],[72.0889,34.8393],[72.1279,34.8669],[72.1258,34.8929]]]]}},{"type":"Feature","properties":{"province_name":"Khyber Pakhtunkhwa","district_name":"Upper Dir","tehsil_name":"Shrengal","tehsil_code":"PK53505","area_km2":721.5647144270723},"geometry":{"type":"MultiPolygon","coordinates":[[[[72.0897,35.1891],[71.9951,35.2276],[71.9567,35.2291],[71.9698,35.2468],[71.9711,35.2814],[72.0076,35.2937],[72.012,35.3419],[71.9938,35.3794],[72.0213,35.4046],[72.0804,35.4047],[72.087,35.4256],[72.1112,35.4457],[72.1096,35.4923],[72.1454,35.5255],[72.1335,35.5802],[72.1147,35.5978],[72.1177,35.6243],[72.0986,35.6599],[72.0661,35.6392],[72.0406,35.6463],[71.9952,35.6184],[71.9581,35.5878],[71.918,35.5424],[71.9129,35.4974],[71.919,35.4648],[71.8858,35.4606],[71.875,35.4358],[71.8721,35.3732],[71.8598,35.3539],[71.8837,35.3374],[71.8905,35.3136],[71.9088,35.2887],[71.9057,35.2531],[71.9298,35.2093],[71.9655,35.1759],[72.0316,35.1437],[72.0539,35.1588],[72.0858,35.1621],[72.0897,35.1891]]]]}},{"type":"Feature","properties":{"province_name":"Khyber Pakhtunkhwa","district_name":"Upper Dir","tehsil_name":"Wari","tehsil_code":"PK53506","area_km2":499.55246348549485},"geometry":{"type":"MultiPolygon","coordinates":[[[[72.1904,35.1082],[72.1367,35.1151],[72.0971,35.1088],[72.0784,35.0949],[72.043,35.1111],[71.9898,35.0827],[71.9811,35.096],[71.9525,35.0896],[71.8822,35.0573],[71.8724,35.0455],[71.8933,35.0277],[71.9093,34.9937],[71.9287,34.9786],[71.9766,34.9583],[71.9947,34.937],[72.0109,34.9426],[72.0489,34.9223],[72.0667,34.9],[72.1027,34.8887],[72.1258,34.8929],[72.1582,34.9048],[72.1671,34.9516],[72.1868,34.9679],[72.1813,35.0019],[72.1997,35.0168],[72.2125,35.0399],[72.2116,35.0635],[72.1904,35.1082]]]]}},{"type":"Feature","properties":{"province_name":"Khyber Pakhtunkhwa","district_name":"Upper Dir","tehsil_name":"Larjam","tehsil_code":"PK53507","area_km2":319.4873968460937},"geometry":{"type":"MultiPolygon","coordinates":[[[[71.8599,35.0899],[71.847,35.0735],[71.8256,35.0697],[71.8397,35.0674],[71.8724,35.0455],[71.8822,35.0573],[71.9525,35.0896],[71.9811,35.096],[71.9898,35.0827],[72.043,35.1111],[72.0784,35.0949],[72.0971,35.1088],[72.1367,35.1151],[72.1904,35.1082],[72.2065,35.1254],[72.2536,35.1336],[72.2695,35.1793],[72.2921,35.1882],[72.3266,35.1867],[72.3188,35.2159],[72.2977,35.243],[72.2148,35.2456],[72.1467,35.2334],[72.1196,35.2032],[72.0897,35.1891],[72.0858,35.1621],[72.0539,35.1588],[72.0316,35.1437],[72.0019,35.1015],[71.9538,35.1156],[71.9001,35.105],[71.8599,35.0899]]]]}},{"type":"Feature","properties":{"province_name":"Punjab","district_name":"Attock","tehsil_name":"Attock","tehsil_code":"PK60101","area_km2":806.7072335749403},"geometry":{"type":"MultiPolygon","coordinates":[[[[72.5553,33.8184],[72.5217,33.8354],[72.4959,33.8198],[72.4488,33.8013],[72.4422,33.842],[72.411,33.8573],[72.3536,33.8601],[72.3482,33.8202],[72.3325,33.798],[72.2965,33.8348],[72.2383,33.8388],[72.2343,33.7863],[72.193,33.7621],[72.1404,33.7718],[72.0961,33.7854],[72.0718,33.7827],[72.0689,33.7599],[72.0366,33.7518],[72.0176,33.7175],[72.0526,33.7177],[72.0792,33.7047],[72.0861,33.681],[72.1288,33.6699],[72.1177,33.6388],[72.1355,33.62],[72.1549,33.6133],[72.167,33.664],[72.2349,33.6602],[72.2612,33.6542],[72.3239,33.6516],[72.351,33.6336],[72.352,33.616],[72.3848,33.6156],[72.3969,33.6003],[72.4319,33.6151],[72.4666,33.6064],[72.4976,33.6183],[72.497,33.643],[72.486,33.6673],[72.4946,33.6895],[72.4848,33.7048],[72.4997,33.7211],[72.5296,33.7179],[72.5584,33.7333],[72.5378,33.7659],[72.5232,33.7644],[72.5022,33.785],[72.5164,33.8043],[72.5311,33.7996],[72.5553,33.8184]]]]}},{"type":"Feature","properties":{"province_name":"Punjab","district_name":"Attock","tehsil_name":"Fateh Jang","tehsil_code":"PK60102","area_km2":1400.6969595168932},"geometry":{"type":"MultiPolygon","coordinates":[[[[72.7308,33.7159],[72.6883,33.7178],[72.6645,33.7109],[72.6532,33.7224],[72.6143,33.7302],[72.6006,33.7393],[72.5584,33.7333],[72.5296,33.7179],[72.4997,33.7211],[72.4848,33.7048],[72.4946,33.6895],[72.486,33.6673],[72.497,33.643],[72.4976,33.6183],[72.4666,33.6064],[72.4319,33.6151],[72.3969,33.6003],[72.4403,33.586],[72.4543,33.5676],[72.443,33.5213],[72.4481,33.4906],[72.4121,33.4445],[72.3877,33.4253],[72.4388,33.4076],[72.4672,33.3727],[72.4846,33.3798],[72.503,33.3601],[72.5089,33.3301],[72.5496,33.3392],[72.5561,33.327],[72.6078,33.3187],[72.624,33.283],[72.6535,33.2844],[72.663,33.2745],[72.6886,33.277],[72.6793,33.2949],[72.6961,33.3324],[72.718,33.3594],[72.7288,33.3829],[72.7725,33.3964],[72.7743,33.4426],[72.8256,33.4639],[72.8678,33.4746],[72.8874,33.4621],[72.9208,33.4864],[72.9003,33.518],[72.856,33.5318],[72.8444,33.5612],[72.8161,33.5689],[72.8228,33.5996],[72.7983,33.625],[72.7987,33.6375],[72.743,33.6364],[72.7458,33.6654],[72.7305,33.6897],[72.7553,33.6969],[72.7504,33.716],[72.7308,33.7159]]]]}},{"type":"Feature","properties":{"province_name":"Punjab","district_name":"Attock","tehsil_name":"Hasan Abdal","tehsil_code":"PK60103","area_km2":329.1138278347261},"geometry":{"type":"MultiPolygon","coordinates":[[[[72.8338,33.879],[72.7942,33.8871],[72.7702,33.9153],[72.789,33.9202],[72.7838,33.9398],[72.7686,33.9495],[72.7051,33.9057],[72.7089,33.8823],[72.693,33.8714],[72.6441,33.8575],[72.6338,33.8802],[72.6135,33.8755],[72.5553,33.8184],[72.5311,33.7996],[72.5164,33.8043],[72.5022,33.785],[72.5232,33.7644],[72.5378,33.7659],[72.5584,33.7333],[72.6006,33.7393],[72.6143,33.7302],[72.6532,33.7224],[72.6645,33.7109],[72.6883,33.7178],[72.7308,33.7159],[72.701,33.745],[72.7038,33.775],[72.6849,33.8082],[72.7117,33.8225],[72.7303,33.8559],[72.7485,33.865],[72.7806,33.8432],[72.7892,33.807],[72.8138,33.8009],[72.8219,33.8291],[72.8338,33.879]]]]}},{"type":"Feature","properties":{"province_name":"Punjab","district_name":"Attock","tehsil_name":"Hazro","tehsil_code":"PK60104","area_km2":512.131028388058},"geometry":{"type":"MultiPolygon","coordinates":[[[[72.5489,33.998],[72.4897,34.0015],[72.4488,33.9915],[72.4281,34.0005],[72.4023,34.0052],[72.4025,33.9778],[72.3783,33.9597],[72.3388,33.9442],[72.323,33.9482],[72.2345,33.9005],[72.2383,33.8388],[72.2965,33.8348],[72.3325,33.798],[72.3482,33.8202],[72.3536,33.8601],[72.411,33.8573],[72.4422,33.842],[72.4488,33.8013],[72.4959,33.8198],[72.5217,33.8354],[72.5553,33.8184],[72.6135,33.8755],[72.6081,33.8915],[72.6526,33.9311],[72.634,33.9443],[72.6035,33.9534],[72.5588,33.9596],[72.5492,33.9938],[72.5489,33.998]]]]}},{"type":"Feature","properties":{"province_name":"Punjab","district_name":"Attock","tehsil_name":"Jand","tehsil_code":"PK60105","area_km2":2299.847026381035},"geometry":{"type":"MultiPolygon","coordinates":[[[[72.3969,33.6003],[72.3848,33.6156],[72.352,33.616],[72.351,33.6336],[72.3239,33.6516],[72.2612,33.6542],[72.2349,33.6602],[72.167,33.664],[72.1549,33.6133],[72.1355,33.62],[72.1177,33.6388],[72.1288,33.6699],[72.0861,33.681],[72.0792,33.7047],[72.0526,33.7177],[72.0176,33.7175],[72.01,33.7146],[71.9976,33.6769],[71.9812,33.6594],[71.9784,33.5868],[71.952,33.5705],[71.9671,33.5366],[71.9474,33.5074],[71.906,33.4849],[71.8929,33.4619],[71.8674,33.445],[71.8669,33.4118],[71.8324,33.4091],[71.7862,33.3878],[71.7357,33.3655],[71.7147,33.339],[71.7272,33.334],[71.7291,33.3101],[71.7051,33.2849],[71.7166,33.2412],[71.752,33.2107],[71.7614,33.1855],[71.7462,33.1419],[71.7245,33.1258],[71.7116,33.1023],[71.7185,33.0598],[71.7269,33.037],[71.7192,33.0209],[71.7477,33.0181],[71.7932,33.0015],[71.8042,33.0049],[71.8352,33.024],[71.8482,33.0473],[71.8683,33.0528],[71.9072,33.0445],[71.9647,33.0966],[72.0183,33.1071],[72.033,33.1004],[72.0476,33.117],[72.0411,33.1493],[72.0024,33.1606],[71.9775,33.1822],[71.9386,33.1995],[71.9561,33.2129],[71.9623,33.241],[71.9534,33.2573],[71.9696,33.2984],[72.0068,33.3004],[72.0154,33.316],[72.0478,33.3273],[72.0826,33.3123],[72.1389,33.3428],[72.1821,33.3362],[72.1878,33.3482],[72.1537,33.3662],[72.1444,33.3973],[72.1556,33.4149],[72.1835,33.4238],[72.2354,33.4183],[72.2632,33.4561],[72.2344,33.471],[72.2632,33.4856],[72.2714,33.5045],[72.2902,33.5039],[72.2989,33.482],[72.2907,33.4498],[72.3169,33.4268],[72.349,33.4207],[72.3877,33.4253],[72.4121,33.4445],[72.4481,33.4906],[72.443,33.5213],[72.4543,33.5676],[72.4403,33.586],[72.3969,33.6003]]]]}},{"type":"Feature","properties":{"province_name":"Punjab","district_name":"Attock","tehsil_name":"Pindi Gheb","tehsil_code":"PK60106","area_km2":1572.213680310099},"geometry":{"type":"MultiPolygon","coordinates":[[[[72.3877,33.4253],[72.349,33.4207],[72.3169,33.4268],[72.2907,33.4498],[72.2989,33.482],[72.2902,33.5039],[72.2714,33.5045],[72.2632,33.4856],[72.2344,33.471],[72.2632,33.4561],[72.2354,33.4183],[72.1835,33.4238],[72.1556,33.4149],[72.1444,33.3973],[72.1537,33.3662],[72.1878,33.3482],[72.1821,33.3362],[72.1389,33.3428],[72.0826,33.3123],[72.0478,33.3273],[72.0154,33.316],[72.0068,33.3004],[71.9696,33.2984],[71.9534,33.2573],[71.9623,33.241],[71.9561,33.2129],[71.9386,33.1995],[71.9775,33.1822],[72.0024,33.1606],[72.0411,33.1493],[72.0476,33.117],[72.0928,33.1232],[72.1172,33.1124],[72.1714,33.1033],[72.1964,33.1321],[72.187,33.1417],[72.1976,33.1619],[72.252,33.1329],[72.2774,33.1452],[72.2965,33.1287],[72.346,33.1394],[72.3744,33.1303],[72.4304,33.1412],[72.444,33.1506],[72.4709,33.1432],[72.487,33.1496],[72.5048,33.1666],[72.5092,33.1893],[72.5393,33.2126],[72.577,33.2084],[72.589,33.1892],[72.6363,33.1902],[72.6322,33.2069],[72.6448,33.2215],[72.6503,33.2533],[72.663,33.2745],[72.6535,33.2844],[72.624,33.283],[72.6078,33.3187],[72.5561,33.327],[72.5496,33.3392],[72.5089,33.3301],[72.503,33.3601],[72.4846,33.3798],[72.4672,33.3727],[72.4388,33.4076],[72.3877,33.4253]]]]}},{"type":"Feature","properties":{"province_name":"Punjab","district_name":"Bahawalnagar","tehsil_name":"Bahawalnagar","tehsil_code":"PK60201","area_km2":1822.0722184322065},"geometry":{"type":"MultiPolygon","coordinates":[[[[73.3066,30.1025],[73.2589,30.102],[73.2336,30.0928],[73.2181,30.0667],[73.1645,30.0745],[73.1484,30.0542],[73.1176,30.0364],[73.0834,30.0244],[73.0402,30.0403],[73.0164,30.0271],[73.0282,29.9999],[73.0072,29.9848],[73.0177,29.9642],[72.971,29.9631],[72.9407,29.9655],[72.9217,29.9951],[72.8867,29.9955],[72.8826,29.982],[72.855,29.9497],[72.8644,29.9251],[72.8818,29.9162],[72.8848,29.9004],[72.9431,29.8654],[72.9649,29.8366],[72.9931,29.8271],[73.0147,29.7988],[73.0397,29.8023],[73.0508,29.7524],[73.0683,29.7357],[73.076,29.716],[73.0493,29.6911],[73.0632,29.6514],[73.0737,29.6361],[73.1041,29.616],[73.1378,29.6052],[73.1819,29.5506],[73.224,29.5144],[73.2339,29.4873],[73.2748,29.5562],[73.2859,29.5849],[73.3467,29.7765],[73.3878,29.9101],[73.3804,29.9406],[73.3627,29.9619],[73.3633,29.9899],[73.349,30.0376],[73.3544,30.0789],[73.316,30.0925],[73.3066,30.1025]]]]}},{"type":"Feature","properties":{"province_name":"Punjab","district_name":"Bahawalnagar","tehsil_name":"Chishtian","tehsil_code":"PK60202","area_km2":1829.824107081338},"geometry":{"type":"MultiPolygon","coordinates":[[[[73.0632,29.6514],[73.0493,29.6911],[73.076,29.716],[73.0683,29.7357],[73.0508,29.7524],[73.0397,29.8023],[73.0147,29.7988],[72.9931,29.8271],[72.9649,29.8366],[72.9431,29.8654],[72.8848,29.9004],[72.8818,29.9162],[72.8644,29.9251],[72.853,29.9287],[72.8349,29.9667],[72.8201,29.9802],[72.7794,29.9783],[72.7621,29.9597],[72.7722,29.9378],[72.7571,29.9189],[72.7694,29.9035],[72.7528,29.8915],[72.7285,29.9242],[72.713,29.9239],[72.6921,29.9095],[72.6953,29.8971],[72.6779,29.8589],[72.6539,29.874],[72.6413,29.8612],[72.6102,29.8532],[72.6022,29.841],[72.5678,29.84],[72.5625,29.8087],[72.5566,29.7762],[72.5681,29.7327],[72.5869,29.7135],[72.6227,29.6903],[72.6434,29.6843],[72.6438,29.6502],[72.6601,29.6523],[72.6813,29.6296],[72.667,29.5956],[72.6968,29.5907],[72.7194,29.5618],[72.6989,29.5458],[72.7258,29.5284],[72.7263,29.466],[72.7022,29.4552],[72.695,29.4361],[72.6461,29.4184],[72.6354,29.4084],[72.6342,29.3693],[72.6451,29.3442],[72.6817,29.3263],[72.7035,29.3391],[72.7192,29.3032],[72.7455,29.312],[72.7556,29.3665],[72.7792,29.3669],[72.7692,29.3892],[72.7871,29.4171],[72.8105,29.4159],[72.8192,29.4384],[72.8397,29.4545],[72.833,29.4752],[72.8344,29.5191],[72.8592,29.5237],[72.8895,29.548],[72.9239,29.5637],[72.9436,29.5605],[72.9578,29.5749],[72.9912,29.5936],[72.9958,29.6087],[73.0458,29.6348],[73.0632,29.6514]]]]}},{"type":"Feature","properties":{"province_name":"Punjab","district_name":"Bahawalnagar","tehsil_name":"Fort Abbas","tehsil_code":"PK60203","area_km2":2353.258034640838},"geometry":{"type":"MultiPolygon","coordinates":[[[[73.1176,29.2927],[73.0847,29.2925],[73.0707,29.2834],[73.0366,29.2828],[73.0433,29.3099],[73.0325,29.323],[72.9908,29.3264],[72.9399,29.3123],[72.9307,29.2897],[72.9067,29.3036],[72.9141,29.3241],[72.886,29.3282],[72.8768,29.3188],[72.8506,29.3224],[72.7882,29.3007],[72.7585,29.2883],[72.7076,29.2919],[72.6873,29.2684],[72.7131,29.243],[72.7371,29.2485],[72.7379,29.2168],[72.7085,29.2163],[72.6838,29.2053],[72.6594,29.209],[72.6309,29.2223],[72.6131,29.2416],[72.5741,29.2419],[72.5114,29.2321],[72.4652,29.2028],[72.4522,29.2064],[72.3863,29.2038],[72.3675,29.1989],[72.3287,29.2322],[72.3,29.2185],[72.2793,29.2196],[72.2649,29.1911],[72.2779,29.1841],[72.2644,29.157],[72.278,29.146],[72.2705,29.1245],[72.2836,29.118],[72.2756,29.0948],[72.2969,29.0899],[72.2987,29.0651],[72.3601,29.0888],[72.406,29.0268],[72.4264,28.9864],[72.4466,28.9135],[72.49,28.8144],[72.577,28.8622],[72.7302,28.9501],[72.915,29.0202],[72.9444,29.0341],[73.0057,29.1568],[73.0966,29.2554],[73.1176,29.2927]]]]}},{"type":"Feature","properties":{"province_name":"Punjab","district_name":"Bahawalnagar","tehsil_name":"Haroonabad","tehsil_code":"PK60204","area_km2":1144.4288555286107},"geometry":{"type":"MultiPolygon","coordinates":[[[[73.2339,29.4873],[73.224,29.5144],[73.1819,29.5506],[73.1378,29.6052],[73.1041,29.616],[73.0737,29.6361],[73.0632,29.6514],[73.0458,29.6348],[72.9958,29.6087],[72.9912,29.5936],[72.9578,29.5749],[72.9436,29.5605],[72.9239,29.5637],[72.8895,29.548],[72.8592,29.5237],[72.8344,29.5191],[72.833,29.4752],[72.8397,29.4545],[72.8192,29.4384],[72.8105,29.4159],[72.7871,29.4171],[72.7692,29.3892],[72.7792,29.3669],[72.7556,29.3665],[72.7455,29.312],[72.7882,29.3007],[72.8506,29.3224],[72.8768,29.3188],[72.886,29.3282],[72.9141,29.3241],[72.9067,29.3036],[72.9307,29.2897],[72.9399,29.3123],[72.9908,29.3264],[73.0325,29.323],[73.0433,29.3099],[73.0366,29.2828],[73.0707,29.2834],[73.0847,29.2925],[73.1176,29.2927],[73.132,29.3187],[73.2144,29.4522],[73.2339,29.4873]]]]}},{"type":"Feature","properties":{"province_name":"Punjab","district_name":"Bahawalnagar","tehsil_name":"Minchinabad","tehsil_code":"PK60205","area_km2":1452.587171173269},"geometry":{"type":"MultiPolygon","coordinates":[[[[73.9243,30.3296],[73.8978,30.3376],[73.8556,30.3112],[73.8045,30.3249],[73.774,30.3164],[73.7726,30.2866],[73.7319,30.2666],[73.7011,30.2755],[73.6843,30.2673],[73.6629,30.2811],[73.6491,30.2718],[73.6255,30.2782],[73.5944,30.266],[73.5794,30.2727],[73.5625,30.2553],[73.5301,30.2597],[73.4809,30.2172],[73.4553,30.2201],[73.4493,30.2041],[73.4582,30.1831],[73.4436,30.1577],[73.415,30.1736],[73.4064,30.1561],[73.376,30.1491],[73.3725,30.1216],[73.3776,30.0969],[73.3072,30.1128],[73.3066,30.1025],[73.316,30.0925],[73.3544,30.0789],[73.349,30.0376],[73.3633,29.9899],[73.3627,29.9619],[73.3804,29.9406],[73.3878,29.9101],[73.3965,29.939],[73.4083,29.9475],[73.5782,30.0101],[73.6292,30.0242],[73.7704,30.0581],[73.8039,30.0699],[73.8425,30.1052],[73.9653,30.1913],[73.969,30.2016],[73.9567,30.2775],[73.9437,30.3059],[73.9243,30.3296]]]]}},{"type":"Feature","properties":{"province_name":"Punjab","district_name":"Bahawalpur","tehsil_name":"Ahmadpur East","tehsil_code":"PK60301","area_km2":1488.769135667976},"geometry":{"type":"MultiPolygon","coordinates":[[[[71.3546,29.4232],[71.3366,29.4294],[71.3324,29.4456],[71.2386,29.4459],[71.2307,29.4799],[71.2167,29.4825],[71.1621,29.469],[71.1207,29.4498],[71.105,29.4508],[71.0928,29.4309],[71.0611,29.4428],[71.0361,29.4154],[71.0374,29.3867],[70.999,29.3674],[70.9716,29.3624],[70.9596,29.3464],[70.9352,29.3476],[70.9147,29.3184],[70.9501,29.3002],[70.9593,29.2801],[70.9458,29.2697],[70.9175,29.2818],[70.9149,29.2413],[70.9111,29.2082],[70.887,29.1802],[70.9171,29.1817],[70.9313,29.1597],[70.9325,29.1411],[70.9467,29.1266],[70.9519,29.105],[70.9844,29.0822],[71.0031,29.0889],[71.0213,29.1295],[71.045,29.1465],[71.0779,29.1499],[71.0827,29.1181],[71.0947,29.108],[71.1389,29.1038],[71.14,29.0874],[71.1833,29.0852],[71.1978,29.0902],[71.2238,29.0799],[71.2641,29.1036],[71.3338,29.1546],[71.3466,29.171],[71.3686,29.2364],[71.3692,29.2594],[71.3609,29.3139],[71.3734,29.3417],[71.375,29.3882],[71.3546,29.4232]]]]}},{"type":"Feature","properties":{"province_name":"Punjab","district_name":"Bahawalpur","tehsil_name":"Bahawalpur","tehsil_code":"PK60302","area_km2":1437.2387670069334},"geometry":{"type":"MultiPolygon","coordinates":[[[[71.9101,29.5102],[71.8959,29.5359],[71.8718,29.5449],[71.8712,29.5161],[71.8554,29.5157],[71.8459,29.5378],[71.8187,29.5341],[71.8012,29.5099],[71.7773,29.5026],[71.7478,29.529],[71.7333,29.53],[71.7292,29.5017],[71.7119,29.4814],[71.693,29.4837],[71.6296,29.4718],[71.6116,29.4385],[71.5824,29.444],[71.5706,29.4278],[71.5434,29.431],[71.5167,29.4489],[71.5038,29.4102],[71.4787,29.3977],[71.4539,29.4014],[71.4327,29.4184],[71.3919,29.4113],[71.375,29.3882],[71.3734,29.3417],[71.3609,29.3139],[71.3692,29.2594],[71.3686,29.2364],[71.3466,29.171],[71.3679,29.125],[71.3871,29.1442],[71.4181,29.1637],[71.4564,29.1549],[71.4859,29.1645],[71.5212,29.1663],[71.5343,29.1777],[71.5654,29.1764],[71.5676,29.1601],[71.5961,29.1616],[71.6181,29.1736],[71.6358,29.1719],[71.6604,29.1876],[71.683,29.1929],[71.688,29.2137],[71.727,29.2221],[71.7264,29.2755],[71.7198,29.3117],[71.726,29.3238],[71.7597,29.3317],[71.7845,29.3529],[71.8259,29.3531],[71.8587,29.3414],[71.8603,29.3608],[71.8821,29.3677],[71.8989,29.3618],[71.9083,29.3789],[71.9446,29.381],[71.9646,29.4095],[71.9588,29.4187],[71.966,29.4547],[71.9522,29.4924],[71.9192,29.4798],[71.9101,29.5102]]]]}},{"type":"Feature","properties":{"province_name":"Punjab","district_name":"Bahawalpur","tehsil_name":"Hasilpur","tehsil_code":"PK60303","area_km2":1156.4009100833214},"geometry":{"type":"MultiPolygon","coordinates":[[[[72.5625,29.8087],[72.5418,29.8104],[72.5292,29.8318],[72.5025,29.8361],[72.4554,29.8288],[72.4615,29.8495],[72.4294,29.8403],[72.411,29.8491],[72.3956,29.8634],[72.3668,29.837],[72.3345,29.8436],[72.3119,29.8222],[72.2762,29.804],[72.2791,29.7869],[72.3232,29.7747],[72.3226,29.7522],[72.3563,29.7332],[72.3535,29.7033],[72.3596,29.6826],[72.3529,29.6521],[72.3753,29.6491],[72.3701,29.6109],[72.404,29.6214],[72.4091,29.5959],[72.4249,29.5713],[72.4163,29.5366],[72.4254,29.5288],[72.4689,29.5274],[72.5096,29.5109],[72.5382,29.4671],[72.4822,29.4805],[72.4799,29.4648],[72.4543,29.4683],[72.4342,29.4515],[72.4342,29.4388],[72.4604,29.4208],[72.4953,29.4298],[72.5077,29.4049],[72.5275,29.4056],[72.5533,29.4185],[72.5926,29.4199],[72.6047,29.4377],[72.6289,29.4434],[72.6461,29.4184],[72.695,29.4361],[72.7022,29.4552],[72.7263,29.466],[72.7258,29.5284],[72.6989,29.5458],[72.7194,29.5618],[72.6968,29.5907],[72.667,29.5956],[72.6813,29.6296],[72.6601,29.6523],[72.6438,29.6502],[72.6434,29.6843],[72.6227,29.6903],[72.5869,29.7135],[72.5681,29.7327],[72.5566,29.7762],[72.5625,29.8087]]]]}},{"type":"Feature","properties":{"province_name":"Punjab","district_name":"Bahawalpur","tehsil_name":"Khairpur Tamewali","tehsil_code":"PK60304","area_km2":721.170888271569},"geometry":{"type":"MultiPolygon","coordinates":[[[[72.3701,29.6109],[72.3753,29.6491],[72.3529,29.6521],[72.3596,29.6826],[72.3535,29.7033],[72.3563,29.7332],[72.3226,29.7522],[72.3232,29.7747],[72.2791,29.7869],[72.2762,29.804],[72.2558,29.8145],[72.2262,29.7899],[72.2264,29.7693],[72.2092,29.7593],[72.2447,29.7225],[72.2364,29.7068],[72.191,29.7092],[72.1784,29.648],[72.1583,29.6438],[72.1645,29.6206],[72.1251,29.594],[72.0927,29.6018],[72.0707,29.5881],[72.0733,29.5565],[72.0496,29.5513],[72.0158,29.5723],[72.0073,29.5506],[71.9854,29.5462],[71.9117,29.5645],[71.9156,29.5469],[71.9398,29.5275],[71.931,29.5134],[71.9101,29.5102],[71.9192,29.4798],[71.9522,29.4924],[71.966,29.4547],[71.9588,29.4187],[71.9646,29.4095],[71.9991,29.4098],[72.0565,29.4456],[72.1168,29.4877],[72.1998,29.523],[72.249,29.5481],[72.283,29.5609],[72.322,29.5864],[72.3545,29.5971],[72.3701,29.6109]]]]}},{"type":"Feature","properties":{"province_name":"Punjab","district_name":"Bahawalpur","tehsil_name":"Yazman","tehsil_code":"PK60305","area_km2":19186.17463511706},"geometry":{"type":"MultiPolygon","coordinates":[[[[72.6461,29.4184],[72.6289,29.4434],[72.6047,29.4377],[72.5926,29.4199],[72.5533,29.4185],[72.5275,29.4056],[72.5077,29.4049],[72.4953,29.4298],[72.4604,29.4208],[72.4342,29.4388],[72.4342,29.4515],[72.4543,29.4683],[72.4799,29.4648],[72.4822,29.4805],[72.5382,29.4671],[72.5096,29.5109],[72.4689,29.5274],[72.4254,29.5288],[72.4163,29.5366],[72.4249,29.5713],[72.4091,29.5959],[72.404,29.6214],[72.3701,29.6109],[72.3545,29.5971],[72.322,29.5864],[72.283,29.5609],[72.249,29.5481],[72.1998,29.523],[72.1168,29.4877],[72.0565,29.4456],[71.9991,29.4098],[71.9646,29.4095],[71.9446,29.381],[71.9083,29.3789],[71.8989,29.3618],[71.8821,29.3677],[71.8603,29.3608],[71.8587,29.3414],[71.8259,29.3531],[71.7845,29.3529],[71.7597,29.3317],[71.726,29.3238],[71.7198,29.3117],[71.7264,29.2755],[71.727,29.2221],[71.688,29.2137],[71.683,29.1929],[71.6604,29.1876],[71.6358,29.1719],[71.6181,29.1736],[71.5961,29.1616],[71.5676,29.1601],[71.5654,29.1764],[71.5343,29.1777],[71.5212,29.1663],[71.4859,29.1645],[71.4564,29.1549],[71.4181,29.1637],[71.3871,29.1442],[71.3679,29.125],[71.3466,29.171],[71.3338,29.1546],[71.2641,29.1036],[71.2238,29.0799],[71.1978,29.0902],[71.1833,29.0852],[71.14,29.0874],[71.1389,29.1038],[71.0947,29.108],[71.0827,29.1181],[71.0874,29.0679],[71.0639,29.0508],[71.064,29.025],[71.0457,29.0092],[71.0612,28.9826],[71.0523,28.9671],[71.0616,28.9346],[71.0453,28.9223],[71.0602,28.8906],[71.0465,28.8187],[71.0203,28.7596],[70.986,28.6993],[70.9682,28.6269],[70.9526,28.5773],[70.9481,28.5442],[70.9513,28.4795],[70.9705,28.3774],[70.9721,28.3308],[70.9676,28.2884],[70.9746,28.2345],[70.9966,28.1692],[71.0253,28.129],[71.0391,28.0776],[71.0613,28.0157],[71.0735,27.9473],[71.0907,27.9024],[71.0985,27.8227],[71.1058,27.7931],[71.2211,27.8428],[71.3525,27.8661],[71.5855,27.8769],[71.6749,27.8855],[71.6964,27.8919],[71.8996,27.9642],[71.9223,28.114],[71.992,28.2036],[72.0191,28.2275],[72.1242,28.304],[72.1514,28.3334],[72.1844,28.358],[72.2089,28.4],[72.302,28.6648],[72.3298,28.7038],[72.3962,28.7747],[72.4114,28.7862],[72.49,28.8144],[72.4466,28.9135],[72.4264,28.9864],[72.406,29.0268],[72.3601,29.0888],[72.2987,29.0651],[72.2969,29.0899],[72.2756,29.0948],[72.2836,29.118],[72.2705,29.1245],[72.278,29.146],[72.2644,29.157],[72.2779,29.1841],[72.2649,29.1911],[72.2793,29.2196],[72.3,29.2185],[72.3287,29.2322],[72.3675,29.1989],[72.3863,29.2038],[72.4522,29.2064],[72.4652,29.2028],[72.5114,29.2321],[72.5741,29.2419],[72.6131,29.2416],[72.6309,29.2223],[72.6594,29.209],[72.6838,29.2053],[72.7085,29.2163],[72.7379,29.2168],[72.7371,29.2485],[72.7131,29.243],[72.6873,29.2684],[72.7076,29.2919],[72.7585,29.2883],[72.7882,29.3007],[72.7455,29.312],[72.7192,29.3032],[72.7035,29.3391],[72.6817,29.3263],[72.6451,29.3442],[72.6342,29.3693],[72.6354,29.4084],[72.6461,29.4184]]]]}},{"type":"Feature","properties":{"province_name":"Punjab","district_name":"Bhakkar","tehsil_name":"Bhakkar","tehsil_code":"PK60401","area_km2":1738.462339148802},"geometry":{"type":"MultiPolygon","coordinates":[[[[71.4505,31.6596],[71.4276,31.6625],[71.4245,31.6803],[71.3961,31.6998],[71.3877,31.7483],[71.3703,31.7605],[71.3441,31.7546],[71.3269,31.7194],[71.2786,31.711],[71.2736,31.6684],[71.2474,31.6636],[71.2465,31.7165],[71.2209,31.7234],[71.1897,31.7222],[71.1399,31.7024],[71.1013,31.7072],[71.0233,31.736],[71.0075,31.7653],[70.9914,31.7764],[70.961,31.7516],[70.9547,31.7326],[70.9362,31.7163],[70.9319,31.6966],[70.9026,31.6757],[70.8825,31.6379],[70.8833,31.6124],[70.8995,31.5904],[70.8694,31.5473],[70.902,31.5222],[70.8763,31.5091],[70.8925,31.4878],[70.8844,31.4485],[70.8717,31.4267],[70.8425,31.4248],[70.8354,31.383],[70.8703,31.3762],[70.8936,31.3995],[70.9161,31.4114],[70.9324,31.3789],[70.9739,31.377],[71,31.3847],[71.0938,31.3815],[71.1381,31.3619],[71.1967,31.3635],[71.222,31.3732],[71.238,31.3955],[71.2403,31.4189],[71.2912,31.4369],[71.3201,31.4713],[71.3018,31.4931],[71.3437,31.5064],[71.3888,31.5362],[71.4383,31.6127],[71.4505,31.6596]]]]}},{"type":"Feature","properties":{"province_name":"Punjab","district_name":"Bhakkar","tehsil_name":"Darya Khan","tehsil_code":"PK60402","area_km2":1388.25331307252},"geometry":{"type":"MultiPolygon","coordinates":[[[[71.6917,31.9158],[71.5927,31.9348],[71.5441,31.9419],[71.5277,31.9555],[71.5094,31.9458],[71.4403,31.945],[71.3452,31.9021],[71.2614,31.9081],[71.249,31.9266],[71.2487,31.9467],[71.1477,31.9495],[71.068,31.9666],[71.0688,31.9442],[71.0606,31.8818],[71.0355,31.8679],[71.0171,31.8075],[70.9914,31.7764],[71.0075,31.7653],[71.0233,31.736],[71.1013,31.7072],[71.1399,31.7024],[71.1897,31.7222],[71.2209,31.7234],[71.2465,31.7165],[71.2474,31.6636],[71.2736,31.6684],[71.2786,31.711],[71.3269,31.7194],[71.3441,31.7546],[71.3703,31.7605],[71.3877,31.7483],[71.3961,31.6998],[71.4245,31.6803],[71.4276,31.6625],[71.4505,31.6596],[71.4958,31.6576],[71.5081,31.7064],[71.5248,31.7356],[71.5746,31.7854],[71.5918,31.7951],[71.6436,31.8108],[71.6718,31.8291],[71.6262,31.8463],[71.6447,31.8801],[71.6718,31.8864],[71.6917,31.9158]]]]}},{"type":"Feature","properties":{"province_name":"Punjab","district_name":"Bhakkar","tehsil_name":"Kalur Kot","tehsil_code":"PK60403","area_km2":1797.761757100501},"geometry":{"type":"MultiPolygon","coordinates":[[[[71.7284,32.1988],[71.6628,32.1917],[71.6137,32.196],[71.5239,32.2216],[71.5082,32.2201],[71.473,32.1968],[71.433,32.1953],[71.3812,32.2053],[71.3359,32.2022],[71.3211,32.1739],[71.2666,32.1889],[71.2442,32.2019],[71.2281,32.1792],[71.1986,32.1874],[71.1743,32.205],[71.173,32.1909],[71.1466,32.1602],[71.1122,32.1609],[71.1024,32.1332],[71.1136,32.108],[71.1024,32.0899],[71.0884,32.0395],[71.0692,32.0329],[71.0721,31.9989],[71.068,31.9666],[71.1477,31.9495],[71.2487,31.9467],[71.249,31.9266],[71.2614,31.9081],[71.3452,31.9021],[71.4403,31.945],[71.5094,31.9458],[71.5277,31.9555],[71.5441,31.9419],[71.5927,31.9348],[71.6917,31.9158],[71.7189,31.9551],[71.712,31.9896],[71.7693,32.047],[71.7725,32.1052],[71.7788,32.1387],[71.7514,32.1774],[71.7306,32.1821],[71.7284,32.1988]]]]}},{"type":"Feature","properties":{"province_name":"Punjab","district_name":"Bhakkar","tehsil_name":"Mankera","tehsil_code":"PK60404","area_km2":3553.119539092864},"geometry":{"type":"MultiPolygon","coordinates":[[[[71.9889,31.5314],[71.9369,31.5555],[71.9233,31.5873],[71.9007,31.6025],[71.8598,31.6149],[71.8068,31.6631],[71.7754,31.6764],[71.7544,31.696],[71.7491,31.7531],[71.7331,31.7719],[71.7154,31.8123],[71.6718,31.8291],[71.6436,31.8108],[71.5918,31.7951],[71.5746,31.7854],[71.5248,31.7356],[71.5081,31.7064],[71.4958,31.6576],[71.4505,31.6596],[71.4383,31.6127],[71.3888,31.5362],[71.3437,31.5064],[71.3018,31.4931],[71.3201,31.4713],[71.2912,31.4369],[71.2403,31.4189],[71.238,31.3955],[71.222,31.3732],[71.1967,31.3635],[71.1929,31.3124],[71.2563,31.2312],[71.2826,31.2366],[71.2933,31.1757],[71.3054,31.1495],[71.3228,31.1405],[71.3485,31.1468],[71.4438,31.1525],[71.4723,31.1709],[71.4945,31.2065],[71.4998,31.2283],[71.5384,31.2427],[71.5978,31.236],[71.6325,31.2204],[71.6877,31.1749],[71.722,31.1792],[71.7621,31.1737],[71.7643,31.1572],[71.7905,31.1842],[71.792,31.2092],[71.803,31.2319],[71.8447,31.2453],[71.8716,31.2637],[71.9115,31.2682],[71.9908,31.2531],[72.0103,31.2703],[72.0148,31.3068],[72.0239,31.3312],[72.0178,31.3499],[72.0208,31.3767],[72.0077,31.4084],[72.0104,31.4203],[72.0034,31.4835],[71.9785,31.4939],[71.9788,31.5178],[71.9889,31.5314]]]]}},{"type":"Feature","properties":{"province_name":"Punjab","district_name":"Chakwal","tehsil_name":"Chakwal","tehsil_code":"PK60501","area_km2":2222.0830740646616},"geometry":{"type":"MultiPolygon","coordinates":[[[[72.6363,33.1902],[72.589,33.1892],[72.577,33.2084],[72.5393,33.2126],[72.5092,33.1893],[72.5048,33.1666],[72.487,33.1496],[72.4856,33.1215],[72.5193,33.0925],[72.5145,33.0744],[72.484,33.0406],[72.5125,32.9977],[72.4955,32.9783],[72.5135,32.9233],[72.525,32.9248],[72.5726,32.8973],[72.5951,32.9045],[72.6073,32.9261],[72.6302,32.9199],[72.6612,32.8857],[72.6984,32.8951],[72.7359,32.8843],[72.7803,32.8966],[72.7969,32.8935],[72.7958,32.8689],[72.8173,32.8403],[72.8139,32.8159],[72.8013,32.8122],[72.763,32.8199],[72.7564,32.7963],[72.8354,32.7918],[72.8473,32.7817],[72.914,32.7839],[73.0051,32.7709],[73.0191,32.776],[73.0655,32.7735],[73.0816,32.7827],[73.1221,32.8236],[73.1153,32.8328],[73.1519,32.8683],[73.1534,32.903],[73.2051,32.9456],[73.2148,32.9834],[73.1893,33.013],[73.1864,33.0413],[73.196,33.0802],[73.2103,33.0928],[73.2034,33.0979],[73.1313,33.0943],[73.1179,33.0741],[73.0844,33.0978],[73.0679,33.0778],[73.0349,33.0644],[73.0259,33.0869],[72.9837,33.1125],[72.9494,33.1148],[72.9332,33.1482],[72.9254,33.1694],[72.877,33.1682],[72.8549,33.1601],[72.83,33.1655],[72.812,33.1589],[72.7679,33.1894],[72.7231,33.193],[72.7101,33.2127],[72.6765,33.2056],[72.662,33.2125],[72.6363,33.1902]]]]}},{"type":"Feature","properties":{"province_name":"Punjab","district_name":"Chakwal","tehsil_name":"Choa Saidan Shah","tehsil_code":"PK60502","area_km2":421.1261857432135},"geometry":{"type":"MultiPolygon","coordinates":[[[[73.2212,32.7392],[73.2477,32.7599],[73.2402,32.7944],[73.2208,32.815],[73.1507,32.8248],[73.1221,32.8236],[73.0816,32.7827],[73.0655,32.7735],[73.0191,32.776],[73.0051,32.7709],[72.914,32.7839],[72.8473,32.7817],[72.8355,32.7413],[72.8534,32.7078],[72.8549,32.6648],[72.8493,32.6545],[72.8723,32.6396],[72.8896,32.6533],[72.935,32.6568],[72.9407,32.6692],[72.9789,32.6637],[72.9966,32.6919],[73.0106,32.7005],[73.0503,32.6894],[73.0697,32.672],[73.0889,32.672],[73.0893,32.6965],[73.1244,32.7069],[73.1548,32.7245],[73.1574,32.7395],[73.1885,32.7298],[73.2212,32.7392]]]]}},{"type":"Feature","properties":{"province_name":"Punjab","district_name":"Chakwal","tehsil_name":"Kallar Kahar","tehsil_code":"PK60503","area_km2":877.6191555112517},"geometry":{"type":"MultiPolygon","coordinates":[[[[72.8473,32.7817],[72.8354,32.7918],[72.7564,32.7963],[72.763,32.8199],[72.8013,32.8122],[72.8139,32.8159],[72.8173,32.8403],[72.7958,32.8689],[72.7969,32.8935],[72.7803,32.8966],[72.7359,32.8843],[72.6984,32.8951],[72.6612,32.8857],[72.6302,32.9199],[72.6073,32.9261],[72.5951,32.9045],[72.5726,32.8973],[72.525,32.9248],[72.5135,32.9233],[72.4988,32.9041],[72.4951,32.8753],[72.5063,32.859],[72.4924,32.8366],[72.4806,32.8016],[72.4809,32.778],[72.5022,32.769],[72.5039,32.7517],[72.5236,32.6986],[72.5376,32.6949],[72.5352,32.6644],[72.5672,32.662],[72.5651,32.6384],[72.5779,32.6192],[72.6038,32.5992],[72.6527,32.5948],[72.7276,32.612],[72.7443,32.6328],[72.7332,32.6529],[72.7347,32.6859],[72.775,32.6951],[72.8097,32.6618],[72.833,32.6656],[72.8493,32.6545],[72.8549,32.6648],[72.8534,32.7078],[72.8355,32.7413],[72.8473,32.7817]]]]}},{"type":"Feature","properties":{"province_name":"Punjab","district_name":"Chakwal","tehsil_name":"Tala Gang","tehsil_code":"PK60504","area_km2":2979.1638018366934},"geometry":{"type":"MultiPolygon","coordinates":[[[[72.487,33.1496],[72.4709,33.1432],[72.444,33.1506],[72.4304,33.1412],[72.3744,33.1303],[72.346,33.1394],[72.2965,33.1287],[72.2774,33.1452],[72.252,33.1329],[72.1976,33.1619],[72.187,33.1417],[72.1964,33.1321],[72.1714,33.1033],[72.1172,33.1124],[72.0928,33.1232],[72.0476,33.117],[72.033,33.1004],[72.0183,33.1071],[71.9647,33.0966],[71.9072,33.0445],[71.8683,33.0528],[71.8482,33.0473],[71.8352,33.024],[71.8042,33.0049],[71.8314,33.0027],[71.8783,32.9831],[71.8856,32.9677],[71.886,32.9293],[71.8969,32.8958],[71.9098,32.8867],[71.9145,32.8635],[71.9688,32.835],[71.9741,32.8046],[71.954,32.7972],[71.9165,32.7677],[71.8927,32.7561],[71.8903,32.7274],[71.8974,32.6931],[71.9131,32.67],[71.8906,32.6573],[71.9077,32.6412],[71.9254,32.6089],[71.9226,32.5847],[71.9378,32.5712],[71.9318,32.5463],[71.9506,32.5339],[71.9611,32.5551],[71.9819,32.5569],[71.9863,32.5805],[72.0464,32.5996],[72.0736,32.6201],[72.1202,32.6339],[72.1551,32.6667],[72.1461,32.7154],[72.1645,32.7034],[72.2218,32.6976],[72.2358,32.7011],[72.2903,32.691],[72.3409,32.6948],[72.3495,32.6784],[72.3887,32.6541],[72.3886,32.6313],[72.4305,32.6177],[72.4405,32.6348],[72.4767,32.6648],[72.5091,32.6676],[72.5376,32.6949],[72.5236,32.6986],[72.5039,32.7517],[72.5022,32.769],[72.4809,32.778],[72.4806,32.8016],[72.4924,32.8366],[72.5063,32.859],[72.4951,32.8753],[72.4988,32.9041],[72.5135,32.9233],[72.4955,32.9783],[72.5125,32.9977],[72.484,33.0406],[72.5145,33.0744],[72.5193,33.0925],[72.4856,33.1215],[72.487,33.1496]]]]}},{"type":"Feature","properties":{"province_name":"Punjab","district_name":"Chiniot","tehsil_name":"Bhawana","tehsil_code":"PK60601","area_km2":957.6781151226012},"geometry":{"type":"MultiPolygon","coordinates":[[[[72.9001,31.5055],[72.8717,31.5314],[72.8597,31.5626],[72.8426,31.5656],[72.8474,31.5897],[72.8786,31.6227],[72.8935,31.6796],[72.873,31.6707],[72.8589,31.6482],[72.8413,31.6654],[72.8603,31.6861],[72.8607,31.7005],[72.8236,31.6934],[72.7676,31.6919],[72.7363,31.6951],[72.6785,31.6936],[72.654,31.6883],[72.62,31.6477],[72.5875,31.6317],[72.5648,31.6004],[72.5277,31.5754],[72.4965,31.5608],[72.4777,31.5406],[72.4972,31.517],[72.528,31.5013],[72.5332,31.4888],[72.5669,31.4544],[72.5927,31.4712],[72.6195,31.464],[72.6211,31.4161],[72.6583,31.3998],[72.6667,31.3807],[72.7064,31.365],[72.7384,31.3782],[72.7936,31.3722],[72.8117,31.3754],[72.8191,31.392],[72.8533,31.4329],[72.8792,31.4857],[72.9001,31.5055]]]]}},{"type":"Feature","properties":{"province_name":"Punjab","district_name":"Chiniot","tehsil_name":"Chiniot","tehsil_code":"PK60602","area_km2":695.5417796893843},"geometry":{"type":"MultiPolygon","coordinates":[[[[73.23,31.787],[73.2056,31.8247],[73.1882,31.8294],[73.1558,31.8564],[73.1669,31.8913],[73.1611,31.896],[73.135,31.8793],[73.1137,31.8918],[73.0885,31.887],[73.104,31.867],[73.0822,31.8496],[73.0722,31.8306],[73.0699,31.8028],[73.0464,31.8101],[73.0271,31.8259],[72.9991,31.7646],[72.9773,31.7657],[72.9334,31.7207],[72.8607,31.7005],[72.8603,31.6861],[72.8413,31.6654],[72.8589,31.6482],[72.873,31.6707],[72.8935,31.6796],[72.8786,31.6227],[72.8474,31.5897],[72.8426,31.5656],[72.8597,31.5626],[72.8717,31.5314],[72.9001,31.5055],[72.9433,31.5359],[73.024,31.571],[73.0537,31.5886],[73.0919,31.6274],[73.1152,31.676],[73.1342,31.7059],[73.1769,31.7414],[73.2116,31.7758],[73.23,31.787]]]]}},{"type":"Feature","properties":{"province_name":"Punjab","district_name":"Chiniot","tehsil_name":"Lalian","tehsil_code":"PK60603","area_km2":955.1836310144232},"geometry":{"type":"MultiPolygon","coordinates":[[[[72.9958,31.9657],[72.9696,31.9582],[72.9475,31.9771],[72.937,31.9375],[72.9194,31.9203],[72.895,31.9124],[72.9259,31.8884],[72.9722,31.8825],[72.9846,31.8703],[72.9674,31.8414],[72.9495,31.8515],[72.9103,31.8422],[72.8953,31.8738],[72.8657,31.8643],[72.8393,31.8315],[72.8128,31.8417],[72.7807,31.834],[72.7563,31.8207],[72.7368,31.8008],[72.7156,31.8059],[72.6789,31.7779],[72.6431,31.7771],[72.5686,31.7656],[72.5554,31.75],[72.5172,31.724],[72.5163,31.7016],[72.5054,31.6874],[72.4824,31.6825],[72.4631,31.6658],[72.4345,31.6627],[72.436,31.6034],[72.4609,31.5792],[72.459,31.5405],[72.4777,31.5406],[72.4965,31.5608],[72.5277,31.5754],[72.5648,31.6004],[72.5875,31.6317],[72.62,31.6477],[72.654,31.6883],[72.6785,31.6936],[72.7363,31.6951],[72.7676,31.6919],[72.8236,31.6934],[72.8607,31.7005],[72.9334,31.7207],[72.9773,31.7657],[72.9991,31.7646],[73.0271,31.8259],[73.0464,31.8101],[73.0699,31.8028],[73.0722,31.8306],[73.0822,31.8496],[73.104,31.867],[73.0885,31.887],[73.1137,31.8918],[73.135,31.8793],[73.1611,31.896],[73.1558,31.9137],[73.1049,31.9278],[73.0486,31.934],[73.0379,31.9457],[72.9958,31.9657]]]]}},{"type":"Feature","properties":{"province_name":"Punjab","district_name":"Dera Ghazi Khan","tehsil_name":"D.G Khan (Tribal Area)","tehsil_code":"PK60701","area_km2":5447.178901608717},"geometry":{"type":"MultiPolygon","coordinates":[[[[70.5845,30.4669],[70.5627,30.5166],[70.5446,30.5882],[70.5383,30.656],[70.511,30.719],[70.4965,30.7802],[70.4705,30.8386],[70.4651,30.8917],[70.4678,30.9712],[70.4538,30.9936],[70.4536,31.0264],[70.4415,31.0471],[70.4345,31.0842],[70.4053,31.1436],[70.4153,31.1682],[70.4045,31.1998],[70.3099,31.1748],[70.2875,31.1655],[70.2927,31.1595],[70.2944,31.0952],[70.2876,31.0696],[70.27,31.0403],[70.2647,30.9999],[70.2638,30.9253],[70.2526,30.8828],[70.2707,30.86],[70.2672,30.8453],[70.2268,30.8431],[70.2158,30.7902],[70.2011,30.7777],[70.1707,30.7763],[70.1587,30.7399],[70.1119,30.7391],[70.1035,30.7322],[70.0887,30.6975],[70.0871,30.6774],[70.0949,30.6418],[70.0856,30.5929],[70.0389,30.4955],[70.0048,30.4606],[69.9978,30.4456],[69.9935,30.3812],[69.9612,30.3226],[69.9591,30.2979],[69.9841,30.2938],[69.9713,30.2626],[69.9824,30.2508],[70.0124,30.2774],[70.0599,30.2751],[70.0762,30.2624],[70.0517,30.2299],[70.0242,30.222],[70.0151,30.1899],[69.9971,30.179],[69.9855,30.1395],[69.9875,30.1061],[69.9797,30.0768],[69.9623,30.053],[69.9407,30.036],[69.9225,30.0017],[69.8925,29.9148],[69.8777,29.8988],[69.9082,29.8616],[70.0065,29.8334],[70.0613,29.8245],[70.1077,29.8037],[70.1163,29.7856],[70.1423,29.7654],[70.1765,29.7472],[70.2635,29.7339],[70.2597,29.7665],[70.2202,29.8005],[70.2102,29.8178],[70.2146,29.8599],[70.2305,29.9065],[70.2556,29.963],[70.2906,30.0015],[70.3494,30.0152],[70.3724,30.0296],[70.4018,30.074],[70.4568,30.128],[70.4722,30.1764],[70.4835,30.1868],[70.4975,30.2278],[70.5115,30.2933],[70.5252,30.3353],[70.5454,30.4254],[70.5543,30.4463],[70.5845,30.4669]]]]}},{"type":"Feature","properties":{"province_name":"Punjab","district_name":"Dera Ghazi Khan","tehsil_name":"Dera Ghazi Khan","tehsil_code":"PK60702","area_km2":1980.677320392176},"geometry":{"type":"MultiPolygon","coordinates":[[[[70.7927,30.4911],[70.7662,30.4827],[70.7005,30.4781],[70.7071,30.5072],[70.6492,30.5083],[70.6496,30.4805],[70.6339,30.472],[70.5845,30.4669],[70.5543,30.4463],[70.5454,30.4254],[70.5252,30.3353],[70.5115,30.2933],[70.4975,30.2278],[70.4835,30.1868],[70.4722,30.1764],[70.4568,30.128],[70.4018,30.074],[70.4551,30.0683],[70.4747,30.0737],[70.4697,30.0197],[70.4024,30.0168],[70.3814,30.0067],[70.4107,29.9777],[70.4429,29.9673],[70.4225,29.9116],[70.4293,29.8897],[70.472,29.8886],[70.4747,29.9085],[70.4905,29.9453],[70.5112,29.9305],[70.5484,29.9166],[70.5537,29.9798],[70.569,29.99],[70.5801,29.9702],[70.68,29.9803],[70.6844,29.9644],[70.7035,29.9602],[70.7512,29.9647],[70.7619,29.9754],[70.8069,29.9656],[70.8626,29.9628],[70.8783,29.9723],[70.8643,30.02],[70.8636,30.0472],[70.8859,30.055],[70.8572,30.1021],[70.8476,30.1293],[70.8408,30.2001],[70.8042,30.2389],[70.8038,30.2558],[70.826,30.2652],[70.8188,30.3126],[70.8229,30.3613],[70.8331,30.3966],[70.8182,30.4535],[70.8013,30.4552],[70.7927,30.4911]]]]}},{"type":"Feature","properties":{"province_name":"Punjab","district_name":"Dera Ghazi Khan","tehsil_name":"Kot Chatta","tehsil_code":"PK60703","area_km2":1635.2354486665547},"geometry":{"type":"MultiPolygon","coordinates":[[[[70.8626,29.9628],[70.8069,29.9656],[70.7619,29.9754],[70.7512,29.9647],[70.7035,29.9602],[70.6844,29.9644],[70.68,29.9803],[70.5801,29.9702],[70.569,29.99],[70.5537,29.9798],[70.5484,29.9166],[70.5112,29.9305],[70.4905,29.9453],[70.4747,29.9085],[70.472,29.8886],[70.4293,29.8897],[70.4225,29.9116],[70.4429,29.9673],[70.4107,29.9777],[70.3814,30.0067],[70.4024,30.0168],[70.4697,30.0197],[70.4747,30.0737],[70.4551,30.0683],[70.4018,30.074],[70.3724,30.0296],[70.3494,30.0152],[70.2906,30.0015],[70.2556,29.963],[70.2305,29.9065],[70.2146,29.8599],[70.2102,29.8178],[70.2202,29.8005],[70.2597,29.7665],[70.2635,29.7339],[70.3471,29.7332],[70.3655,29.7233],[70.3929,29.6939],[70.3979,29.6644],[70.4284,29.6405],[70.4345,29.6197],[70.4839,29.6347],[70.538,29.6703],[70.5639,29.7095],[70.5759,29.7388],[70.5779,29.7737],[70.6082,29.8037],[70.661,29.8029],[70.6838,29.788],[70.6916,29.7685],[70.6853,29.7436],[70.7029,29.7296],[70.6984,29.716],[70.7218,29.6663],[70.7427,29.7183],[70.7952,29.7908],[70.8156,29.8058],[70.8423,29.8421],[70.8552,29.8918],[70.8304,29.9118],[70.8517,29.9349],[70.8835,29.9378],[70.8626,29.9628]]]]}},{"type":"Feature","properties":{"province_name":"Punjab","district_name":"Dera Ghazi Khan","tehsil_name":"Taunsa","tehsil_code":"PK60704","area_km2":2698.903089684271},"geometry":{"type":"MultiPolygon","coordinates":[[[[70.7747,31.3057],[70.745,31.3169],[70.7404,31.333],[70.7048,31.338],[70.6808,31.3188],[70.6345,31.3176],[70.62,31.3248],[70.5584,31.3402],[70.5204,31.3048],[70.4502,31.2941],[70.4227,31.2449],[70.4045,31.1998],[70.4153,31.1682],[70.4053,31.1436],[70.4345,31.0842],[70.4415,31.0471],[70.4536,31.0264],[70.4538,30.9936],[70.4678,30.9712],[70.4651,30.8917],[70.4705,30.8386],[70.4965,30.7802],[70.511,30.719],[70.5383,30.656],[70.5446,30.5882],[70.5627,30.5166],[70.5845,30.4669],[70.6339,30.472],[70.6496,30.4805],[70.6492,30.5083],[70.7071,30.5072],[70.7005,30.4781],[70.7662,30.4827],[70.7927,30.4911],[70.8044,30.5139],[70.7932,30.5584],[70.8145,30.5739],[70.8015,30.5923],[70.8122,30.6173],[70.7978,30.6276],[70.7955,30.6535],[70.7923,30.6713],[70.7948,30.7542],[70.783,30.77],[70.7432,30.7762],[70.7452,30.8462],[70.7699,30.8444],[70.7888,30.8783],[70.7677,30.8833],[70.7592,30.9202],[70.7933,30.9469],[70.7906,30.9749],[70.7617,30.9736],[70.781,31.0059],[70.7762,31.0304],[70.7799,31.1089],[70.7955,31.1039],[70.7904,31.1542],[70.7773,31.1884],[70.778,31.2209],[70.794,31.282],[70.7628,31.2847],[70.7747,31.3057]]]]}},{"type":"Feature","properties":{"province_name":"Punjab","district_name":"Faisalabad","tehsil_name":"Chak Jhumra","tehsil_code":"PK60801","area_km2":521.4468974544989},"geometry":{"type":"MultiPolygon","coordinates":[[[[73.292,31.7653],[73.2405,31.764],[73.23,31.787],[73.2116,31.7758],[73.1769,31.7414],[73.1342,31.7059],[73.1152,31.676],[73.0919,31.6274],[73.109,31.6109],[73.1083,31.5817],[73.1573,31.5644],[73.1951,31.53],[73.2264,31.536],[73.2568,31.5094],[73.3012,31.5095],[73.2997,31.5388],[73.3104,31.5522],[73.31,31.5782],[73.3436,31.6099],[73.3686,31.6143],[73.3616,31.6447],[73.3743,31.6593],[73.374,31.6844],[73.3641,31.7206],[73.3291,31.7173],[73.2896,31.7389],[73.292,31.7653]]]]}},{"type":"Feature","properties":{"province_name":"Punjab","district_name":"Faisalabad","tehsil_name":"Faisalabad City","tehsil_code":"PK60802","area_km2":195.4492266107985},"geometry":{"type":"MultiPolygon","coordinates":[[[[73.1029,31.5086],[73.0908,31.5265],[73.0743,31.5084],[73.0542,31.5006],[73.0552,31.4707],[73.0379,31.4489],[73.0037,31.4668],[72.9972,31.4446],[73.0119,31.4378],[73.0081,31.4137],[73.0337,31.3984],[73.0479,31.3786],[73.0764,31.3709],[73.0865,31.3521],[73.1092,31.3348],[73.147,31.3964],[73.2011,31.4361],[73.1873,31.4479],[73.1976,31.4646],[73.1665,31.4746],[73.1526,31.4877],[73.1153,31.4755],[73.093,31.4924],[73.1029,31.5086]]]]}},{"type":"Feature","properties":{"province_name":"Punjab","district_name":"Faisalabad","tehsil_name":"Faisalabad Sadar","tehsil_code":"PK60803","area_km2":1300.708857894787},"geometry":{"type":"MultiPolygon","coordinates":[[[[73.2568,31.5094],[73.2264,31.536],[73.1951,31.53],[73.1573,31.5644],[73.1083,31.5817],[73.109,31.6109],[73.0919,31.6274],[73.0537,31.5886],[73.024,31.571],[72.9433,31.5359],[72.9001,31.5055],[72.8792,31.4857],[72.8533,31.4329],[72.8191,31.392],[72.8117,31.3754],[72.8049,31.3318],[72.8397,31.2958],[72.8546,31.2718],[72.8367,31.2535],[72.8227,31.2262],[72.7991,31.2065],[72.7737,31.1969],[72.784,31.16],[72.8184,31.1712],[72.855,31.1507],[72.8778,31.1661],[72.9232,31.1771],[72.9611,31.1789],[73.0045,31.1731],[73.0357,31.1935],[73.0557,31.1798],[73.0802,31.1886],[73.0925,31.1771],[73.1157,31.1866],[73.1419,31.1868],[73.1549,31.2029],[73.1747,31.2664],[73.1999,31.2857],[73.1867,31.3217],[73.1954,31.3326],[73.2374,31.3445],[73.2437,31.3687],[73.2239,31.3825],[73.2224,31.4249],[73.2354,31.4731],[73.2568,31.5094]],[[73.1029,31.5086],[73.093,31.4924],[73.1153,31.4755],[73.1526,31.4877],[73.1665,31.4746],[73.1976,31.4646],[73.1873,31.4479],[73.2011,31.4361],[73.147,31.3964],[73.1092,31.3348],[73.0865,31.3521],[73.0764,31.3709],[73.0479,31.3786],[73.0337,31.3984],[73.0081,31.4137],[73.0119,31.4378],[72.9972,31.4446],[73.0037,31.4668],[73.0379,31.4489],[73.0552,31.4707],[73.0542,31.5006],[73.0743,31.5084],[73.0908,31.5265],[73.1029,31.5086]]]]}},{"type":"Feature","properties":{"province_name":"Punjab","district_name":"Faisalabad","tehsil_name":"Jaranwala","tehsil_code":"PK60804","area_km2":1728.788988740552},"geometry":{"type":"MultiPolygon","coordinates":[[[[73.4591,31.5628],[73.4507,31.5691],[73.4573,31.6037],[73.4455,31.6316],[73.3743,31.6593],[73.3616,31.6447],[73.3686,31.6143],[73.3436,31.6099],[73.31,31.5782],[73.3104,31.5522],[73.2997,31.5388],[73.3012,31.5095],[73.2568,31.5094],[73.2354,31.4731],[73.2224,31.4249],[73.2239,31.3825],[73.2437,31.3687],[73.2374,31.3445],[73.1954,31.3326],[73.1867,31.3217],[73.1999,31.2857],[73.1747,31.2664],[73.1549,31.2029],[73.1419,31.1868],[73.1819,31.1763],[73.1974,31.1836],[73.2218,31.1729],[73.2495,31.1791],[73.2582,31.1693],[73.2965,31.158],[73.2982,31.1478],[73.2408,31.1575],[73.2335,31.1413],[73.2381,31.1218],[73.2621,31.0932],[73.2904,31.0753],[73.3218,31.0705],[73.3456,31.0767],[73.3729,31.0999],[73.3586,31.1275],[73.4256,31.1507],[73.4392,31.1493],[73.4517,31.1687],[73.4959,31.1919],[73.5126,31.1853],[73.5558,31.2096],[73.571,31.2362],[73.6073,31.2531],[73.6455,31.2814],[73.6717,31.332],[73.6633,31.366],[73.6807,31.387],[73.6536,31.4593],[73.607,31.4446],[73.5748,31.4513],[73.5407,31.4277],[73.5096,31.4286],[73.4639,31.4812],[73.4857,31.4967],[73.4813,31.5099],[73.4857,31.5375],[73.4633,31.5469],[73.4591,31.5628]]]]}},{"type":"Feature","properties":{"province_name":"Punjab","district_name":"Faisalabad","tehsil_name":"Summundri","tehsil_code":"PK60805","area_km2":869.2214462193164},"geometry":{"type":"MultiPolygon","coordinates":[[[[73.1419,31.1868],[73.1157,31.1866],[73.0925,31.1771],[73.0802,31.1886],[73.0557,31.1798],[73.0357,31.1935],[73.0045,31.1731],[72.9611,31.1789],[72.9232,31.1771],[72.8778,31.1661],[72.855,31.1507],[72.8184,31.1712],[72.784,31.16],[72.7675,31.101],[72.7435,31.0928],[72.7721,31.0722],[72.7872,31.0878],[72.8173,31.0673],[72.813,31.0298],[72.8005,31.0274],[72.7954,30.9905],[72.7717,30.967],[72.7689,30.9443],[72.7361,30.9367],[72.7266,30.9082],[72.7105,30.9018],[72.7041,30.8771],[72.7636,30.8495],[72.8072,30.8848],[72.8105,30.9099],[72.8283,30.9347],[72.8588,30.9388],[72.8882,30.9354],[72.8825,30.9177],[72.8932,30.8873],[72.9204,30.8873],[72.9715,30.9907],[73.0138,30.9812],[73.0205,31.0029],[73.0157,31.025],[73.0381,31.0428],[73.0645,31.0109],[73.0874,31.0265],[73.0834,31.0441],[73.1192,31.0776],[73.1436,31.1134],[73.1718,31.1288],[73.1828,31.1439],[73.2202,31.1472],[73.2335,31.1413],[73.2408,31.1575],[73.2982,31.1478],[73.2965,31.158],[73.2582,31.1693],[73.2495,31.1791],[73.2218,31.1729],[73.1974,31.1836],[73.1819,31.1763],[73.1419,31.1868]]]]}},{"type":"Feature","properties":{"province_name":"Punjab","district_name":"Faisalabad","tehsil_name":"Tandlian Wala","tehsil_code":"PK60806","area_km2":1350.0487199161291},"geometry":{"type":"MultiPolygon","coordinates":[[[[73.39,31.0225],[73.4021,31.078],[73.4002,31.0915],[73.4408,31.1156],[73.4328,31.1347],[73.4392,31.1493],[73.4256,31.1507],[73.3586,31.1275],[73.3729,31.0999],[73.3456,31.0767],[73.3218,31.0705],[73.2904,31.0753],[73.2621,31.0932],[73.2381,31.1218],[73.2335,31.1413],[73.2202,31.1472],[73.1828,31.1439],[73.1718,31.1288],[73.1436,31.1134],[73.1192,31.0776],[73.0834,31.0441],[73.0874,31.0265],[73.0645,31.0109],[73.0381,31.0428],[73.0157,31.025],[73.0205,31.0029],[73.0138,30.9812],[72.9715,30.9907],[72.9204,30.8873],[72.8932,30.8873],[72.8825,30.9177],[72.8882,30.9354],[72.8588,30.9388],[72.8283,30.9347],[72.8105,30.9099],[72.8072,30.8848],[72.7636,30.8495],[72.773,30.8398],[72.7601,30.8188],[72.7701,30.8004],[72.7437,30.7864],[72.7301,30.7658],[72.7341,30.7455],[72.7626,30.7378],[72.7881,30.7525],[72.8239,30.7463],[72.8367,30.726],[72.7941,30.7127],[72.7834,30.6802],[72.8496,30.6891],[72.9063,30.6749],[72.9148,30.6947],[72.9294,30.6973],[72.9188,30.7376],[72.9442,30.7565],[72.9807,30.7717],[73.0356,30.7802],[73.0353,30.7943],[73.0545,30.8087],[73.0719,30.7962],[73.1157,30.8117],[73.1393,30.8295],[73.1331,30.8701],[73.1602,30.8664],[73.1585,30.8482],[73.1759,30.8423],[73.1734,30.8987],[73.2271,30.9101],[73.2377,30.9301],[73.2675,30.9386],[73.2966,30.9741],[73.3155,30.9838],[73.349,30.9849],[73.39,31.0225]]]]}},{"type":"Feature","properties":{"province_name":"Punjab","district_name":"Gujranwala","tehsil_name":"Gujranwala","tehsil_code":"PK60901","area_km2":867.297465593962},"geometry":{"type":"MultiPolygon","coordinates":[[[[74.4226,32.1607],[74.4089,32.17],[74.3789,32.166],[74.3283,32.2082],[74.323,32.2463],[74.2872,32.2508],[74.2565,32.2624],[74.2353,32.2906],[74.2433,32.3101],[74.2342,32.3297],[74.2115,32.3281],[74.2,32.3125],[74.1499,32.2779],[74.1076,32.2377],[74.0685,32.2492],[74.0479,32.2262],[74.0188,32.2148],[73.9917,32.189],[73.9651,32.1892],[73.9519,32.1775],[73.9748,32.1636],[73.9924,32.1414],[73.9889,32.128],[73.9557,32.1119],[73.9666,32.0755],[73.9999,32.0555],[74.0205,32.053],[74.0279,32.0758],[74.0544,32.0714],[74.0829,32.0826],[74.1307,32.0467],[74.1573,32.0502],[74.1751,32.0251],[74.1907,32.0158],[74.2274,32.0165],[74.256,31.9756],[74.2856,31.9784],[74.2874,32.0001],[74.3145,31.9981],[74.3229,32.0142],[74.3069,32.0265],[74.3211,32.0992],[74.3017,32.1188],[74.3109,32.1283],[74.3724,32.1232],[74.3943,32.1094],[74.4162,32.1366],[74.4226,32.1607]]]]}},{"type":"Feature","properties":{"province_name":"Punjab","district_name":"Gujranwala","tehsil_name":"Kamoke","tehsil_code":"PK60902","area_km2":679.4286599823837},"geometry":{"type":"MultiPolygon","coordinates":[[[[74.5213,32.072],[74.503,32.092],[74.5148,32.1036],[74.4894,32.1227],[74.4906,32.1487],[74.4455,32.1604],[74.4226,32.1607],[74.4162,32.1366],[74.3943,32.1094],[74.3724,32.1232],[74.3109,32.1283],[74.3017,32.1188],[74.3211,32.0992],[74.3069,32.0265],[74.3229,32.0142],[74.3145,31.9981],[74.2874,32.0001],[74.2856,31.9784],[74.256,31.9756],[74.2274,32.0165],[74.1907,32.0158],[74.1751,32.0251],[74.1739,31.991],[74.1491,31.9735],[74.1681,31.9532],[74.151,31.9241],[74.1226,31.9233],[74.1243,31.9003],[74.0873,31.8534],[74.097,31.8248],[74.1272,31.8206],[74.1615,31.8396],[74.1711,31.8535],[74.1939,31.858],[74.2042,31.8847],[74.3014,31.8852],[74.3116,31.8976],[74.338,31.8862],[74.3583,31.8887],[74.3824,31.914],[74.3999,31.9218],[74.4353,31.9595],[74.4637,31.9665],[74.4755,32.0011],[74.5107,32.0044],[74.5237,32.0226],[74.5588,32.0447],[74.5451,32.061],[74.5213,32.072]]]]}},{"type":"Feature","properties":{"province_name":"Punjab","district_name":"Gujranwala","tehsil_name":"Nowshera Virkan","tehsil_code":"PK60903","area_km2":880.3307704392065},"geometry":{"type":"MultiPolygon","coordinates":[[[[74.1751,32.0251],[74.1573,32.0502],[74.1307,32.0467],[74.0829,32.0826],[74.0544,32.0714],[74.0279,32.0758],[74.0205,32.053],[73.9999,32.0555],[73.9666,32.0755],[73.9557,32.1119],[73.9889,32.128],[73.9924,32.1414],[73.9748,32.1636],[73.9519,32.1775],[73.9163,32.1775],[73.8991,32.161],[73.8636,32.143],[73.842,32.1543],[73.8322,32.1438],[73.8057,32.1403],[73.7938,32.0745],[73.829,32.0548],[73.8183,32.0389],[73.8241,32.0171],[73.8056,31.9845],[73.8308,31.9578],[73.8585,31.9533],[73.8759,31.9297],[73.8543,31.9023],[73.882,31.8763],[73.8838,31.8522],[73.9476,31.8371],[73.9758,31.855],[73.9773,31.8342],[74.0001,31.8308],[74.0416,31.8406],[74.0753,31.8209],[74.097,31.8248],[74.0873,31.8534],[74.1243,31.9003],[74.1226,31.9233],[74.151,31.9241],[74.1681,31.9532],[74.1491,31.9735],[74.1739,31.991],[74.1751,32.0251]]]]}},{"type":"Feature","properties":{"province_name":"Punjab","district_name":"Gujranwala","tehsil_name":"Wazirabad","tehsil_code":"PK60904","area_km2":1210.534368856031},"geometry":{"type":"MultiPolygon","coordinates":[[[[74.2031,32.4053],[74.2097,32.4181],[74.1975,32.4569],[74.207,32.4764],[74.2054,32.518],[74.2098,32.5537],[74.1703,32.5472],[74.1675,32.5329],[74.1299,32.515],[74.1146,32.4965],[74.0578,32.4842],[74.0305,32.4647],[73.9964,32.4247],[73.962,32.4124],[73.9409,32.413],[73.8971,32.3983],[73.8391,32.3904],[73.8034,32.3705],[73.7868,32.3737],[73.7556,32.343],[73.731,32.3623],[73.6766,32.3399],[73.687,32.2932],[73.7012,32.2792],[73.7065,32.2535],[73.7322,32.224],[73.727,32.2096],[73.7686,32.1767],[73.7774,32.1574],[73.8057,32.1403],[73.8322,32.1438],[73.842,32.1543],[73.8636,32.143],[73.8991,32.161],[73.9163,32.1775],[73.9519,32.1775],[73.9651,32.1892],[73.9917,32.189],[74.0188,32.2148],[74.0479,32.2262],[74.0685,32.2492],[74.1076,32.2377],[74.1499,32.2779],[74.2,32.3125],[74.2115,32.3281],[74.2342,32.3297],[74.2256,32.3515],[74.2216,32.3873],[74.2031,32.4053]]]]}},{"type":"Feature","properties":{"province_name":"Punjab","district_name":"Gujrat","tehsil_name":"Gujrat","tehsil_code":"PK61001","area_km2":1435.2154182371398},"geometry":{"type":"MultiPolygon","coordinates":[[[[74.4419,32.7919],[74.4122,32.7744],[74.3717,32.7711],[74.3506,32.7822],[74.3328,32.8156],[74.315,32.8189],[74.1953,32.8752],[74.1883,32.804],[74.1612,32.7787],[74.1439,32.7845],[74.0796,32.7788],[74.0435,32.7615],[74.0118,32.7583],[74.0042,32.7315],[74.0184,32.7036],[74.0219,32.6805],[74.0105,32.6548],[73.9778,32.6428],[73.9498,32.613],[73.9081,32.5817],[73.9017,32.5568],[73.8738,32.5466],[73.844,32.5468],[73.8169,32.5321],[73.7883,32.5421],[73.7864,32.5108],[73.8201,32.4798],[73.8583,32.4648],[73.8853,32.4384],[73.8868,32.4056],[73.8971,32.3983],[73.9409,32.413],[73.962,32.4124],[73.9964,32.4247],[74.0305,32.4647],[74.0578,32.4842],[74.1146,32.4965],[74.1299,32.515],[74.1675,32.5329],[74.1703,32.5472],[74.2098,32.5537],[74.2352,32.5742],[74.28,32.5912],[74.2955,32.5861],[74.3362,32.5919],[74.366,32.6148],[74.4549,32.6738],[74.4649,32.703],[74.4595,32.7274],[74.4391,32.7311],[74.4533,32.7767],[74.4419,32.7919]]]]}},{"type":"Feature","properties":{"province_name":"Punjab","district_name":"Gujrat","tehsil_name":"Kharian","tehsil_code":"PK61002","area_km2":1258.9276774622228},"geometry":{"type":"MultiPolygon","coordinates":[[[[74.1344,32.9016],[74.0778,32.9278],[74.0311,32.9399],[73.9969,32.9148],[73.9845,32.9149],[73.9133,32.8925],[73.8917,32.8919],[73.8634,32.8804],[73.8359,32.8566],[73.8045,32.8556],[73.8023,32.8429],[73.7457,32.8223],[73.7167,32.8219],[73.679,32.7876],[73.6444,32.7661],[73.6395,32.722],[73.6423,32.7013],[73.6634,32.6922],[73.6607,32.6774],[73.674,32.6452],[73.6963,32.6273],[73.7275,32.6171],[73.7319,32.5939],[73.7637,32.5735],[73.7983,32.5635],[73.7883,32.5421],[73.8169,32.5321],[73.844,32.5468],[73.8738,32.5466],[73.9017,32.5568],[73.9081,32.5817],[73.9498,32.613],[73.9778,32.6428],[74.0105,32.6548],[74.0219,32.6805],[74.0184,32.7036],[74.0042,32.7315],[74.0118,32.7583],[74.0435,32.7615],[74.0796,32.7788],[74.1439,32.7845],[74.1612,32.7787],[74.1883,32.804],[74.1953,32.8752],[74.1344,32.9016]]]]}},{"type":"Feature","properties":{"province_name":"Punjab","district_name":"Gujrat","tehsil_name":"Sarai Alamgir","tehsil_code":"PK61003","area_km2":488.8257939232933},"geometry":{"type":"MultiPolygon","coordinates":[[[[73.6423,32.7013],[73.6395,32.722],[73.6444,32.7661],[73.679,32.7876],[73.7167,32.8219],[73.7457,32.8223],[73.8023,32.8429],[73.8045,32.8556],[73.8359,32.8566],[73.8634,32.8804],[73.8917,32.8919],[73.9133,32.8925],[73.9845,32.9149],[73.9969,32.9148],[74.0311,32.9399],[73.9864,32.9617],[73.9422,33.0219],[73.9211,33.0342],[73.8911,33.0375],[73.8608,33.0303],[73.8254,33.0134],[73.8058,33.0089],[73.7962,32.9862],[73.7301,32.9218],[73.6632,32.8745],[73.6334,32.8417],[73.6181,32.8124],[73.6113,32.7823],[73.5903,32.7475],[73.6305,32.6961],[73.6423,32.7013]]]]}},{"type":"Feature","properties":{"province_name":"Punjab","district_name":"Hafizabad","tehsil_name":"Hafizabad","tehsil_code":"PK61101","area_km2":1104.656589023677},"geometry":{"type":"MultiPolygon","coordinates":[[[[73.8057,32.1403],[73.7774,32.1574],[73.7686,32.1767],[73.727,32.2096],[73.7322,32.224],[73.7065,32.2535],[73.7012,32.2792],[73.687,32.2932],[73.6766,32.3399],[73.5954,32.3024],[73.5452,32.2871],[73.5142,32.2658],[73.5075,32.2396],[73.4809,32.2417],[73.4628,32.2129],[73.4356,32.1851],[73.4375,32.156],[73.4622,32.1336],[73.4625,32.107],[73.5119,32.0757],[73.5325,32.0682],[73.5499,32.0441],[73.569,32.034],[73.5342,31.9853],[73.546,31.9695],[73.5478,31.9453],[73.596,31.9221],[73.6124,31.8988],[73.6143,31.8785],[73.6453,31.8763],[73.6591,31.892],[73.6913,31.8923],[73.7097,31.9037],[73.7192,31.9221],[73.7434,31.9362],[73.7676,31.9628],[73.8056,31.9845],[73.8241,32.0171],[73.8183,32.0389],[73.829,32.0548],[73.7938,32.0745],[73.8057,32.1403]]]]}},{"type":"Feature","properties":{"province_name":"Punjab","district_name":"Hafizabad","tehsil_name":"Pindi Bhattian","tehsil_code":"PK61102","area_km2":1181.055438564583},"geometry":{"type":"MultiPolygon","coordinates":[[[[73.6143,31.8785],[73.6124,31.8988],[73.596,31.9221],[73.5478,31.9453],[73.546,31.9695],[73.5342,31.9853],[73.569,32.034],[73.5499,32.0441],[73.5325,32.0682],[73.5119,32.0757],[73.4625,32.107],[73.4622,32.1336],[73.4375,32.156],[73.4356,32.1851],[73.3919,32.1698],[73.3772,32.1564],[73.308,32.1221],[73.2614,32.0825],[73.2613,32.0577],[73.2485,32.038],[73.2276,32.0291],[73.2354,31.9995],[73.2003,31.9661],[73.1799,31.9027],[73.1669,31.8913],[73.1558,31.8564],[73.1882,31.8294],[73.2056,31.8247],[73.23,31.787],[73.2405,31.764],[73.292,31.7653],[73.3249,31.7708],[73.3354,31.8004],[73.3511,31.7928],[73.3925,31.8028],[73.4078,31.8201],[73.4278,31.8051],[73.4449,31.8076],[73.4657,31.841],[73.4852,31.8295],[73.5164,31.81],[73.5523,31.8402],[73.5748,31.8838],[73.5948,31.8694],[73.6143,31.8785]]]]}},{"type":"Feature","properties":{"province_name":"Punjab","district_name":"Jhang","tehsil_name":"Ahmadpur Sial","tehsil_code":"PK61201","area_km2":758.4009743687716},"geometry":{"type":"MultiPolygon","coordinates":[[[[72.0721,31.0378],[72.0194,31.0341],[71.9889,31.005],[71.9511,31.0095],[71.8824,30.9685],[71.8634,30.9394],[71.8404,30.8756],[71.8533,30.8676],[71.8263,30.8389],[71.7978,30.8314],[71.7995,30.8081],[71.7825,30.7918],[71.7529,30.792],[71.7387,30.7783],[71.7296,30.7534],[71.7054,30.7445],[71.6961,30.7213],[71.6996,30.7045],[71.6717,30.6884],[71.6685,30.6368],[71.6557,30.6202],[71.6867,30.6022],[71.6995,30.5844],[71.7267,30.5782],[71.7348,30.5881],[71.7682,30.5976],[71.7956,30.6382],[71.8267,30.6516],[71.8613,30.6742],[71.8709,30.7425],[71.8922,30.7523],[71.9129,30.7507],[71.9042,30.7842],[71.9254,30.7846],[71.9408,30.8032],[71.9813,30.8097],[72.0146,30.8396],[72.0059,30.8666],[72.0254,30.8905],[72.0337,30.9123],[72.0564,30.9081],[72.075,30.9357],[72.0756,30.9748],[72.0663,31.0065],[72.0721,31.0378]]]]}},{"type":"Feature","properties":{"province_name":"Punjab","district_name":"Jhang","tehsil_name":"Jhang","tehsil_code":"PK61202","area_km2":2866.064277418803},"geometry":{"type":"MultiPolygon","coordinates":[[[[72.3576,31.709],[72.3393,31.7306],[72.3074,31.7513],[72.269,31.7656],[72.2479,31.7474],[72.2116,31.7592],[72.2014,31.7384],[72.1712,31.7337],[72.1456,31.75],[72.0988,31.6868],[72.0761,31.6674],[72.0293,31.6141],[72.0237,31.5691],[71.9889,31.5314],[71.9788,31.5178],[72.0935,31.4986],[72.1184,31.4571],[72.1119,31.4049],[72.1509,31.3873],[72.1362,31.3381],[72.1435,31.3142],[72.135,31.2682],[72.1517,31.2767],[72.1606,31.239],[72.2193,31.1968],[72.2161,31.184],[72.2272,31.1564],[72.2032,31.1449],[72.199,31.0965],[72.2104,31.1029],[72.2391,31.0923],[72.2599,31.1133],[72.2753,31.0858],[72.3139,31.0773],[72.3416,31.0504],[72.3574,31.0512],[72.3577,31.0819],[72.3498,31.0973],[72.3608,31.1116],[72.4109,31.0835],[72.4349,31.093],[72.4392,31.1097],[72.482,31.1256],[72.4921,31.1407],[72.5001,31.183],[72.4853,31.2077],[72.4972,31.2237],[72.5197,31.2175],[72.5494,31.2259],[72.5729,31.2483],[72.59,31.2386],[72.6126,31.2459],[72.6823,31.2376],[72.7136,31.2585],[72.7525,31.2761],[72.7735,31.3033],[72.8049,31.3318],[72.8117,31.3754],[72.7936,31.3722],[72.7384,31.3782],[72.7064,31.365],[72.6667,31.3807],[72.6583,31.3998],[72.6211,31.4161],[72.6195,31.464],[72.5927,31.4712],[72.5669,31.4544],[72.5332,31.4888],[72.528,31.5013],[72.4972,31.517],[72.4777,31.5406],[72.459,31.5405],[72.4609,31.5792],[72.436,31.6034],[72.4345,31.6627],[72.3692,31.6531],[72.3726,31.6267],[72.3345,31.6121],[72.288,31.5874],[72.2809,31.5647],[72.2582,31.5658],[72.2426,31.5947],[72.2773,31.6314],[72.3071,31.6494],[72.3576,31.709]]]]}},{"type":"Feature","properties":{"province_name":"Punjab","district_name":"Jhang","tehsil_name":"Shorkot","tehsil_code":"PK61203","area_km2":1344.4163657861652},"geometry":{"type":"MultiPolygon","coordinates":[[[[72.4349,31.093],[72.4109,31.0835],[72.3608,31.1116],[72.3498,31.0973],[72.3577,31.0819],[72.3574,31.0512],[72.3416,31.0504],[72.3139,31.0773],[72.2753,31.0858],[72.2599,31.1133],[72.2391,31.0923],[72.2104,31.1029],[72.199,31.0965],[72.1786,31.0939],[72.1356,31.1009],[72.1027,31.0232],[72.0781,31.0242],[72.0721,31.0378],[72.0663,31.0065],[72.0756,30.9748],[72.075,30.9357],[72.0564,30.9081],[72.0337,30.9123],[72.0254,30.8905],[72.0059,30.8666],[72.0146,30.8396],[71.9813,30.8097],[71.9408,30.8032],[71.9254,30.7846],[71.9042,30.7842],[71.9129,30.7507],[71.8922,30.7523],[71.8709,30.7425],[71.8613,30.6742],[71.8955,30.683],[71.9198,30.6645],[71.9341,30.6808],[71.9924,30.6686],[71.9998,30.6895],[72.031,30.7023],[72.0528,30.7186],[72.0538,30.7316],[72.0894,30.7256],[72.1313,30.7305],[72.1864,30.7124],[72.2273,30.7167],[72.2356,30.732],[72.2816,30.7196],[72.3232,30.723],[72.3324,30.7147],[72.3573,30.7286],[72.3479,30.7396],[72.3498,30.7703],[72.3409,30.796],[72.3097,30.8123],[72.2894,30.8368],[72.2757,30.835],[72.2453,30.85],[72.2745,30.8927],[72.3126,30.9],[72.3305,30.915],[72.3542,30.9479],[72.3567,30.9728],[72.3723,30.9869],[72.3798,31.0223],[72.4132,31.0359],[72.4331,31.0515],[72.4393,31.0707],[72.4349,31.093]]]]}},{"type":"Feature","properties":{"province_name":"Punjab","district_name":"Jhang","tehsil_name":"Athara Hazari","tehsil_code":"PK61204","area_km2":1385.5748232187707},"geometry":{"type":"MultiPolygon","coordinates":[[[[72.199,31.0965],[72.2032,31.1449],[72.2272,31.1564],[72.2161,31.184],[72.2193,31.1968],[72.1606,31.239],[72.1517,31.2767],[72.135,31.2682],[72.1435,31.3142],[72.1362,31.3381],[72.1509,31.3873],[72.1119,31.4049],[72.1184,31.4571],[72.0935,31.4986],[71.9788,31.5178],[71.9785,31.4939],[72.0034,31.4835],[72.0104,31.4203],[72.0077,31.4084],[72.0208,31.3767],[72.0178,31.3499],[72.0239,31.3312],[72.0148,31.3068],[72.0103,31.2703],[71.9908,31.2531],[71.9115,31.2682],[71.8716,31.2637],[71.8447,31.2453],[71.803,31.2319],[71.792,31.2092],[71.7905,31.1842],[71.7643,31.1572],[71.7721,31.1267],[71.8154,31.0546],[71.8111,31.0204],[71.7923,31.002],[71.7762,30.9693],[71.8235,30.9295],[71.8099,30.9062],[71.8158,30.8815],[71.8404,30.8756],[71.8634,30.9394],[71.8824,30.9685],[71.9511,31.0095],[71.9889,31.005],[72.0194,31.0341],[72.0721,31.0378],[72.0781,31.0242],[72.1027,31.0232],[72.1356,31.1009],[72.1786,31.0939],[72.199,31.0965]]]]}},{"type":"Feature","properties":{"province_name":"Punjab","district_name":"Jhelum","tehsil_name":"Dina","tehsil_code":"PK61301","area_km2":455.83868056069736},"geometry":{"type":"MultiPolygon","coordinates":[[[[73.7262,33.0618],[73.6569,33.0811],[73.6283,33.0947],[73.6318,33.1359],[73.6686,33.158],[73.6671,33.2153],[73.6412,33.2161],[73.6306,33.194],[73.6107,33.1936],[73.6226,33.1611],[73.5839,33.1225],[73.5684,33.0796],[73.5405,33.0644],[73.5541,33.1006],[73.5162,33.0868],[73.5179,33.0651],[73.499,33.005],[73.4886,33.0015],[73.4313,33.0451],[73.4133,33.0286],[73.4266,33.0119],[73.4284,32.9902],[73.4682,32.9587],[73.5059,32.9623],[73.5165,32.9401],[73.5001,32.9099],[73.5106,32.9003],[73.5537,32.8832],[73.5301,32.8533],[73.5453,32.8334],[73.5652,32.8296],[73.6201,32.8833],[73.6677,32.9051],[73.651,32.9322],[73.6214,32.9483],[73.6052,32.965],[73.6182,32.977],[73.6551,32.9918],[73.6782,33.0114],[73.6973,33.0153],[73.6959,33.0338],[73.7193,33.0462],[73.7262,33.0618]]]]}},{"type":"Feature","properties":{"province_name":"Punjab","district_name":"Jhelum","tehsil_name":"Jhelum","tehsil_code":"PK61302","area_km2":691.2430965833765},"geometry":{"type":"MultiPolygon","coordinates":[[[[73.5903,32.7475],[73.6113,32.7823],[73.6181,32.8124],[73.6334,32.8417],[73.6632,32.8745],[73.7301,32.9218],[73.7962,32.9862],[73.8058,33.0089],[73.7739,33.0233],[73.7586,33.0472],[73.7262,33.0618],[73.7193,33.0462],[73.6959,33.0338],[73.6973,33.0153],[73.6782,33.0114],[73.6551,32.9918],[73.6182,32.977],[73.6052,32.965],[73.6214,32.9483],[73.651,32.9322],[73.6677,32.9051],[73.6201,32.8833],[73.5652,32.8296],[73.5453,32.8334],[73.5301,32.8533],[73.5537,32.8832],[73.5106,32.9003],[73.5001,32.9099],[73.4719,32.892],[73.4461,32.8676],[73.3958,32.856],[73.3736,32.8322],[73.3181,32.8308],[73.3016,32.813],[73.2779,32.8044],[73.2641,32.7847],[73.2782,32.74],[73.3083,32.7431],[73.3492,32.7251],[73.3761,32.7632],[73.3909,32.7636],[73.4183,32.7459],[73.4217,32.6863],[73.4121,32.6677],[73.4387,32.6483],[73.4633,32.6644],[73.4922,32.6702],[73.5226,32.6873],[73.5796,32.7276],[73.5903,32.7475]]]]}},{"type":"Feature","properties":{"province_name":"Punjab","district_name":"Jhelum","tehsil_name":"Pind Dadan Khan","tehsil_code":"PK61303","area_km2":1255.6359313689927},"geometry":{"type":"MultiPolygon","coordinates":[[[[73.4387,32.6483],[73.4121,32.6677],[73.4217,32.6863],[73.4183,32.7459],[73.3909,32.7636],[73.3761,32.7632],[73.3492,32.7251],[73.3083,32.7431],[73.2782,32.74],[73.2212,32.7392],[73.1885,32.7298],[73.1574,32.7395],[73.1548,32.7245],[73.1244,32.7069],[73.0893,32.6965],[73.0889,32.672],[73.0697,32.672],[73.0503,32.6894],[73.0106,32.7005],[72.9966,32.6919],[72.9789,32.6637],[72.9407,32.6692],[72.935,32.6568],[72.8896,32.6533],[72.8723,32.6396],[72.8493,32.6545],[72.833,32.6656],[72.8097,32.6618],[72.775,32.6951],[72.7347,32.6859],[72.7332,32.6529],[72.7443,32.6328],[72.7276,32.612],[72.6527,32.5948],[72.6521,32.5505],[72.6433,32.5311],[72.6671,32.4654],[72.6514,32.4575],[72.6602,32.424],[72.7153,32.4165],[72.7566,32.4356],[72.787,32.4406],[72.8561,32.4677],[72.8756,32.5039],[72.9127,32.5219],[72.9504,32.5321],[72.9781,32.5505],[73.0298,32.5518],[73.0768,32.5741],[73.0979,32.5705],[73.1759,32.5772],[73.1946,32.5746],[73.2207,32.5724],[73.2447,32.5851],[73.2858,32.5947],[73.3197,32.6157],[73.3431,32.6219],[73.3774,32.6199],[73.4059,32.6308],[73.4116,32.6424],[73.4387,32.6483]]]]}},{"type":"Feature","properties":{"province_name":"Punjab","district_name":"Jhelum","tehsil_name":"Sohawa","tehsil_code":"PK61304","area_km2":1177.5565095675688},"geometry":{"type":"MultiPolygon","coordinates":[[[[73.6401,33.2335],[73.6236,33.2553],[73.5912,33.2359],[73.5576,33.2269],[73.5537,33.2034],[73.5215,33.229],[73.4808,33.2252],[73.458,33.2467],[73.4329,33.2366],[73.4351,33.2197],[73.3994,33.1819],[73.378,33.1726],[73.3954,33.1419],[73.3613,33.1021],[73.3388,33.1114],[73.2423,33.0901],[73.2103,33.0928],[73.196,33.0802],[73.1864,33.0413],[73.1893,33.013],[73.2148,32.9834],[73.2051,32.9456],[73.1534,32.903],[73.1519,32.8683],[73.1153,32.8328],[73.1221,32.8236],[73.1507,32.8248],[73.2208,32.815],[73.2402,32.7944],[73.2477,32.7599],[73.2212,32.7392],[73.2782,32.74],[73.2641,32.7847],[73.2779,32.8044],[73.3016,32.813],[73.3181,32.8308],[73.3736,32.8322],[73.3958,32.856],[73.4461,32.8676],[73.4719,32.892],[73.5001,32.9099],[73.5165,32.9401],[73.5059,32.9623],[73.4682,32.9587],[73.4284,32.9902],[73.4266,33.0119],[73.4133,33.0286],[73.4313,33.0451],[73.4886,33.0015],[73.499,33.005],[73.5179,33.0651],[73.5162,33.0868],[73.5541,33.1006],[73.5405,33.0644],[73.5684,33.0796],[73.5839,33.1225],[73.6226,33.1611],[73.6107,33.1936],[73.6306,33.194],[73.6412,33.2161],[73.6401,33.2335]]]]}},{"type":"Feature","properties":{"province_name":"Punjab","district_name":"Kasur","tehsil_name":"Chunian","tehsil_code":"PK61401","area_km2":1179.8693070671109},"geometry":{"type":"MultiPolygon","coordinates":[[[[74.094,31.1223],[74.0337,31.1201],[74.0012,31.1047],[73.9627,31.1063],[73.956,31.0902],[73.9597,31.0656],[73.9342,31.0559],[73.8978,31.0311],[73.8721,30.9898],[73.815,30.9738],[73.7835,30.9487],[73.777,30.9297],[73.7866,30.9232],[73.8168,30.9338],[73.8448,30.8936],[73.8582,30.8622],[73.8917,30.8575],[73.9419,30.8576],[73.945,30.8447],[74.0004,30.8325],[74.0277,30.7997],[74.0634,30.796],[74.0759,30.7766],[74.0732,30.7549],[74.112,30.7226],[74.1199,30.6975],[74.1585,30.6544],[74.1618,30.6416],[74.1968,30.6718],[74.2322,30.7196],[74.254,30.723],[74.2737,30.7433],[74.2621,30.7681],[74.251,30.7874],[74.2511,30.8155],[74.2324,30.8254],[74.2502,30.8463],[74.2752,30.8517],[74.2611,30.8896],[74.2383,30.8854],[74.2345,30.9112],[74.2156,30.9414],[74.2082,30.9699],[74.1807,30.9553],[74.1678,30.9604],[74.1366,31.0075],[74.1282,31.0299],[74.1155,31.0706],[74.0857,31.1021],[74.094,31.1223]]]]}},{"type":"Feature","properties":{"province_name":"Punjab","district_name":"Kasur","tehsil_name":"Kasur","tehsil_code":"PK61402","area_km2":1540.0403465487425},"geometry":{"type":"MultiPolygon","coordinates":[[[[74.5712,31.3445],[74.5316,31.3584],[74.4712,31.3655],[74.4516,31.3513],[74.448,31.3218],[74.4321,31.293],[74.4142,31.2984],[74.3358,31.2889],[74.2999,31.2849],[74.2735,31.295],[74.2265,31.2591],[74.2362,31.2121],[74.2609,31.1938],[74.2811,31.1999],[74.3054,31.1805],[74.3093,31.1401],[74.2693,31.1268],[74.2517,31.1282],[74.2054,31.0733],[74.2058,31.0611],[74.1708,31.0466],[74.1521,31.0574],[74.1282,31.0299],[74.1366,31.0075],[74.1678,30.9604],[74.1807,30.9553],[74.2082,30.9699],[74.2156,30.9414],[74.2345,30.9112],[74.2383,30.8854],[74.2611,30.8896],[74.2752,30.8517],[74.2502,30.8463],[74.2324,30.8254],[74.2511,30.8155],[74.251,30.7874],[74.2621,30.7681],[74.2876,30.7728],[74.2946,30.7946],[74.3181,30.8278],[74.3196,30.8436],[74.3441,30.8524],[74.372,30.8529],[74.3655,30.8854],[74.4192,30.9117],[74.4207,30.9259],[74.4706,30.966],[74.5022,30.9648],[74.5485,30.9928],[74.5442,31.0152],[74.5534,31.0626],[74.5717,31.0674],[74.6178,31.0274],[74.6391,31.0211],[74.6621,31.0565],[74.6872,31.0651],[74.6718,31.1001],[74.6507,31.1125],[74.6043,31.1194],[74.5815,31.108],[74.5453,31.1336],[74.5359,31.1542],[74.5336,31.1939],[74.5521,31.2531],[74.5503,31.2947],[74.5712,31.3445]]]]}},{"type":"Feature","properties":{"province_name":"Punjab","district_name":"Kasur","tehsil_name":"Kot Radha Kishen","tehsil_code":"PK61403","area_km2":434.44532615776825},"geometry":{"type":"MultiPolygon","coordinates":[[[[74.2265,31.2591],[74.2155,31.2573],[74.1871,31.2957],[74.1651,31.2839],[74.1476,31.2994],[74.1274,31.2938],[74.1099,31.267],[74.0833,31.2889],[74.0663,31.2778],[74.0364,31.2552],[74.0317,31.2329],[74.0501,31.1947],[74.0765,31.1847],[74.0804,31.1611],[74.0979,31.1491],[74.094,31.1223],[74.0857,31.1021],[74.1155,31.0706],[74.1282,31.0299],[74.1521,31.0574],[74.1708,31.0466],[74.2058,31.0611],[74.2054,31.0733],[74.2517,31.1282],[74.2693,31.1268],[74.3093,31.1401],[74.3054,31.1805],[74.2811,31.1999],[74.2609,31.1938],[74.2362,31.2121],[74.2265,31.2591]]]]}},{"type":"Feature","properties":{"province_name":"Punjab","district_name":"Kasur","tehsil_name":"Pattoki","tehsil_code":"PK61404","area_km2":853.0537872126721},"geometry":{"type":"MultiPolygon","coordinates":[[[[74.0663,31.2778],[74.0347,31.3117],[73.9951,31.3084],[73.9714,31.2949],[73.9367,31.2915],[73.9055,31.2697],[73.9186,31.2537],[73.9044,31.2345],[73.824,31.2169],[73.8125,31.2257],[73.7426,31.1957],[73.7374,31.1751],[73.7187,31.1642],[73.6981,31.1699],[73.6834,31.1501],[73.6539,31.1386],[73.6789,31.0987],[73.6622,31.0804],[73.6689,31.0572],[73.7167,31.0404],[73.7307,31.0059],[73.7623,30.9925],[73.7652,30.9792],[73.7538,30.9476],[73.777,30.9297],[73.7835,30.9487],[73.815,30.9738],[73.8721,30.9898],[73.8978,31.0311],[73.9342,31.0559],[73.9597,31.0656],[73.956,31.0902],[73.9627,31.1063],[74.0012,31.1047],[74.0337,31.1201],[74.094,31.1223],[74.0979,31.1491],[74.0804,31.1611],[74.0765,31.1847],[74.0501,31.1947],[74.0317,31.2329],[74.0364,31.2552],[74.0663,31.2778]]]]}},{"type":"Feature","properties":{"province_name":"Punjab","district_name":"Khanewal","tehsil_name":"Jahanian","tehsil_code":"PK61501","area_km2":498.32192846244385},"geometry":{"type":"MultiPolygon","coordinates":[[[[71.9669,30.0793],[71.9608,30.1005],[71.9361,30.0999],[71.9453,30.1318],[71.9275,30.14],[71.9267,30.1688],[71.8951,30.1761],[71.8812,30.1646],[71.8573,30.1731],[71.8641,30.1925],[71.8403,30.1942],[71.8351,30.2214],[71.8155,30.2226],[71.8003,30.2055],[71.7863,30.1673],[71.7637,30.1495],[71.7515,30.1299],[71.7463,30.1035],[71.7264,30.0759],[71.7165,30.0493],[71.6967,30.0469],[71.6455,30.0123],[71.6192,30.011],[71.5776,29.9873],[71.565,29.9741],[71.5869,29.9621],[71.6178,29.9633],[71.6053,29.9431],[71.6097,29.9251],[71.6347,29.9081],[71.6778,29.9053],[71.6798,29.9252],[71.6933,29.9447],[71.7322,29.9523],[71.735,29.9634],[71.79,30.0221],[71.8133,30.006],[71.8408,30.0105],[71.8575,30.0309],[71.8769,30.0262],[71.8989,30.0513],[71.9404,30.0378],[71.9607,30.0526],[71.9669,30.0793]]]]}},{"type":"Feature","properties":{"province_name":"Punjab","district_name":"Khanewal","tehsil_name":"Kabirwala","tehsil_code":"PK61502","area_km2":1636.898997231022},"geometry":{"type":"MultiPolygon","coordinates":[[[[72.2273,30.7167],[72.1864,30.7124],[72.1313,30.7305],[72.0894,30.7256],[72.0538,30.7316],[72.0528,30.7186],[72.031,30.7023],[71.9998,30.6895],[71.9924,30.6686],[71.9341,30.6808],[71.9198,30.6645],[71.8955,30.683],[71.8613,30.6742],[71.8267,30.6516],[71.7956,30.6382],[71.7682,30.5976],[71.7348,30.5881],[71.7267,30.5782],[71.7022,30.5426],[71.6713,30.5322],[71.6638,30.5222],[71.6156,30.506],[71.5638,30.4496],[71.5374,30.4579],[71.5299,30.4338],[71.5603,30.4367],[71.5886,30.4225],[71.6263,30.3883],[71.624,30.3685],[71.6556,30.3578],[71.6501,30.3286],[71.7174,30.3067],[71.7653,30.3071],[71.7773,30.2919],[71.7657,30.265],[71.7843,30.2606],[71.8166,30.2696],[71.8267,30.2861],[71.853,30.3028],[71.8779,30.3328],[71.8796,30.3552],[71.9433,30.3759],[71.9338,30.3922],[72.0247,30.4526],[72.0679,30.4841],[72.0961,30.4779],[72.1249,30.4948],[72.1516,30.5238],[72.162,30.5485],[72.1349,30.5635],[72.1521,30.573],[72.1655,30.5947],[72.1843,30.6434],[72.2104,30.6826],[72.2273,30.7167]]]]}},{"type":"Feature","properties":{"province_name":"Punjab","district_name":"Khanewal","tehsil_name":"Khanewal","tehsil_code":"PK61503","area_km2":1007.3661781889648},"geometry":{"type":"MultiPolygon","coordinates":[[[[72.0272,30.0811],[72.0409,30.1025],[72.0418,30.1297],[72.0688,30.1541],[72.0669,30.1621],[72.1018,30.204],[72.1228,30.2086],[72.1313,30.2227],[72.1213,30.2376],[72.1351,30.2554],[72.1649,30.2548],[72.1851,30.2644],[72.1984,30.3108],[72.1917,30.325],[72.2013,30.35],[72.1926,30.3744],[72.2236,30.4012],[72.2194,30.43],[72.1816,30.4379],[72.1663,30.4575],[72.1489,30.456],[72.1467,30.4919],[72.1249,30.4948],[72.0961,30.4779],[72.0679,30.4841],[72.0247,30.4526],[71.9338,30.3922],[71.9433,30.3759],[71.8796,30.3552],[71.8779,30.3328],[71.853,30.3028],[71.8267,30.2861],[71.8166,30.2696],[71.8316,30.2436],[71.8155,30.2226],[71.8351,30.2214],[71.8403,30.1942],[71.8641,30.1925],[71.8573,30.1731],[71.8812,30.1646],[71.8951,30.1761],[71.9267,30.1688],[71.9275,30.14],[71.9453,30.1318],[71.9361,30.0999],[71.9608,30.1005],[71.9669,30.0793],[71.99,30.0907],[72.0272,30.0811]]]]}},{"type":"Feature","properties":{"province_name":"Punjab","district_name":"Khanewal","tehsil_name":"Mian Channu","tehsil_code":"PK61504","area_km2":1218.7685017696433},"geometry":{"type":"MultiPolygon","coordinates":[[[[72.4972,30.5781],[72.4786,30.5816],[72.4694,30.5991],[72.4418,30.5988],[72.3975,30.5831],[72.3752,30.5657],[72.3628,30.5753],[72.3352,30.5737],[72.3253,30.5514],[72.3048,30.5357],[72.2959,30.5561],[72.2698,30.5483],[72.2469,30.5589],[72.1521,30.573],[72.1349,30.5635],[72.162,30.5485],[72.1516,30.5238],[72.1249,30.4948],[72.1467,30.4919],[72.1489,30.456],[72.1663,30.4575],[72.1816,30.4379],[72.2194,30.43],[72.2236,30.4012],[72.1926,30.3744],[72.2013,30.35],[72.1917,30.325],[72.1984,30.3108],[72.1851,30.2644],[72.1649,30.2548],[72.1351,30.2554],[72.1213,30.2376],[72.1313,30.2227],[72.1228,30.2086],[72.1018,30.204],[72.0669,30.1621],[72.0688,30.1541],[72.0418,30.1297],[72.0409,30.1025],[72.0272,30.0811],[72.0545,30.0706],[72.0802,30.0811],[72.1175,30.0753],[72.1265,30.0933],[72.1395,30.1139],[72.1588,30.122],[72.1858,30.1215],[72.1739,30.1458],[72.1874,30.1588],[72.2189,30.1591],[72.2409,30.1797],[72.2891,30.1866],[72.2903,30.2007],[72.3224,30.216],[72.3506,30.2004],[72.3988,30.218],[72.4021,30.279],[72.3938,30.2876],[72.4031,30.3236],[72.4177,30.3324],[72.439,30.3766],[72.4378,30.4351],[72.4832,30.5025],[72.4793,30.5414],[72.4992,30.5476],[72.4972,30.5781]]]]}},{"type":"Feature","properties":{"province_name":"Punjab","district_name":"Khushab","tehsil_name":"Khushab","tehsil_code":"PK61601","area_km2":2328.42773511932},"geometry":{"type":"MultiPolygon","coordinates":[[[[72.6527,32.5948],[72.6038,32.5992],[72.5779,32.6192],[72.5651,32.6384],[72.5672,32.662],[72.5352,32.6644],[72.5376,32.6949],[72.5091,32.6676],[72.4767,32.6648],[72.4405,32.6348],[72.4305,32.6177],[72.3944,32.5702],[72.3448,32.5399],[72.3201,32.5326],[72.3087,32.5158],[72.27,32.515],[72.2606,32.4934],[72.2194,32.5147],[72.2215,32.4783],[72.1956,32.4692],[72.1905,32.4449],[72.1515,32.4526],[72.1566,32.4246],[72.1376,32.3954],[72.1629,32.3727],[72.1766,32.3719],[72.1801,32.3457],[72.1598,32.3362],[72.1691,32.3134],[72.1325,32.3135],[72.1145,32.3049],[72.1052,32.2843],[72.0832,32.2661],[72.0268,32.2668],[72.006,32.2313],[72.0431,32.216],[72.0346,32.1795],[71.9816,32.1258],[71.9782,32.0862],[72.0272,32.0318],[72.0549,31.9858],[72.0798,31.9644],[72.1137,31.9849],[72.1621,31.9975],[72.1761,32.0094],[72.2587,32.0043],[72.2916,32.0078],[72.3244,32.0569],[72.3237,32.1038],[72.3301,32.1339],[72.3234,32.1549],[72.3429,32.2071],[72.3438,32.2302],[72.3703,32.254],[72.3969,32.2579],[72.4129,32.2772],[72.4402,32.2947],[72.4672,32.2973],[72.4785,32.319],[72.5135,32.3352],[72.554,32.3689],[72.5806,32.3712],[72.6476,32.3987],[72.6699,32.3958],[72.6602,32.424],[72.6514,32.4575],[72.6671,32.4654],[72.6433,32.5311],[72.6521,32.5505],[72.6527,32.5948]]]]}},{"type":"Feature","properties":{"province_name":"Punjab","district_name":"Khushab","tehsil_name":"Naushera","tehsil_code":"PK61602","area_km2":643.2172850805155},"geometry":{"type":"MultiPolygon","coordinates":[[[[72.4305,32.6177],[72.3886,32.6313],[72.3887,32.6541],[72.3495,32.6784],[72.3409,32.6948],[72.2903,32.691],[72.2358,32.7011],[72.2218,32.6976],[72.1645,32.7034],[72.1461,32.7154],[72.1551,32.6667],[72.1202,32.6339],[72.0736,32.6201],[72.0464,32.5996],[71.9863,32.5805],[71.9819,32.5569],[71.9611,32.5551],[71.9506,32.5339],[71.9409,32.5283],[71.9513,32.5063],[71.9752,32.5042],[71.9852,32.5357],[72.019,32.5326],[72.0381,32.5231],[72.071,32.5269],[72.111,32.5098],[72.1277,32.4907],[72.1566,32.5022],[72.1682,32.4806],[72.1956,32.4692],[72.2215,32.4783],[72.2194,32.5147],[72.2606,32.4934],[72.27,32.515],[72.3087,32.5158],[72.3201,32.5326],[72.3448,32.5399],[72.3944,32.5702],[72.4305,32.6177]]]]}},{"type":"Feature","properties":{"province_name":"Punjab","district_name":"Khushab","tehsil_name":"Noorpur","tehsil_code":"PK61603","area_km2":2387.483131742852},"geometry":{"type":"MultiPolygon","coordinates":[[[[71.9782,32.0862],[71.9334,32.0927],[71.9192,32.1252],[71.9363,32.1447],[71.921,32.1825],[71.8938,32.1934],[71.8761,32.2137],[71.8153,32.1999],[71.7923,32.1755],[71.7514,32.1774],[71.7788,32.1387],[71.7725,32.1052],[71.7693,32.047],[71.712,31.9896],[71.7189,31.9551],[71.6917,31.9158],[71.6718,31.8864],[71.6447,31.8801],[71.6262,31.8463],[71.6718,31.8291],[71.7154,31.8123],[71.7331,31.7719],[71.7491,31.7531],[71.7544,31.696],[71.7754,31.6764],[71.8068,31.6631],[71.8598,31.6149],[71.9007,31.6025],[71.9233,31.5873],[71.9369,31.5555],[71.9889,31.5314],[72.0237,31.5691],[72.0293,31.6141],[72.0761,31.6674],[72.0988,31.6868],[72.1456,31.75],[72.1712,31.7337],[72.2014,31.7384],[72.2116,31.7592],[72.2361,31.7848],[72.2439,31.809],[72.2617,31.808],[72.2638,31.8309],[72.2853,31.8647],[72.2723,31.878],[72.259,31.9121],[72.2592,31.9399],[72.2691,31.9724],[72.253,31.9789],[72.2587,32.0043],[72.1761,32.0094],[72.1621,31.9975],[72.1137,31.9849],[72.0798,31.9644],[72.0549,31.9858],[72.0272,32.0318],[71.9782,32.0862]]]]}},{"type":"Feature","properties":{"province_name":"Punjab","district_name":"Khushab","tehsil_name":"Quaidabad","tehsil_code":"PK61604","area_km2":1249.2102888648762},"geometry":{"type":"MultiPolygon","coordinates":[[[[71.9409,32.5283],[71.8814,32.5438],[71.8737,32.529],[71.8384,32.5224],[71.831,32.4982],[71.7867,32.4597],[71.803,32.444],[71.823,32.4403],[71.8442,32.4063],[71.8379,32.3885],[71.8071,32.3624],[71.7256,32.2741],[71.7345,32.2482],[71.7183,32.2392],[71.7284,32.1988],[71.7306,32.1821],[71.7514,32.1774],[71.7923,32.1755],[71.8153,32.1999],[71.8761,32.2137],[71.8938,32.1934],[71.921,32.1825],[71.9363,32.1447],[71.9192,32.1252],[71.9334,32.0927],[71.9782,32.0862],[71.9816,32.1258],[72.0346,32.1795],[72.0431,32.216],[72.006,32.2313],[72.0268,32.2668],[72.0832,32.2661],[72.1052,32.2843],[72.1145,32.3049],[72.1325,32.3135],[72.1691,32.3134],[72.1598,32.3362],[72.1801,32.3457],[72.1766,32.3719],[72.1629,32.3727],[72.1376,32.3954],[72.1566,32.4246],[72.1515,32.4526],[72.1905,32.4449],[72.1956,32.4692],[72.1682,32.4806],[72.1566,32.5022],[72.1277,32.4907],[72.111,32.5098],[72.071,32.5269],[72.0381,32.5231],[72.019,32.5326],[71.9852,32.5357],[71.9752,32.5042],[71.9513,32.5063],[71.9409,32.5283]]]]}},{"type":"Feature","properties":{"province_name":"Punjab","district_name":"Lahore","tehsil_name":"Lahore Cantt","tehsil_code":"PK61701","area_km2":1065.8480727636122},"geometry":{"type":"MultiPolygon","coordinates":[[[[74.5712,31.3445],[74.5946,31.3971],[74.6253,31.4236],[74.6411,31.4647],[74.6343,31.4837],[74.6117,31.5062],[74.6009,31.5679],[74.5785,31.6234],[74.5204,31.7166],[74.4837,31.7166],[74.4506,31.6917],[74.4462,31.67],[74.4299,31.6663],[74.4112,31.643],[74.3791,31.6582],[74.3711,31.6693],[74.3356,31.6479],[74.3761,31.6434],[74.3547,31.6228],[74.3526,31.5888],[74.3264,31.5884],[74.2954,31.5542],[74.2974,31.5354],[74.2802,31.5232],[74.287,31.5029],[74.2795,31.4859],[74.2948,31.472],[74.2998,31.4348],[74.3149,31.4207],[74.3006,31.3986],[74.2934,31.3699],[74.334,31.3484],[74.3284,31.3176],[74.3358,31.2889],[74.4142,31.2984],[74.4321,31.293],[74.448,31.3218],[74.4516,31.3513],[74.4712,31.3655],[74.5316,31.3584],[74.5712,31.3445]]]]}},{"type":"Feature","properties":{"province_name":"Punjab","district_name":"Lahore","tehsil_name":"Lahore City","tehsil_code":"PK61702","area_km2":673.7605731480322},"geometry":{"type":"MultiPolygon","coordinates":[[[[74.3356,31.6479],[74.3029,31.6733],[74.2647,31.6401],[74.2481,31.5923],[74.2456,31.5697],[74.2241,31.5558],[74.1986,31.5339],[74.1957,31.5163],[74.165,31.4592],[74.1229,31.4442],[74.0946,31.4442],[74.0729,31.4174],[74.0717,31.3729],[74.0346,31.3658],[74.0186,31.3723],[74.0043,31.3578],[74.0347,31.3117],[74.0663,31.2778],[74.0833,31.2889],[74.1099,31.267],[74.1274,31.2938],[74.1476,31.2994],[74.1651,31.2839],[74.1871,31.2957],[74.2155,31.2573],[74.2265,31.2591],[74.2735,31.295],[74.2999,31.2849],[74.3358,31.2889],[74.3284,31.3176],[74.334,31.3484],[74.2934,31.3699],[74.3006,31.3986],[74.3149,31.4207],[74.2998,31.4348],[74.2948,31.472],[74.2795,31.4859],[74.287,31.5029],[74.2802,31.5232],[74.2974,31.5354],[74.2954,31.5542],[74.3264,31.5884],[74.3526,31.5888],[74.3547,31.6228],[74.3761,31.6434],[74.3356,31.6479]]]]}},{"type":"Feature","properties":{"province_name":"Punjab","district_name":"Leiah","tehsil_name":"Choubara","tehsil_code":"PK61801","area_km2":2929.828885554298},"geometry":{"type":"MultiPolygon","coordinates":[[[[71.7643,31.1572],[71.7621,31.1737],[71.722,31.1792],[71.6877,31.1749],[71.6325,31.2204],[71.5978,31.236],[71.5384,31.2427],[71.4998,31.2283],[71.4945,31.2065],[71.4723,31.1709],[71.4438,31.1525],[71.3485,31.1468],[71.3228,31.1405],[71.3054,31.1495],[71.2743,31.1431],[71.2356,31.1451],[71.2174,31.1201],[71.2256,31.0651],[71.2025,31.0579],[71.2031,31.0373],[71.2175,31.0195],[71.2602,30.9327],[71.2842,30.8599],[71.3084,30.799],[71.3128,30.7441],[71.3608,30.7048],[71.3778,30.6838],[71.4448,30.6261],[71.5286,30.5834],[71.5843,30.5915],[71.6023,30.622],[71.6424,30.608],[71.6557,30.6202],[71.6685,30.6368],[71.6717,30.6884],[71.6996,30.7045],[71.6961,30.7213],[71.7054,30.7445],[71.7296,30.7534],[71.7387,30.7783],[71.7529,30.792],[71.7825,30.7918],[71.7995,30.8081],[71.7978,30.8314],[71.8263,30.8389],[71.8533,30.8676],[71.8404,30.8756],[71.8158,30.8815],[71.8099,30.9062],[71.8235,30.9295],[71.7762,30.9693],[71.7923,31.002],[71.8111,31.0204],[71.8154,31.0546],[71.7721,31.1267],[71.7643,31.1572]]]]}},{"type":"Feature","properties":{"province_name":"Punjab","district_name":"Leiah","tehsil_name":"Karor Lal Esan","tehsil_code":"PK61802","area_km2":1465.23205434882},"geometry":{"type":"MultiPolygon","coordinates":[[[[71.1967,31.3635],[71.1381,31.3619],[71.0938,31.3815],[71,31.3847],[70.9739,31.377],[70.9324,31.3789],[70.9161,31.4114],[70.8936,31.3995],[70.8703,31.3762],[70.8354,31.383],[70.8139,31.3755],[70.8106,31.3614],[70.7865,31.3501],[70.7836,31.3145],[70.7747,31.3057],[70.7628,31.2847],[70.794,31.282],[70.778,31.2209],[70.7773,31.1884],[70.7904,31.1542],[70.7955,31.1039],[70.8229,31.0982],[70.8995,31.1005],[70.9347,31.0688],[70.9693,31.0797],[71.0415,31.0719],[71.0563,31.0885],[71.0775,31.0824],[71.087,31.0529],[71.1174,31.0542],[71.1252,31.0279],[71.1414,31.0356],[71.175,31.0327],[71.2031,31.0373],[71.2025,31.0579],[71.2256,31.0651],[71.2174,31.1201],[71.2356,31.1451],[71.2743,31.1431],[71.3054,31.1495],[71.2933,31.1757],[71.2826,31.2366],[71.2563,31.2312],[71.1929,31.3124],[71.1967,31.3635]]]]}},{"type":"Feature","properties":{"province_name":"Punjab","district_name":"Leiah","tehsil_name":"Leiah","tehsil_code":"PK61803","area_km2":2019.948065667652},"geometry":{"type":"MultiPolygon","coordinates":[[[[71.2031,31.0373],[71.175,31.0327],[71.1414,31.0356],[71.1252,31.0279],[71.1174,31.0542],[71.087,31.0529],[71.0775,31.0824],[71.0563,31.0885],[71.0415,31.0719],[70.9693,31.0797],[70.9347,31.0688],[70.8995,31.1005],[70.8229,31.0982],[70.7955,31.1039],[70.7799,31.1089],[70.7762,31.0304],[70.781,31.0059],[70.7617,30.9736],[70.7906,30.9749],[70.7933,30.9469],[70.7592,30.9202],[70.7677,30.8833],[70.7888,30.8783],[70.7699,30.8444],[70.7452,30.8462],[70.7432,30.7762],[70.783,30.77],[70.7948,30.7542],[70.7923,30.6713],[70.7955,30.6535],[70.8393,30.6555],[70.8617,30.6686],[70.9089,30.6643],[70.9547,30.6723],[70.9657,30.6585],[71.008,30.6549],[71.0371,30.6412],[71.0629,30.6548],[71.1107,30.6496],[71.1528,30.677],[71.1376,30.7062],[71.1634,30.7411],[71.1726,30.766],[71.2152,30.7674],[71.255,30.7632],[71.2802,30.7484],[71.3128,30.7441],[71.3084,30.799],[71.2842,30.8599],[71.2602,30.9327],[71.2175,31.0195],[71.2031,31.0373]]]]}},{"type":"Feature","properties":{"province_name":"Punjab","district_name":"Lodhran","tehsil_name":"Dunyapur","tehsil_code":"PK61901","area_km2":802.7924840761159},"geometry":{"type":"MultiPolygon","coordinates":[[[[71.7322,29.9523],[71.6933,29.9447],[71.6798,29.9252],[71.6778,29.9053],[71.6347,29.9081],[71.6097,29.9251],[71.6053,29.9431],[71.6178,29.9633],[71.5869,29.9621],[71.5896,29.9424],[71.5637,29.9469],[71.5427,29.9199],[71.534,29.8896],[71.5476,29.8777],[71.5026,29.8659],[71.4917,29.8521],[71.4964,29.825],[71.5093,29.8015],[71.5057,29.7899],[71.5327,29.742],[71.5547,29.7425],[71.5718,29.7551],[71.5939,29.7501],[71.6094,29.764],[71.6473,29.7693],[71.634,29.747],[71.6282,29.7166],[71.6445,29.6903],[71.6617,29.6935],[71.6786,29.7103],[71.7149,29.7229],[71.7225,29.7361],[71.7493,29.7346],[71.7957,29.7465],[71.8098,29.72],[71.8355,29.7331],[71.831,29.7607],[71.862,29.7583],[71.8918,29.7733],[71.9299,29.7673],[71.9612,29.7763],[71.962,29.8001],[71.9385,29.8355],[71.9123,29.8435],[71.8982,29.8795],[71.8801,29.8931],[71.8842,29.9059],[71.8349,29.9235],[71.8052,29.9017],[71.7532,29.9219],[71.7322,29.9523]]]]}},{"type":"Feature","properties":{"province_name":"Punjab","district_name":"Lodhran","tehsil_name":"Kahror Pacca","tehsil_code":"PK61902","area_km2":724.4493146073992},"geometry":{"type":"MultiPolygon","coordinates":[[[[72.0927,29.6018],[72.1011,29.6104],[72.0917,29.6343],[72.0976,29.6615],[72.0583,29.6545],[72.0288,29.6908],[72.0079,29.6896],[71.9881,29.7043],[71.9879,29.7284],[71.93,29.7572],[71.9612,29.7763],[71.9299,29.7673],[71.8918,29.7733],[71.862,29.7583],[71.831,29.7607],[71.8355,29.7331],[71.8098,29.72],[71.7957,29.7465],[71.7493,29.7346],[71.7225,29.7361],[71.7149,29.7229],[71.6786,29.7103],[71.6617,29.6935],[71.7041,29.6808],[71.7307,29.6525],[71.7222,29.6292],[71.719,29.592],[71.73,29.5808],[71.7568,29.5828],[71.7911,29.5585],[71.7858,29.5152],[71.7773,29.5026],[71.8012,29.5099],[71.8187,29.5341],[71.8459,29.5378],[71.8554,29.5157],[71.8712,29.5161],[71.8718,29.5449],[71.8959,29.5359],[71.9101,29.5102],[71.931,29.5134],[71.9398,29.5275],[71.9156,29.5469],[71.9117,29.5645],[71.9854,29.5462],[72.0073,29.5506],[72.0158,29.5723],[72.0496,29.5513],[72.0733,29.5565],[72.0707,29.5881],[72.0927,29.6018]]]]}},{"type":"Feature","properties":{"province_name":"Punjab","district_name":"Lodhran","tehsil_name":"Lodhran","tehsil_code":"PK61903","area_km2":1141.4416701240891},"geometry":{"type":"MultiPolygon","coordinates":[[[[71.5057,29.7899],[71.4743,29.8002],[71.4537,29.8164],[71.4298,29.8085],[71.4302,29.7836],[71.4181,29.7631],[71.4235,29.7389],[71.4409,29.7373],[71.4381,29.713],[71.4262,29.7028],[71.4318,29.6767],[71.4273,29.6445],[71.4091,29.6087],[71.3811,29.5906],[71.3806,29.574],[71.3618,29.5638],[71.3574,29.5249],[71.3678,29.4922],[71.3865,29.4771],[71.3842,29.4581],[71.366,29.4485],[71.3546,29.4232],[71.375,29.3882],[71.3919,29.4113],[71.4327,29.4184],[71.4539,29.4014],[71.4787,29.3977],[71.5038,29.4102],[71.5167,29.4489],[71.5434,29.431],[71.5706,29.4278],[71.5824,29.444],[71.6116,29.4385],[71.6296,29.4718],[71.693,29.4837],[71.7119,29.4814],[71.7292,29.5017],[71.7333,29.53],[71.7478,29.529],[71.7773,29.5026],[71.7858,29.5152],[71.7911,29.5585],[71.7568,29.5828],[71.73,29.5808],[71.719,29.592],[71.7222,29.6292],[71.7307,29.6525],[71.7041,29.6808],[71.6617,29.6935],[71.6445,29.6903],[71.6282,29.7166],[71.634,29.747],[71.6473,29.7693],[71.6094,29.764],[71.5939,29.7501],[71.5718,29.7551],[71.5547,29.7425],[71.5327,29.742],[71.5057,29.7899]]]]}},{"type":"Feature","properties":{"province_name":"Punjab","district_name":"Mandi Bahauddin","tehsil_name":"Malakwal","tehsil_code":"PK62001","area_km2":760.5255661246866},"geometry":{"type":"MultiPolygon","coordinates":[[[[73.3774,32.6199],[73.3431,32.6219],[73.3197,32.6157],[73.2858,32.5947],[73.2447,32.5851],[73.2207,32.5724],[73.1946,32.5746],[73.2014,32.531],[73.1901,32.5162],[73.1536,32.4964],[73.1693,32.4845],[73.1641,32.4683],[73.1422,32.458],[73.0755,32.4543],[73.0726,32.4399],[73.0476,32.4285],[73.0475,32.4121],[73.0807,32.395],[73.0912,32.3782],[73.1079,32.342],[73.0834,32.2957],[73.0985,32.2857],[73.1268,32.3004],[73.1548,32.2405],[73.1937,32.2381],[73.2243,32.2646],[73.2446,32.3211],[73.2775,32.3389],[73.32,32.3221],[73.3524,32.3206],[73.3812,32.3286],[73.4002,32.3466],[73.3947,32.3749],[73.3807,32.4048],[73.3628,32.4658],[73.3585,32.5126],[73.3394,32.5804],[73.3536,32.6018],[73.3737,32.5993],[73.3774,32.6199]]]]}},{"type":"Feature","properties":{"province_name":"Punjab","district_name":"Mandi Bahauddin","tehsil_name":"Mandi Bahauddin","tehsil_code":"PK62002","area_km2":843.2897548066092},"geometry":{"type":"MultiPolygon","coordinates":[[[[73.6423,32.7013],[73.6305,32.6961],[73.5903,32.7475],[73.5796,32.7276],[73.5226,32.6873],[73.4922,32.6702],[73.4633,32.6644],[73.4387,32.6483],[73.4116,32.6424],[73.4059,32.6308],[73.3774,32.6199],[73.3737,32.5993],[73.3536,32.6018],[73.3394,32.5804],[73.3585,32.5126],[73.3628,32.4658],[73.3807,32.4048],[73.3947,32.3749],[73.4002,32.3466],[73.4568,32.3618],[73.488,32.3742],[73.5143,32.4429],[73.5453,32.4586],[73.5588,32.4823],[73.6548,32.5129],[73.7001,32.5396],[73.7011,32.5772],[73.7319,32.5939],[73.7275,32.6171],[73.6963,32.6273],[73.674,32.6452],[73.6607,32.6774],[73.6634,32.6922],[73.6423,32.7013]]]]}},{"type":"Feature","properties":{"province_name":"Punjab","district_name":"Mandi Bahauddin","tehsil_name":"Phalia","tehsil_code":"PK62003","area_km2":1147.5468793031605},"geometry":{"type":"MultiPolygon","coordinates":[[[[73.8971,32.3983],[73.8868,32.4056],[73.8853,32.4384],[73.8583,32.4648],[73.8201,32.4798],[73.7864,32.5108],[73.7883,32.5421],[73.7983,32.5635],[73.7637,32.5735],[73.7319,32.5939],[73.7011,32.5772],[73.7001,32.5396],[73.6548,32.5129],[73.5588,32.4823],[73.5453,32.4586],[73.5143,32.4429],[73.488,32.3742],[73.4568,32.3618],[73.4002,32.3466],[73.3812,32.3286],[73.3524,32.3206],[73.32,32.3221],[73.2775,32.3389],[73.2446,32.3211],[73.2243,32.2646],[73.2327,32.2352],[73.2534,32.2033],[73.2487,32.1853],[73.2577,32.1693],[73.308,32.1221],[73.3772,32.1564],[73.3919,32.1698],[73.4356,32.1851],[73.4628,32.2129],[73.4809,32.2417],[73.5075,32.2396],[73.5142,32.2658],[73.5452,32.2871],[73.5954,32.3024],[73.6766,32.3399],[73.731,32.3623],[73.7556,32.343],[73.7868,32.3737],[73.8034,32.3705],[73.8391,32.3904],[73.8971,32.3983]]]]}},{"type":"Feature","properties":{"province_name":"Punjab","district_name":"Mianwali","tehsil_name":"Isakhel","tehsil_code":"PK62101","area_km2":1916.37801676967},"geometry":{"type":"MultiPolygon","coordinates":[[[[71.7185,33.0598],[71.6582,33.0735],[71.6373,33.0855],[71.6297,33.1031],[71.603,33.1333],[71.6025,33.1842],[71.5529,33.2285],[71.5151,33.2154],[71.5,33.1996],[71.4806,33.2146],[71.4524,33.2198],[71.4446,33.2404],[71.416,33.2255],[71.407,33.1938],[71.4305,33.173],[71.4413,33.1394],[71.4523,33.1302],[71.424,33.095],[71.4296,33.0797],[71.4561,33.0699],[71.4671,33.0443],[71.454,33.0165],[71.4322,33.004],[71.4055,33.0104],[71.3851,32.9991],[71.3406,32.9916],[71.3175,33.0023],[71.3182,33.0167],[71.2549,32.9982],[71.2377,32.997],[71.2196,32.9811],[71.1886,32.9755],[71.1655,32.9602],[71.1456,32.9286],[71.1449,32.8881],[71.1338,32.8329],[71.1337,32.811],[71.1103,32.81],[71.1211,32.7751],[71.1217,32.7522],[71.1421,32.7286],[71.134,32.6948],[71.1676,32.6188],[71.1639,32.5991],[71.2489,32.5445],[71.232,32.512],[71.2568,32.4919],[71.2729,32.5088],[71.3,32.5167],[71.2988,32.5322],[71.3235,32.534],[71.3384,32.502],[71.353,32.4986],[71.3468,32.4697],[71.3715,32.4595],[71.3876,32.479],[71.3595,32.4947],[71.361,32.5163],[71.3731,32.5935],[71.3627,32.6189],[71.3642,32.6395],[71.4349,32.6298],[71.4252,32.6765],[71.3905,32.6853],[71.3471,32.676],[71.3392,32.6847],[71.3414,32.7172],[71.3619,32.7317],[71.3722,32.757],[71.3999,32.7659],[71.414,32.809],[71.4623,32.8276],[71.5074,32.8116],[71.5237,32.839],[71.5229,32.8691],[71.4778,32.8737],[71.4796,32.9047],[71.5201,32.9119],[71.555,32.9375],[71.5703,32.966],[71.5893,32.9692],[71.6073,32.9553],[71.6442,32.9708],[71.6976,32.9859],[71.6981,33.0124],[71.7192,33.0209],[71.7269,33.037],[71.7185,33.0598]]]]}},{"type":"Feature","properties":{"province_name":"Punjab","district_name":"Mianwali","tehsil_name":"Mianwali","tehsil_code":"PK62102","area_km2":2919.236650128342},"geometry":{"type":"MultiPolygon","coordinates":[[[[71.8042,33.0049],[71.7932,33.0015],[71.7477,33.0181],[71.7192,33.0209],[71.6981,33.0124],[71.6976,32.9859],[71.6442,32.9708],[71.6073,32.9553],[71.5893,32.9692],[71.5703,32.966],[71.555,32.9375],[71.5201,32.9119],[71.4796,32.9047],[71.4778,32.8737],[71.5229,32.8691],[71.5237,32.839],[71.5074,32.8116],[71.4623,32.8276],[71.414,32.809],[71.3999,32.7659],[71.3722,32.757],[71.3619,32.7317],[71.3414,32.7172],[71.3392,32.6847],[71.3471,32.676],[71.3905,32.6853],[71.4252,32.6765],[71.4349,32.6298],[71.3642,32.6395],[71.3627,32.6189],[71.3731,32.5935],[71.361,32.5163],[71.4511,32.5143],[71.4768,32.5077],[71.5262,32.464],[71.5848,32.4415],[71.596,32.4195],[71.6124,32.3208],[71.6287,32.3042],[71.6885,32.2717],[71.7183,32.2392],[71.7345,32.2482],[71.7256,32.2741],[71.8071,32.3624],[71.8379,32.3885],[71.8442,32.4063],[71.823,32.4403],[71.803,32.444],[71.7867,32.4597],[71.831,32.4982],[71.8384,32.5224],[71.8737,32.529],[71.8814,32.5438],[71.9409,32.5283],[71.9506,32.5339],[71.9318,32.5463],[71.9378,32.5712],[71.9226,32.5847],[71.9254,32.6089],[71.9077,32.6412],[71.8906,32.6573],[71.9131,32.67],[71.8974,32.6931],[71.8903,32.7274],[71.8927,32.7561],[71.9165,32.7677],[71.954,32.7972],[71.9741,32.8046],[71.9688,32.835],[71.9145,32.8635],[71.9098,32.8867],[71.8969,32.8958],[71.886,32.9293],[71.8856,32.9677],[71.8783,32.9831],[71.8314,33.0027],[71.8042,33.0049]]]]}},{"type":"Feature","properties":{"province_name":"Punjab","district_name":"Mianwali","tehsil_name":"Piplan","tehsil_code":"PK62103","area_km2":1128.2453363539316},"geometry":{"type":"MultiPolygon","coordinates":[[[[71.7183,32.2392],[71.6885,32.2717],[71.6287,32.3042],[71.6124,32.3208],[71.596,32.4195],[71.5848,32.4415],[71.5262,32.464],[71.4768,32.5077],[71.4511,32.5143],[71.361,32.5163],[71.3595,32.4947],[71.3876,32.479],[71.3715,32.4595],[71.3468,32.4697],[71.3271,32.4047],[71.3402,32.3741],[71.329,32.3644],[71.2858,32.3661],[71.2182,32.3074],[71.2046,32.2805],[71.173,32.2516],[71.1665,32.2315],[71.1743,32.205],[71.1986,32.1874],[71.2281,32.1792],[71.2442,32.2019],[71.2666,32.1889],[71.3211,32.1739],[71.3359,32.2022],[71.3812,32.2053],[71.433,32.1953],[71.473,32.1968],[71.5082,32.2201],[71.5239,32.2216],[71.6137,32.196],[71.6628,32.1917],[71.7284,32.1988],[71.7183,32.2392]]]]}},{"type":"Feature","properties":{"province_name":"Punjab","district_name":"Multan","tehsil_name":"Jalalpur Pirwala","tehsil_code":"PK62201","area_km2":876.4375933797038},"geometry":{"type":"MultiPolygon","coordinates":[[[[71.4091,29.6087],[71.3038,29.6862],[71.2586,29.7004],[71.2303,29.7199],[71.1752,29.7429],[71.161,29.7209],[71.1812,29.7015],[71.1531,29.6839],[71.1214,29.6855],[71.1179,29.6704],[71.0905,29.6679],[71.0746,29.6752],[71.0515,29.6572],[71.0411,29.632],[71.0612,29.6102],[71.0227,29.58],[71.0268,29.567],[71.0089,29.539],[71.0279,29.4747],[71.0279,29.4452],[71.0483,29.435],[71.0611,29.4428],[71.0928,29.4309],[71.105,29.4508],[71.1207,29.4498],[71.1621,29.469],[71.2167,29.4825],[71.2307,29.4799],[71.2386,29.4459],[71.3324,29.4456],[71.3366,29.4294],[71.3546,29.4232],[71.366,29.4485],[71.3842,29.4581],[71.3865,29.4771],[71.3678,29.4922],[71.3574,29.5249],[71.3618,29.5638],[71.3806,29.574],[71.3811,29.5906],[71.4091,29.6087]]]]}},{"type":"Feature","properties":{"province_name":"Punjab","district_name":"Multan","tehsil_name":"Multan City","tehsil_code":"PK62202","area_km2":288.7357913778817},"geometry":{"type":"MultiPolygon","coordinates":[[[[71.5197,30.2844],[71.4873,30.2818],[71.4847,30.2693],[71.4501,30.2695],[71.4349,30.243],[71.4002,30.2408],[71.3732,30.229],[71.351,30.21],[71.3428,30.1641],[71.3245,30.1546],[71.3612,30.1105],[71.382,30.1344],[71.4339,30.0924],[71.471,30.1287],[71.5018,30.1246],[71.5178,30.1084],[71.5272,30.151],[71.5442,30.1653],[71.5233,30.1762],[71.5239,30.2064],[71.5529,30.231],[71.5481,30.2531],[71.5603,30.2656],[71.5197,30.2844]]]]}},{"type":"Feature","properties":{"province_name":"Punjab","district_name":"Multan","tehsil_name":"Multan Saddar","tehsil_code":"PK62203","area_km2":1648.5059729832758},"geometry":{"type":"MultiPolygon","coordinates":[[[[71.5299,30.4338],[71.4909,30.4344],[71.4865,30.4043],[71.47,30.3915],[71.4585,30.369],[71.4455,30.3669],[71.4135,30.3445],[71.4098,30.312],[71.3877,30.2725],[71.3567,30.2305],[71.3328,30.2073],[71.3197,30.2052],[71.2957,30.1684],[71.2856,30.1352],[71.2894,30.0965],[71.2667,30.0397],[71.3099,30.0379],[71.3413,30.0294],[71.4011,30.0012],[71.4005,29.9797],[71.3847,29.9566],[71.3914,29.9097],[71.4245,29.8676],[71.4537,29.8164],[71.4743,29.8002],[71.5057,29.7899],[71.5093,29.8015],[71.4964,29.825],[71.4917,29.8521],[71.5026,29.8659],[71.5476,29.8777],[71.534,29.8896],[71.5427,29.9199],[71.5637,29.9469],[71.5896,29.9424],[71.5869,29.9621],[71.565,29.9741],[71.5776,29.9873],[71.6192,30.011],[71.6455,30.0123],[71.6967,30.0469],[71.7165,30.0493],[71.7264,30.0759],[71.7463,30.1035],[71.7515,30.1299],[71.7637,30.1495],[71.7863,30.1673],[71.8003,30.2055],[71.8155,30.2226],[71.8316,30.2436],[71.8166,30.2696],[71.7843,30.2606],[71.7657,30.265],[71.7773,30.2919],[71.7653,30.3071],[71.7174,30.3067],[71.6501,30.3286],[71.6556,30.3578],[71.624,30.3685],[71.6263,30.3883],[71.5886,30.4225],[71.5603,30.4367],[71.5299,30.4338]],[[71.5197,30.2844],[71.5603,30.2656],[71.5481,30.2531],[71.5529,30.231],[71.5239,30.2064],[71.5233,30.1762],[71.5442,30.1653],[71.5272,30.151],[71.5178,30.1084],[71.5018,30.1246],[71.471,30.1287],[71.4339,30.0924],[71.382,30.1344],[71.3612,30.1105],[71.3245,30.1546],[71.3428,30.1641],[71.351,30.21],[71.3732,30.229],[71.4002,30.2408],[71.4349,30.243],[71.4501,30.2695],[71.4847,30.2693],[71.4873,30.2818],[71.5197,30.2844]]]]}},{"type":"Feature","properties":{"province_name":"Punjab","district_name":"Multan","tehsil_name":"Shujabad","tehsil_code":"PK62204","area_km2":836.5154390552966},"geometry":{"type":"MultiPolygon","coordinates":[[[[71.4537,29.8164],[71.4245,29.8676],[71.3914,29.9097],[71.3847,29.9566],[71.4005,29.9797],[71.4011,30.0012],[71.3413,30.0294],[71.3099,30.0379],[71.2667,30.0397],[71.2585,30.029],[71.2761,30.0028],[71.2424,29.9827],[71.2101,29.9797],[71.1855,29.9209],[71.1726,29.8785],[71.1928,29.8782],[71.1932,29.8408],[71.1753,29.8232],[71.18,29.7993],[71.1632,29.7804],[71.1752,29.7623],[71.1752,29.7429],[71.2303,29.7199],[71.2586,29.7004],[71.3038,29.6862],[71.4091,29.6087],[71.4273,29.6445],[71.4318,29.6767],[71.4262,29.7028],[71.4381,29.713],[71.4409,29.7373],[71.4235,29.7389],[71.4181,29.7631],[71.4302,29.7836],[71.4298,29.8085],[71.4537,29.8164]]]]}},{"type":"Feature","properties":{"province_name":"Punjab","district_name":"Muzaffargarh","tehsil_name":"Alipur","tehsil_code":"PK62301","area_km2":1205.8600608657975},"geometry":{"type":"MultiPolygon","coordinates":[[[[71.0611,29.4428],[71.0483,29.435],[71.0279,29.4452],[71.0279,29.4747],[71.0089,29.539],[70.9698,29.5193],[70.938,29.4857],[70.9158,29.4798],[70.8979,29.4982],[70.8699,29.5141],[70.8529,29.5001],[70.8267,29.4993],[70.8059,29.4891],[70.8083,29.4537],[70.7837,29.4582],[70.7698,29.4372],[70.7506,29.4577],[70.7292,29.4509],[70.7173,29.4191],[70.6892,29.4023],[70.6611,29.4337],[70.6374,29.4348],[70.6392,29.4206],[70.6096,29.4153],[70.6071,29.3964],[70.6226,29.3911],[70.6153,29.3267],[70.6276,29.3119],[70.6198,29.2864],[70.5878,29.2628],[70.58,29.2342],[70.5606,29.228],[70.5797,29.1859],[70.5722,29.1599],[70.5778,29.1209],[70.561,29.1108],[70.5511,29.074],[70.5536,29.0536],[70.5398,29.0282],[70.5461,29.017],[70.5758,29.0362],[70.6129,29.0485],[70.6166,29.0793],[70.6693,29.0917],[70.6834,29.1005],[70.7053,29.1549],[70.7303,29.1629],[70.7506,29.1594],[70.7907,29.249],[70.8363,29.2377],[70.8551,29.2659],[70.9149,29.2413],[70.9175,29.2818],[70.9458,29.2697],[70.9593,29.2801],[70.9501,29.3002],[70.9147,29.3184],[70.9352,29.3476],[70.9596,29.3464],[70.9716,29.3624],[70.999,29.3674],[71.0374,29.3867],[71.0361,29.4154],[71.0611,29.4428]]]]}},{"type":"Feature","properties":{"province_name":"Punjab","district_name":"Muzaffargarh","tehsil_name":"Jatoi","tehsil_code":"PK62302","area_km2":1074.9369841369423},"geometry":{"type":"MultiPolygon","coordinates":[[[[71.1531,29.6839],[71.142,29.7159],[71.1276,29.7373],[71.1035,29.7567],[71.026,29.753],[71.0098,29.7398],[70.9856,29.7412],[70.9698,29.7691],[70.9213,29.7408],[70.9073,29.7576],[70.883,29.7556],[70.85,29.7807],[70.8115,29.7921],[70.7952,29.7908],[70.7427,29.7183],[70.7218,29.6663],[70.7018,29.6476],[70.7181,29.625],[70.6827,29.5549],[70.7071,29.5302],[70.6979,29.4914],[70.6489,29.4911],[70.6426,29.4824],[70.6374,29.4348],[70.6611,29.4337],[70.6892,29.4023],[70.7173,29.4191],[70.7292,29.4509],[70.7506,29.4577],[70.7698,29.4372],[70.7837,29.4582],[70.8083,29.4537],[70.8059,29.4891],[70.8267,29.4993],[70.8529,29.5001],[70.8699,29.5141],[70.8979,29.4982],[70.9158,29.4798],[70.938,29.4857],[70.9698,29.5193],[71.0089,29.539],[71.0268,29.567],[71.0227,29.58],[71.0612,29.6102],[71.0411,29.632],[71.0515,29.6572],[71.0746,29.6752],[71.0905,29.6679],[71.1179,29.6704],[71.1214,29.6855],[71.1531,29.6839]]]]}},{"type":"Feature","properties":{"province_name":"Punjab","district_name":"Muzaffargarh","tehsil_name":"Kot Addu","tehsil_code":"PK62303","area_km2":3177.3255341335725},"geometry":{"type":"MultiPolygon","coordinates":[[[[71.3128,30.7441],[71.2802,30.7484],[71.255,30.7632],[71.2152,30.7674],[71.1726,30.766],[71.1634,30.7411],[71.1376,30.7062],[71.1528,30.677],[71.1107,30.6496],[71.0629,30.6548],[71.0371,30.6412],[71.008,30.6549],[70.9657,30.6585],[70.9547,30.6723],[70.9089,30.6643],[70.8617,30.6686],[70.8393,30.6555],[70.7955,30.6535],[70.7978,30.6276],[70.8122,30.6173],[70.8015,30.5923],[70.8145,30.5739],[70.7932,30.5584],[70.8044,30.5139],[70.7927,30.4911],[70.8013,30.4552],[70.8182,30.4535],[70.8331,30.3966],[70.8229,30.3613],[70.8188,30.3126],[70.826,30.2652],[70.8038,30.2558],[70.8042,30.2389],[70.8408,30.2001],[70.8476,30.1293],[70.8572,30.1021],[70.8978,30.1073],[70.9039,30.1207],[70.9345,30.1263],[70.9458,30.116],[70.9889,30.1171],[70.9807,30.1338],[70.9965,30.1517],[71.0359,30.1516],[71.0393,30.1651],[71.0239,30.1944],[71.042,30.2225],[71.0372,30.2426],[71.0469,30.2544],[71.0793,30.2565],[71.1494,30.2532],[71.1676,30.2444],[71.2202,30.2482],[71.251,30.2739],[71.2733,30.2597],[71.2601,30.2318],[71.2899,30.2409],[71.2968,30.2708],[71.3095,30.2919],[71.3432,30.3147],[71.3498,30.3374],[71.3383,30.3486],[71.3425,30.3672],[71.3714,30.3751],[71.3816,30.403],[71.4008,30.4091],[71.4286,30.4026],[71.4708,30.4434],[71.4969,30.4538],[71.5115,30.4777],[71.4865,30.5274],[71.514,30.5473],[71.5479,30.5325],[71.5565,30.55],[71.5286,30.5834],[71.4448,30.6261],[71.3778,30.6838],[71.3608,30.7048],[71.3128,30.7441]]]]}},{"type":"Feature","properties":{"province_name":"Punjab","district_name":"Muzaffargarh","tehsil_name":"Muzaffargarh","tehsil_code":"PK62304","area_km2":2231.203586060388},"geometry":{"type":"MultiPolygon","coordinates":[[[[71.6557,30.6202],[71.6424,30.608],[71.6023,30.622],[71.5843,30.5915],[71.5286,30.5834],[71.5565,30.55],[71.5479,30.5325],[71.514,30.5473],[71.4865,30.5274],[71.5115,30.4777],[71.4969,30.4538],[71.4708,30.4434],[71.4286,30.4026],[71.4008,30.4091],[71.3816,30.403],[71.3714,30.3751],[71.3425,30.3672],[71.3383,30.3486],[71.3498,30.3374],[71.3432,30.3147],[71.3095,30.2919],[71.2968,30.2708],[71.2899,30.2409],[71.2601,30.2318],[71.2733,30.2597],[71.251,30.2739],[71.2202,30.2482],[71.1676,30.2444],[71.1494,30.2532],[71.0793,30.2565],[71.0469,30.2544],[71.0372,30.2426],[71.042,30.2225],[71.0239,30.1944],[71.0393,30.1651],[71.0359,30.1516],[70.9965,30.1517],[70.9807,30.1338],[70.9889,30.1171],[70.9458,30.116],[70.9345,30.1263],[70.9039,30.1207],[70.8978,30.1073],[70.8572,30.1021],[70.8859,30.055],[70.8636,30.0472],[70.8643,30.02],[70.8783,29.9723],[70.8626,29.9628],[70.8835,29.9378],[70.8517,29.9349],[70.8304,29.9118],[70.8552,29.8918],[70.8423,29.8421],[70.8156,29.8058],[70.7952,29.7908],[70.8115,29.7921],[70.85,29.7807],[70.883,29.7556],[70.9073,29.7576],[70.9213,29.7408],[70.9698,29.7691],[70.9856,29.7412],[71.0098,29.7398],[71.026,29.753],[71.1035,29.7567],[71.1276,29.7373],[71.142,29.7159],[71.1531,29.6839],[71.1812,29.7015],[71.161,29.7209],[71.1752,29.7429],[71.1752,29.7623],[71.1632,29.7804],[71.18,29.7993],[71.1753,29.8232],[71.1932,29.8408],[71.1928,29.8782],[71.1726,29.8785],[71.1855,29.9209],[71.2101,29.9797],[71.2424,29.9827],[71.2761,30.0028],[71.2585,30.029],[71.2667,30.0397],[71.2894,30.0965],[71.2856,30.1352],[71.2957,30.1684],[71.3197,30.2052],[71.3328,30.2073],[71.3567,30.2305],[71.3877,30.2725],[71.4098,30.312],[71.4135,30.3445],[71.4455,30.3669],[71.4585,30.369],[71.47,30.3915],[71.4865,30.4043],[71.4909,30.4344],[71.5299,30.4338],[71.5374,30.4579],[71.5638,30.4496],[71.6156,30.506],[71.6638,30.5222],[71.6713,30.5322],[71.7022,30.5426],[71.7267,30.5782],[71.6995,30.5844],[71.6867,30.6022],[71.6557,30.6202]]]]}},{"type":"Feature","properties":{"province_name":"Punjab","district_name":"Nankana Sahib","tehsil_name":"Nankana Sahib","tehsil_code":"PK62401","area_km2":1634.1843820640852},"geometry":{"type":"MultiPolygon","coordinates":[[[[73.9955,31.5608],[73.9511,31.5551],[73.9433,31.5732],[73.9184,31.5986],[73.9039,31.5757],[73.8389,31.5686],[73.7797,31.5879],[73.7649,31.5878],[73.7277,31.5655],[73.7234,31.5386],[73.6632,31.5058],[73.659,31.4901],[73.636,31.482],[73.6204,31.4913],[73.5896,31.4931],[73.5545,31.5185],[73.5181,31.5205],[73.4813,31.5099],[73.4857,31.4967],[73.4639,31.4812],[73.5096,31.4286],[73.5407,31.4277],[73.5748,31.4513],[73.607,31.4446],[73.6536,31.4593],[73.6807,31.387],[73.6633,31.366],[73.6717,31.332],[73.6455,31.2814],[73.6073,31.2531],[73.571,31.2362],[73.5558,31.2096],[73.5126,31.1853],[73.4959,31.1919],[73.4517,31.1687],[73.4392,31.1493],[73.4328,31.1347],[73.4408,31.1156],[73.4002,31.0915],[73.4021,31.078],[73.39,31.0225],[73.4308,31.0434],[73.4384,31.0668],[73.466,31.0883],[73.5135,31.0908],[73.5502,31.1062],[73.5638,31.1058],[73.6004,31.0916],[73.6112,31.0977],[73.6225,31.1309],[73.6539,31.1386],[73.6834,31.1501],[73.6981,31.1699],[73.7187,31.1642],[73.7374,31.1751],[73.7426,31.1957],[73.8125,31.2257],[73.824,31.2169],[73.9044,31.2345],[73.9186,31.2537],[73.9055,31.2697],[73.9367,31.2915],[73.9714,31.2949],[73.9951,31.3084],[74.0347,31.3117],[74.0043,31.3578],[74.0186,31.3723],[74.0381,31.4015],[74.0232,31.4079],[74.0321,31.4337],[74.022,31.4537],[73.9982,31.4524],[73.9859,31.4707],[73.9441,31.4726],[73.9414,31.4898],[73.9527,31.5063],[73.9868,31.5234],[73.9955,31.5608]]]]}},{"type":"Feature","properties":{"province_name":"Punjab","district_name":"Nankana Sahib","tehsil_name":"Sangla Hill","tehsil_code":"PK62402","area_km2":276.4568637285628},"geometry":{"type":"MultiPolygon","coordinates":[[[[73.4867,31.689],[73.4935,31.7096],[73.4701,31.776],[73.4941,31.7984],[73.4852,31.8295],[73.4657,31.841],[73.4449,31.8076],[73.4278,31.8051],[73.4078,31.8201],[73.3925,31.8028],[73.3511,31.7928],[73.3354,31.8004],[73.3249,31.7708],[73.292,31.7653],[73.2896,31.7389],[73.3291,31.7173],[73.3641,31.7206],[73.374,31.6844],[73.3743,31.6593],[73.4455,31.6316],[73.4573,31.6037],[73.4507,31.5691],[73.4591,31.5628],[73.4805,31.5852],[73.4929,31.6147],[73.4886,31.6393],[73.4919,31.6733],[73.4867,31.689]]]]}},{"type":"Feature","properties":{"province_name":"Punjab","district_name":"Nankana Sahib","tehsil_name":"Shah Kot","tehsil_code":"PK62403","area_km2":292.99208650549696},"geometry":{"type":"MultiPolygon","coordinates":[[[[73.669,31.6117],[73.6337,31.6567],[73.6124,31.6751],[73.6289,31.7023],[73.5922,31.7109],[73.579,31.6975],[73.5529,31.6343],[73.5226,31.6479],[73.5501,31.6643],[73.5556,31.6818],[73.511,31.6818],[73.4867,31.689],[73.4919,31.6733],[73.4886,31.6393],[73.4929,31.6147],[73.4805,31.5852],[73.4591,31.5628],[73.4633,31.5469],[73.4857,31.5375],[73.4813,31.5099],[73.5181,31.5205],[73.5545,31.5185],[73.5896,31.4931],[73.6204,31.4913],[73.636,31.482],[73.659,31.4901],[73.6287,31.5324],[73.6259,31.5544],[73.6482,31.5982],[73.669,31.6117]]]]}},{"type":"Feature","properties":{"province_name":"Punjab","district_name":"Narowal","tehsil_name":"Narowal","tehsil_code":"PK62501","area_km2":731.4802079872137},"geometry":{"type":"MultiPolygon","coordinates":[[[[74.9731,32.1577],[74.9535,32.1715],[74.8881,32.1968],[74.8369,32.2085],[74.8009,32.2098],[74.8013,32.2379],[74.7596,32.2179],[74.7406,32.2173],[74.7598,32.1923],[74.754,32.1603],[74.7078,32.1404],[74.6776,32.1361],[74.6263,32.0962],[74.6226,32.0683],[74.588,32.0603],[74.5978,32.0298],[74.6248,32.0045],[74.6423,31.9698],[74.6592,31.97],[74.6938,31.9188],[74.7033,31.9249],[74.7092,31.958],[74.7364,31.9371],[74.7846,31.9396],[74.8078,31.9498],[74.8317,32],[74.851,32.0063],[74.909,32.0493],[74.9325,32.0603],[74.9603,32.055],[74.9984,32.0287],[75.0173,32.0351],[74.9962,32.0451],[74.9937,32.1053],[74.973,32.1351],[74.9731,32.1577]]]]}},{"type":"Feature","properties":{"province_name":"Punjab","district_name":"Narowal","tehsil_name":"Shakargarh","tehsil_code":"PK62502","area_km2":944.0742527371364},"geometry":{"type":"MultiPolygon","coordinates":[[[[75.0173,32.0351],[75.0509,32.0413],[75.0736,32.0628],[75.0874,32.0548],[75.1111,32.0603],[75.1267,32.0743],[75.1719,32.0661],[75.1944,32.0809],[75.205,32.1156],[75.2227,32.1125],[75.2236,32.091],[75.2392,32.0872],[75.272,32.1128],[75.2833,32.1422],[75.3094,32.1546],[75.3229,32.2013],[75.3748,32.2243],[75.3722,32.2735],[75.3399,32.2886],[75.3304,32.3317],[75.2217,32.4002],[75.1962,32.3799],[75.2095,32.3179],[75.1795,32.3207],[75.1555,32.3418],[75.1446,32.3368],[75.1352,32.3009],[75.1125,32.2956],[75.0976,32.3145],[75.0618,32.3375],[75.0443,32.3358],[75.0612,32.3082],[75.0392,32.2899],[75.039,32.2662],[75.0066,32.2506],[74.9702,32.2482],[74.9783,32.2199],[74.9547,32.1802],[74.9731,32.1577],[74.973,32.1351],[74.9937,32.1053],[74.9962,32.0451],[75.0173,32.0351]]]]}},{"type":"Feature","properties":{"province_name":"Punjab","district_name":"Narowal","tehsil_name":"Zafarwal","tehsil_code":"PK62503","area_km2":717.65130775197},"geometry":{"type":"MultiPolygon","coordinates":[[[[75.2217,32.4002],[75.1955,32.4053],[75.1795,32.4254],[75.1476,32.4134],[75.1279,32.4212],[75.1209,32.4415],[75.0826,32.48],[75.0302,32.4918],[74.9879,32.4496],[74.9489,32.4541],[74.9368,32.4654],[74.9332,32.4289],[74.9033,32.3912],[74.8796,32.3873],[74.8506,32.3031],[74.8044,32.2874],[74.7793,32.297],[74.7718,32.2743],[74.7545,32.2544],[74.7406,32.2173],[74.7596,32.2179],[74.8013,32.2379],[74.8009,32.2098],[74.8369,32.2085],[74.8881,32.1968],[74.9535,32.1715],[74.9731,32.1577],[74.9547,32.1802],[74.9783,32.2199],[74.9702,32.2482],[75.0066,32.2506],[75.039,32.2662],[75.0392,32.2899],[75.0612,32.3082],[75.0443,32.3358],[75.0618,32.3375],[75.0976,32.3145],[75.1125,32.2956],[75.1352,32.3009],[75.1446,32.3368],[75.1555,32.3418],[75.1795,32.3207],[75.2095,32.3179],[75.1962,32.3799],[75.2217,32.4002]]]]}},{"type":"Feature","properties":{"province_name":"Punjab","district_name":"Okara","tehsil_name":"Depalpur","tehsil_code":"PK62601","area_km2":2592.5937731950617},"geometry":{"type":"MultiPolygon","coordinates":[[[[74.1618,30.6416],[74.1585,30.6544],[74.1199,30.6975],[74.112,30.7226],[74.0732,30.7549],[74.0759,30.7766],[74.0634,30.796],[74.0277,30.7997],[74.0004,30.8325],[73.945,30.8447],[73.9419,30.8576],[73.8917,30.8575],[73.8582,30.8622],[73.8448,30.8936],[73.8027,30.8803],[73.7697,30.8559],[73.7434,30.8544],[73.7342,30.821],[73.6968,30.8265],[73.6721,30.8074],[73.6775,30.7822],[73.6375,30.7787],[73.6056,30.7628],[73.6016,30.7189],[73.5698,30.7102],[73.5464,30.649],[73.5136,30.6433],[73.4992,30.6246],[73.473,30.6264],[73.4666,30.6109],[73.4822,30.6033],[73.4664,30.5509],[73.5049,30.5295],[73.519,30.5152],[73.5926,30.5098],[73.597,30.4952],[73.6193,30.4955],[73.6331,30.4784],[73.604,30.4067],[73.6272,30.3925],[73.6422,30.371],[73.6261,30.3644],[73.6255,30.2782],[73.6491,30.2718],[73.6629,30.2811],[73.6843,30.2673],[73.7011,30.2755],[73.7319,30.2666],[73.7726,30.2866],[73.774,30.3164],[73.8045,30.3249],[73.8556,30.3112],[73.8978,30.3376],[73.9243,30.3296],[73.8753,30.3614],[73.8732,30.3834],[73.9034,30.4168],[73.9279,30.4209],[73.9366,30.443],[73.9323,30.4585],[73.9627,30.4576],[73.9727,30.4881],[73.9885,30.5046],[74.0402,30.5377],[74.0665,30.5202],[74.0971,30.5638],[74.1042,30.6129],[74.1618,30.6416]]]]}},{"type":"Feature","properties":{"province_name":"Punjab","district_name":"Okara","tehsil_name":"Okara","tehsil_code":"PK62602","area_km2":1239.6944787702994},"geometry":{"type":"MultiPolygon","coordinates":[[[[73.5638,31.1058],[73.5502,31.1062],[73.5135,31.0908],[73.466,31.0883],[73.4384,31.0668],[73.4308,31.0434],[73.39,31.0225],[73.349,30.9849],[73.3155,30.9838],[73.2966,30.9741],[73.2675,30.9386],[73.2682,30.8962],[73.2857,30.8648],[73.2772,30.8425],[73.2896,30.8232],[73.2792,30.8145],[73.2919,30.7808],[73.3268,30.7893],[73.3631,30.7729],[73.3682,30.7237],[73.345,30.6915],[73.372,30.636],[73.3692,30.6094],[73.3447,30.5981],[73.357,30.5832],[73.309,30.5545],[73.3046,30.5409],[73.3068,30.5291],[73.3441,30.5115],[73.3735,30.5127],[73.4073,30.5322],[73.4177,30.5678],[73.432,30.5723],[73.4666,30.6109],[73.473,30.6264],[73.4992,30.6246],[73.5136,30.6433],[73.5464,30.649],[73.5698,30.7102],[73.6016,30.7189],[73.6056,30.7628],[73.5777,30.7595],[73.5402,30.7956],[73.5405,30.8122],[73.5647,30.8653],[73.568,30.9056],[73.5822,30.9133],[73.5733,30.9513],[73.5661,31.0506],[73.5712,31.0805],[73.5638,31.1058]]]]}},{"type":"Feature","properties":{"province_name":"Punjab","district_name":"Okara","tehsil_name":"Renala Khurd","tehsil_code":"PK62603","area_km2":623.5230014156839},"geometry":{"type":"MultiPolygon","coordinates":[[[[73.777,30.9297],[73.7538,30.9476],[73.7652,30.9792],[73.7623,30.9925],[73.7307,31.0059],[73.7167,31.0404],[73.6689,31.0572],[73.6622,31.0804],[73.6789,31.0987],[73.6539,31.1386],[73.6225,31.1309],[73.6112,31.0977],[73.6004,31.0916],[73.5638,31.1058],[73.5712,31.0805],[73.5661,31.0506],[73.5733,30.9513],[73.5822,30.9133],[73.568,30.9056],[73.5647,30.8653],[73.5405,30.8122],[73.5402,30.7956],[73.5777,30.7595],[73.6056,30.7628],[73.6375,30.7787],[73.6775,30.7822],[73.6721,30.8074],[73.6968,30.8265],[73.7342,30.821],[73.7434,30.8544],[73.7697,30.8559],[73.8027,30.8803],[73.8448,30.8936],[73.8168,30.9338],[73.7866,30.9232],[73.777,30.9297]]]]}},{"type":"Feature","properties":{"province_name":"Punjab","district_name":"Pakpattan","tehsil_name":"Arif Wala","tehsil_code":"PK62701","area_km2":1357.7989803460382},"geometry":{"type":"MultiPolygon","coordinates":[[[[73.1625,30.4813],[73.1298,30.4782],[73.0753,30.4594],[73.0723,30.4232],[73.0428,30.4135],[73.0287,30.4242],[73.0108,30.4017],[72.9968,30.4059],[72.9638,30.4546],[72.9665,30.4402],[72.9405,30.4198],[72.8986,30.4224],[72.8992,30.3926],[72.8576,30.4055],[72.837,30.4035],[72.8443,30.3736],[72.8417,30.3284],[72.8484,30.3143],[72.8866,30.3082],[72.9204,30.3101],[72.9425,30.2937],[72.9896,30.2958],[72.9921,30.2769],[72.9622,30.2682],[72.9513,30.2404],[72.9572,30.2236],[72.9534,30.1854],[72.9435,30.1774],[72.9422,30.1029],[72.9301,30.0875],[72.9387,30.0526],[72.9765,30.0267],[72.9618,29.9887],[72.971,29.9631],[73.0177,29.9642],[73.0072,29.9848],[73.0282,29.9999],[73.0164,30.0271],[73.0402,30.0403],[73.0834,30.0244],[73.1176,30.0364],[73.1484,30.0542],[73.1645,30.0745],[73.2181,30.0667],[73.2336,30.0928],[73.2589,30.102],[73.2367,30.1174],[73.2264,30.1362],[73.21,30.1958],[73.2132,30.2346],[73.24,30.2546],[73.2547,30.2776],[73.2584,30.3243],[73.2673,30.3625],[73.2367,30.403],[73.2094,30.4135],[73.1816,30.4082],[73.1662,30.4178],[73.1563,30.4444],[73.1625,30.4813]]]]}},{"type":"Feature","properties":{"province_name":"Punjab","district_name":"Pakpattan","tehsil_name":"Pakpattan","tehsil_code":"PK62702","area_km2":1536.0747455460344},"geometry":{"type":"MultiPolygon","coordinates":[[[[73.6255,30.2782],[73.6261,30.3644],[73.6422,30.371],[73.6272,30.3925],[73.604,30.4067],[73.6331,30.4784],[73.6193,30.4955],[73.597,30.4952],[73.5926,30.5098],[73.519,30.5152],[73.5049,30.5295],[73.4664,30.5509],[73.4822,30.6033],[73.4666,30.6109],[73.432,30.5723],[73.4177,30.5678],[73.4073,30.5322],[73.3735,30.5127],[73.3441,30.5115],[73.3068,30.5291],[73.3046,30.5409],[73.2905,30.5287],[73.2381,30.5424],[73.1955,30.5217],[73.1792,30.492],[73.1625,30.4813],[73.1563,30.4444],[73.1662,30.4178],[73.1816,30.4082],[73.2094,30.4135],[73.2367,30.403],[73.2673,30.3625],[73.2584,30.3243],[73.2547,30.2776],[73.24,30.2546],[73.2132,30.2346],[73.21,30.1958],[73.2264,30.1362],[73.2367,30.1174],[73.2589,30.102],[73.3066,30.1025],[73.3072,30.1128],[73.3776,30.0969],[73.3725,30.1216],[73.376,30.1491],[73.4064,30.1561],[73.415,30.1736],[73.4436,30.1577],[73.4582,30.1831],[73.4493,30.2041],[73.4553,30.2201],[73.4809,30.2172],[73.5301,30.2597],[73.5625,30.2553],[73.5794,30.2727],[73.5944,30.266],[73.6255,30.2782]]]]}},{"type":"Feature","properties":{"province_name":"Punjab","district_name":"Rahim Yar Khan","tehsil_name":"Khanpur","tehsil_code":"PK62801","area_km2":1721.209951423514},"geometry":{"type":"MultiPolygon","coordinates":[[[[70.4879,28.3222],[70.524,28.33],[70.5611,28.3524],[70.5843,28.3753],[70.6982,28.459],[70.7136,28.4744],[70.7329,28.5266],[70.7623,28.5448],[70.7869,28.5735],[70.76,28.6224],[70.7404,28.6417],[70.7402,28.657],[70.7609,28.6686],[70.8152,28.6804],[70.8552,28.704],[70.8427,28.7307],[70.8388,28.7693],[70.7734,28.7697],[70.757,28.7995],[70.7396,28.7928],[70.7215,28.8352],[70.7337,28.8699],[70.7301,28.9099],[70.7054,28.9121],[70.6991,28.8481],[70.6761,28.8499],[70.6873,28.8813],[70.655,28.8942],[70.6355,28.9273],[70.5982,28.938],[70.5923,28.9474],[70.6037,28.9793],[70.6164,28.9929],[70.6221,29.0201],[70.6129,29.0485],[70.5758,29.0362],[70.5461,29.017],[70.5154,28.9946],[70.4816,28.9903],[70.4877,28.9582],[70.4542,28.9362],[70.4282,28.9367],[70.3823,28.9488],[70.3589,28.9383],[70.3451,28.9157],[70.3708,28.9007],[70.41,28.8663],[70.4098,28.8478],[70.4378,28.842],[70.4733,28.8519],[70.4835,28.8445],[70.4861,28.8132],[70.4984,28.7879],[70.4493,28.7231],[70.4922,28.7111],[70.4876,28.6828],[70.4738,28.6529],[70.5035,28.6313],[70.5082,28.6166],[70.485,28.5755],[70.5039,28.5639],[70.4986,28.5312],[70.5149,28.5149],[70.5357,28.5146],[70.5295,28.4816],[70.509,28.4711],[70.5038,28.4463],[70.5246,28.4232],[70.5216,28.4027],[70.4943,28.3572],[70.4879,28.3222]]]]}},{"type":"Feature","properties":{"province_name":"Punjab","district_name":"Rahim Yar Khan","tehsil_name":"Liaqatpur","tehsil_code":"PK62802","area_km2":6962.0273923035},"geometry":{"type":"MultiPolygon","coordinates":[[[[71.0827,29.1181],[71.0779,29.1499],[71.045,29.1465],[71.0213,29.1295],[71.0031,29.0889],[70.9844,29.0822],[70.9519,29.105],[70.9467,29.1266],[70.9325,29.1411],[70.9313,29.1597],[70.9171,29.1817],[70.887,29.1802],[70.9111,29.2082],[70.9149,29.2413],[70.8551,29.2659],[70.8363,29.2377],[70.7907,29.249],[70.7506,29.1594],[70.7303,29.1629],[70.7053,29.1549],[70.6834,29.1005],[70.6693,29.0917],[70.6166,29.0793],[70.6129,29.0485],[70.6221,29.0201],[70.6164,28.9929],[70.6037,28.9793],[70.5923,28.9474],[70.5982,28.938],[70.6355,28.9273],[70.655,28.8942],[70.6873,28.8813],[70.6761,28.8499],[70.6991,28.8481],[70.7054,28.9121],[70.7301,28.9099],[70.7337,28.8699],[70.7215,28.8352],[70.7396,28.7928],[70.757,28.7995],[70.7734,28.7697],[70.8388,28.7693],[70.8427,28.7307],[70.8552,28.704],[70.8152,28.6804],[70.7609,28.6686],[70.7402,28.657],[70.7404,28.6417],[70.76,28.6224],[70.7869,28.5735],[70.7623,28.5448],[70.7329,28.5266],[70.7136,28.4744],[70.6982,28.459],[70.5843,28.3753],[70.5611,28.3524],[70.524,28.33],[70.4879,28.3222],[70.4644,28.3089],[70.4402,28.2851],[70.4336,28.2275],[70.4141,28.1807],[70.3993,28.165],[70.365,28.1437],[70.3409,28.135],[70.2587,28.1231],[70.2544,28.1466],[70.2682,28.1564],[70.2405,28.1531],[70.2279,28.1339],[70.1786,28.0984],[70.1421,28.0929],[70.0889,28.1019],[70.0543,28.0926],[70.0358,28.0769],[70.0351,28.0446],[70.0094,27.9906],[69.9812,27.9585],[70.0008,27.9374],[70.0352,27.9271],[70.0692,27.8954],[70.1236,27.882],[70.1805,27.8549],[70.2076,27.8854],[70.3029,27.9462],[70.3365,27.9831],[70.3662,28.0083],[70.4791,28.0337],[70.5303,28.0325],[70.5626,28.0198],[70.6607,27.9305],[70.6721,27.9143],[70.6729,27.8698],[70.6784,27.8391],[70.738,27.7422],[70.7577,27.7172],[70.8655,27.7051],[70.9058,27.7107],[71.1058,27.7931],[71.0985,27.8227],[71.0907,27.9024],[71.0735,27.9473],[71.0613,28.0157],[71.0391,28.0776],[71.0253,28.129],[70.9966,28.1692],[70.9746,28.2345],[70.9676,28.2884],[70.9721,28.3308],[70.9705,28.3774],[70.9513,28.4795],[70.9481,28.5442],[70.9526,28.5773],[70.9682,28.6269],[70.986,28.6993],[71.0203,28.7596],[71.0465,28.8187],[71.0602,28.8906],[71.0453,28.9223],[71.0616,28.9346],[71.0523,28.9671],[71.0612,28.9826],[71.0457,29.0092],[71.064,29.025],[71.0639,29.0508],[71.0874,29.0679],[71.0827,29.1181]]]]}},{"type":"Feature","properties":{"province_name":"Punjab","district_name":"Rahim Yar Khan","tehsil_name":"Rahim Yar Khan","tehsil_code":"PK62803","area_km2":2116.8525697307573},"geometry":{"type":"MultiPolygon","coordinates":[[[[70.4879,28.3222],[70.4943,28.3572],[70.5216,28.4027],[70.5246,28.4232],[70.5038,28.4463],[70.509,28.4711],[70.5295,28.4816],[70.5357,28.5146],[70.5149,28.5149],[70.4986,28.5312],[70.5039,28.5639],[70.485,28.5755],[70.5082,28.6166],[70.5035,28.6313],[70.4738,28.6529],[70.4876,28.6828],[70.4922,28.7111],[70.4493,28.7231],[70.4984,28.7879],[70.4861,28.8132],[70.4835,28.8445],[70.4733,28.8519],[70.4378,28.842],[70.4098,28.8478],[70.3879,28.7929],[70.3746,28.7874],[70.3464,28.8242],[70.2968,28.8178],[70.2857,28.804],[70.3097,28.7776],[70.3139,28.7562],[70.2987,28.7492],[70.2686,28.7575],[70.2285,28.7547],[70.2005,28.7413],[70.2235,28.7241],[70.2321,28.7039],[70.2065,28.6707],[70.1197,28.6659],[70.082,28.6391],[70.0831,28.6185],[70.1182,28.6091],[70.1216,28.6007],[70.0911,28.5798],[70.0764,28.5511],[70.0917,28.5196],[70.1219,28.5156],[70.1453,28.4969],[70.1527,28.4571],[70.1935,28.4488],[70.1989,28.4344],[70.2317,28.4028],[70.2287,28.3736],[70.2397,28.3376],[70.2262,28.3161],[70.2469,28.2907],[70.2506,28.2669],[70.2337,28.2648],[70.2297,28.2436],[70.216,28.2364],[70.2082,28.2093],[70.2077,28.1767],[70.2223,28.1679],[70.2424,28.1724],[70.2682,28.1564],[70.2544,28.1466],[70.2587,28.1231],[70.3409,28.135],[70.365,28.1437],[70.3993,28.165],[70.4141,28.1807],[70.4336,28.2275],[70.4402,28.2851],[70.4644,28.3089],[70.4879,28.3222]]]]}},{"type":"Feature","properties":{"province_name":"Punjab","district_name":"Rahim Yar Khan","tehsil_name":"Sadiqabad","tehsil_code":"PK62804","area_km2":2045.8305688133455},"geometry":{"type":"MultiPolygon","coordinates":[[[[70.2682,28.1564],[70.2424,28.1724],[70.2223,28.1679],[70.2077,28.1767],[70.2082,28.2093],[70.216,28.2364],[70.2297,28.2436],[70.2337,28.2648],[70.2506,28.2669],[70.2469,28.2907],[70.2262,28.3161],[70.2397,28.3376],[70.2287,28.3736],[70.2317,28.4028],[70.1989,28.4344],[70.1935,28.4488],[70.1527,28.4571],[70.1453,28.4969],[70.1219,28.5156],[70.0917,28.5196],[70.0764,28.5511],[70.0535,28.5228],[70.0186,28.5431],[70.0021,28.5362],[69.9899,28.5131],[69.9693,28.5015],[69.9638,28.4553],[69.9264,28.4327],[69.8945,28.429],[69.8669,28.4564],[69.8646,28.4312],[69.832,28.4187],[69.8066,28.3944],[69.7514,28.4029],[69.7619,28.3847],[69.7842,28.38],[69.8197,28.3423],[69.8102,28.3025],[69.8155,28.2772],[69.8364,28.2529],[69.8317,28.2411],[69.8576,28.1971],[69.8377,28.1697],[69.8446,28.1358],[69.8694,28.0994],[69.8788,28.0802],[69.9227,28.0254],[69.9679,27.9807],[69.9812,27.9585],[70.0094,27.9906],[70.0351,28.0446],[70.0358,28.0769],[70.0543,28.0926],[70.0889,28.1019],[70.1421,28.0929],[70.1786,28.0984],[70.2279,28.1339],[70.2405,28.1531],[70.2682,28.1564]]],[[[69.6508,28.3456],[69.6316,28.3531],[69.588,28.3493],[69.5592,28.3951],[69.5325,28.3832],[69.5534,28.3524],[69.5943,28.2801],[69.5973,28.2452],[69.6163,28.2258],[69.6626,28.2206],[69.6701,28.246],[69.6875,28.2576],[69.7328,28.2347],[69.7474,28.2492],[69.7578,28.3116],[69.7458,28.3122],[69.7189,28.293],[69.6963,28.2993],[69.67,28.3308],[69.6508,28.3456]]],[[[69.5588,28.1265],[69.5624,28.1543],[69.5776,28.2013],[69.5363,28.2094],[69.5146,28.2408],[69.4751,28.2648],[69.4803,28.2427],[69.468,28.2175],[69.4792,28.2037],[69.5131,28.1822],[69.5273,28.1638],[69.5282,28.1385],[69.5428,28.1225],[69.5588,28.1265]]]]}},{"type":"Feature","properties":{"province_name":"Punjab","district_name":"Rajanpur","tehsil_name":"Jampur","tehsil_code":"PK62901","area_km2":2215.465007676519},"geometry":{"type":"MultiPolygon","coordinates":[[[[70.7218,29.6663],[70.6984,29.716],[70.7029,29.7296],[70.6853,29.7436],[70.6916,29.7685],[70.6838,29.788],[70.661,29.8029],[70.6082,29.8037],[70.5779,29.7737],[70.5759,29.7388],[70.5639,29.7095],[70.538,29.6703],[70.4839,29.6347],[70.4345,29.6197],[70.4284,29.6405],[70.3979,29.6644],[70.3929,29.6939],[70.3655,29.7233],[70.3471,29.7332],[70.2635,29.7339],[70.1765,29.7472],[70.1423,29.7654],[70.1316,29.738],[70.1017,29.7288],[70.0794,29.6812],[70.0661,29.63],[70.0669,29.5597],[70.0906,29.5292],[70.0868,29.4884],[70.0922,29.4534],[70.0713,29.4008],[70.073,29.347],[70.0902,29.349],[70.1447,29.3412],[70.15,29.3207],[70.1805,29.3149],[70.2168,29.3302],[70.2884,29.3072],[70.3161,29.3086],[70.3354,29.3387],[70.3738,29.3829],[70.3868,29.4044],[70.4089,29.4177],[70.4522,29.4183],[70.4878,29.4064],[70.5142,29.4421],[70.5499,29.4647],[70.6005,29.4769],[70.6426,29.4824],[70.6489,29.4911],[70.6979,29.4914],[70.7071,29.5302],[70.6827,29.5549],[70.7181,29.625],[70.7018,29.6476],[70.7218,29.6663]]]]}},{"type":"Feature","properties":{"province_name":"Punjab","district_name":"Rajanpur","tehsil_name":"Rajanpur","tehsil_code":"PK62902","area_km2":2748.285699905898},"geometry":{"type":"MultiPolygon","coordinates":[[[[70.6426,29.4824],[70.6005,29.4769],[70.5499,29.4647],[70.5142,29.4421],[70.4878,29.4064],[70.4522,29.4183],[70.4089,29.4177],[70.3868,29.4044],[70.3738,29.3829],[70.3354,29.3387],[70.3161,29.3086],[70.2884,29.3072],[70.2168,29.3302],[70.1805,29.3149],[70.15,29.3207],[70.1447,29.3412],[70.0902,29.349],[70.073,29.347],[70.0316,29.3282],[70.0233,29.2864],[70.0011,29.2816],[69.9619,29.2416],[69.9607,29.2195],[69.9436,29.1861],[69.9236,29.1613],[69.9185,29.132],[69.9486,29.0987],[70.0204,29.0662],[70.1204,29.0237],[70.1322,28.9974],[70.1655,28.9802],[70.1956,28.9527],[70.208,28.9225],[70.2377,28.8996],[70.2662,28.8977],[70.2852,28.8698],[70.2646,28.862],[70.3004,28.832],[70.2968,28.8178],[70.3464,28.8242],[70.3746,28.7874],[70.3879,28.7929],[70.4098,28.8478],[70.41,28.8663],[70.3708,28.9007],[70.3451,28.9157],[70.3589,28.9383],[70.3823,28.9488],[70.4282,28.9367],[70.4542,28.9362],[70.4877,28.9582],[70.4816,28.9903],[70.5154,28.9946],[70.5461,29.017],[70.5398,29.0282],[70.5536,29.0536],[70.5511,29.074],[70.561,29.1108],[70.5778,29.1209],[70.5722,29.1599],[70.5797,29.1859],[70.5606,29.228],[70.58,29.2342],[70.5878,29.2628],[70.6198,29.2864],[70.6276,29.3119],[70.6153,29.3267],[70.6226,29.3911],[70.6071,29.3964],[70.6096,29.4153],[70.6392,29.4206],[70.6374,29.4348],[70.6426,29.4824]]]]}},{"type":"Feature","properties":{"province_name":"Punjab","district_name":"Rajanpur","tehsil_name":"Rajanpur (Tribal Area)","tehsil_code":"PK62903","area_km2":4844.971322974911},"geometry":{"type":"MultiPolygon","coordinates":[[[[70.1423,29.7654],[70.1163,29.7856],[70.1077,29.8037],[70.0613,29.8245],[70.0065,29.8334],[69.9082,29.8616],[69.8777,29.8988],[69.8358,29.8615],[69.789,29.7688],[69.7534,29.7456],[69.7326,29.7189],[69.6969,29.7104],[69.646,29.6853],[69.6289,29.6687],[69.6187,29.64],[69.5915,29.6261],[69.6033,29.5968],[69.5946,29.5108],[69.5744,29.4839],[69.5635,29.4586],[69.5626,29.4148],[69.584,29.4072],[69.615,29.4233],[69.6412,29.4024],[69.6598,29.3789],[69.6664,29.3495],[69.6388,29.3192],[69.644,29.3087],[69.6714,29.3052],[69.6822,29.2911],[69.6825,29.2651],[69.6988,29.2596],[69.7365,29.2903],[69.7665,29.2978],[69.769,29.2844],[69.744,29.2364],[69.7434,29.2031],[69.7501,29.174],[69.7127,29.1156],[69.7063,29.0897],[69.6506,29.0657],[69.6089,29.0115],[69.594,28.9942],[69.5743,28.954],[69.5554,28.9518],[69.5418,28.9286],[69.4896,28.8916],[69.4865,28.8416],[69.5217,28.8306],[69.5377,28.8011],[69.5329,28.7731],[69.4844,28.7019],[69.4693,28.6736],[69.4209,28.5977],[69.4114,28.5903],[69.3578,28.5711],[69.3247,28.5549],[69.3213,28.5436],[69.3384,28.5122],[69.3638,28.4456],[69.4136,28.4482],[69.4372,28.4753],[69.4756,28.4838],[69.5213,28.4845],[69.6245,28.4675],[69.6048,28.4405],[69.647,28.4284],[69.6815,28.4302],[69.7309,28.4197],[69.7037,28.4531],[69.6703,28.4862],[69.6429,28.5249],[69.6541,28.5639],[69.6493,28.6257],[69.6551,28.6412],[69.6997,28.6389],[69.7244,28.6427],[69.7375,28.6623],[69.7387,28.6819],[69.7742,28.7337],[69.7763,28.7468],[69.7435,28.7708],[69.7927,28.7911],[69.8281,28.8112],[69.8181,28.8287],[69.854,28.8426],[69.8572,28.8588],[69.8197,28.8904],[69.8265,28.9082],[69.8469,28.9134],[69.8308,28.94],[69.8383,28.9918],[69.8571,29.0721],[69.8917,29.1373],[69.9236,29.1613],[69.9436,29.1861],[69.9607,29.2195],[69.9619,29.2416],[70.0011,29.2816],[70.0233,29.2864],[70.0316,29.3282],[70.073,29.347],[70.0713,29.4008],[70.0922,29.4534],[70.0868,29.4884],[70.0906,29.5292],[70.0669,29.5597],[70.0661,29.63],[70.0794,29.6812],[70.1017,29.7288],[70.1316,29.738],[70.1423,29.7654]]]]}},{"type":"Feature","properties":{"province_name":"Punjab","district_name":"Rajanpur","tehsil_name":"Rojhan","tehsil_code":"PK62904","area_km2":2769.2579937511077},"geometry":{"type":"MultiPolygon","coordinates":[[[[70.2968,28.8178],[70.3004,28.832],[70.2646,28.862],[70.2852,28.8698],[70.2662,28.8977],[70.2377,28.8996],[70.208,28.9225],[70.1956,28.9527],[70.1655,28.9802],[70.1322,28.9974],[70.1204,29.0237],[70.0204,29.0662],[69.9486,29.0987],[69.9185,29.132],[69.9236,29.1613],[69.8917,29.1373],[69.8571,29.0721],[69.8383,28.9918],[69.8308,28.94],[69.8469,28.9134],[69.8265,28.9082],[69.8197,28.8904],[69.8572,28.8588],[69.854,28.8426],[69.8181,28.8287],[69.8281,28.8112],[69.7927,28.7911],[69.7435,28.7708],[69.7763,28.7468],[69.7742,28.7337],[69.7387,28.6819],[69.7375,28.6623],[69.7244,28.6427],[69.6997,28.6389],[69.6551,28.6412],[69.6493,28.6257],[69.6541,28.5639],[69.6429,28.5249],[69.6703,28.4862],[69.7037,28.4531],[69.7309,28.4197],[69.7497,28.4042],[69.7514,28.4029],[69.8066,28.3944],[69.832,28.4187],[69.8646,28.4312],[69.8669,28.4564],[69.8945,28.429],[69.9264,28.4327],[69.9638,28.4553],[69.9693,28.5015],[69.9899,28.5131],[70.0021,28.5362],[70.0186,28.5431],[70.0535,28.5228],[70.0764,28.5511],[70.0911,28.5798],[70.1216,28.6007],[70.1182,28.6091],[70.0831,28.6185],[70.082,28.6391],[70.1197,28.6659],[70.2065,28.6707],[70.2321,28.7039],[70.2235,28.7241],[70.2005,28.7413],[70.2285,28.7547],[70.2686,28.7575],[70.2987,28.7492],[70.3139,28.7562],[70.3097,28.7776],[70.2857,28.804],[70.2968,28.8178]]]]}},{"type":"Feature","properties":{"province_name":"Punjab","district_name":"Rawalpindi","tehsil_name":"Gujar Khan","tehsil_code":"PK63001","area_km2":1472.5851505624162},"geometry":{"type":"MultiPolygon","coordinates":[[[[73.5895,33.3393],[73.5578,33.3108],[73.5246,33.3105],[73.4982,33.3308],[73.47,33.3368],[73.4783,33.3575],[73.453,33.3668],[73.4628,33.3836],[73.4332,33.3859],[73.4083,33.4025],[73.3762,33.3804],[73.3595,33.3896],[73.3215,33.377],[73.2975,33.4282],[73.2815,33.4236],[73.2573,33.4332],[73.2317,33.4138],[73.2073,33.4218],[73.1823,33.4116],[73.1897,33.3751],[73.1636,33.3506],[73.1119,33.3288],[73.1082,33.3072],[73.0826,33.3251],[73.0613,33.3198],[73.0118,33.3236],[72.985,33.3025],[72.9774,33.2835],[72.9574,33.2769],[72.9544,33.2347],[72.979,33.2182],[72.9678,33.2084],[72.9746,33.188],[72.9509,33.1726],[72.9537,33.1558],[72.9332,33.1482],[72.9494,33.1148],[72.9837,33.1125],[73.0259,33.0869],[73.0349,33.0644],[73.0679,33.0778],[73.0844,33.0978],[73.1179,33.0741],[73.1313,33.0943],[73.2034,33.0979],[73.2103,33.0928],[73.2423,33.0901],[73.3388,33.1114],[73.3613,33.1021],[73.3954,33.1419],[73.378,33.1726],[73.3994,33.1819],[73.4351,33.2197],[73.4329,33.2366],[73.458,33.2467],[73.4808,33.2252],[73.5215,33.229],[73.5537,33.2034],[73.5576,33.2269],[73.5912,33.2359],[73.6236,33.2553],[73.6118,33.2785],[73.6158,33.2914],[73.5895,33.3393]]]]}},{"type":"Feature","properties":{"province_name":"Punjab","district_name":"Rawalpindi","tehsil_name":"Kahuta","tehsil_code":"PK63002","area_km2":648.1115425315669},"geometry":{"type":"MultiPolygon","coordinates":[[[[73.5812,33.7634],[73.5431,33.7589],[73.5361,33.7353],[73.5099,33.7113],[73.4999,33.7294],[73.4649,33.721],[73.4578,33.6992],[73.4367,33.6918],[73.3893,33.7021],[73.358,33.6713],[73.3243,33.6666],[73.3021,33.655],[73.3023,33.61],[73.296,33.5877],[73.2805,33.5719],[73.2942,33.5548],[73.2916,33.5197],[73.302,33.4996],[73.3209,33.4992],[73.3526,33.5217],[73.3674,33.5469],[73.3955,33.5161],[73.397,33.4913],[73.3753,33.479],[73.3769,33.4504],[73.4064,33.4767],[73.4422,33.4846],[73.4665,33.5316],[73.4509,33.5605],[73.4636,33.5649],[73.4765,33.534],[73.5245,33.5179],[73.5298,33.4932],[73.5672,33.4682],[73.6106,33.4877],[73.6114,33.5128],[73.6316,33.5264],[73.623,33.5481],[73.6269,33.5689],[73.5986,33.6069],[73.5689,33.6242],[73.5739,33.6644],[73.5955,33.6852],[73.5994,33.7217],[73.5927,33.7464],[73.5812,33.7634]]]]}},{"type":"Feature","properties":{"province_name":"Punjab","district_name":"Rawalpindi","tehsil_name":"Kallar Sayaddan","tehsil_code":"PK63003","area_km2":462.44229749079614},"geometry":{"type":"MultiPolygon","coordinates":[[[[73.6106,33.4877],[73.5672,33.4682],[73.5298,33.4932],[73.5245,33.5179],[73.4765,33.534],[73.4636,33.5649],[73.4509,33.5605],[73.4665,33.5316],[73.4422,33.4846],[73.4064,33.4767],[73.3769,33.4504],[73.3753,33.479],[73.397,33.4913],[73.3955,33.5161],[73.3674,33.5469],[73.3526,33.5217],[73.3209,33.4992],[73.302,33.4996],[73.2916,33.5197],[73.2743,33.4954],[73.2761,33.4735],[73.2573,33.4332],[73.2815,33.4236],[73.2975,33.4282],[73.3215,33.377],[73.3595,33.3896],[73.3762,33.3804],[73.4083,33.4025],[73.4332,33.3859],[73.4628,33.3836],[73.453,33.3668],[73.4783,33.3575],[73.47,33.3368],[73.4982,33.3308],[73.5246,33.3105],[73.5578,33.3108],[73.5895,33.3393],[73.5705,33.3722],[73.5806,33.4019],[73.5958,33.4178],[73.5972,33.4392],[73.6265,33.4603],[73.6106,33.4877]]]]}},{"type":"Feature","properties":{"province_name":"Punjab","district_name":"Rawalpindi","tehsil_name":"Kotli Sattian","tehsil_code":"PK63004","area_km2":271.84103661345824},"geometry":{"type":"MultiPolygon","coordinates":[[[[73.5742,33.9096],[73.5496,33.9397],[73.5229,33.9175],[73.483,33.8581],[73.4886,33.8377],[73.4673,33.794],[73.4503,33.7754],[73.4379,33.7951],[73.4158,33.8089],[73.3952,33.8002],[73.3668,33.7731],[73.3737,33.7491],[73.3391,33.7244],[73.3528,33.7071],[73.3893,33.7021],[73.4367,33.6918],[73.4578,33.6992],[73.4649,33.721],[73.4999,33.7294],[73.5099,33.7113],[73.5361,33.7353],[73.5431,33.7589],[73.5812,33.7634],[73.5667,33.7889],[73.5714,33.8241],[73.5828,33.8617],[73.5836,33.8944],[73.5742,33.9096]]]]}},{"type":"Feature","properties":{"province_name":"Punjab","district_name":"Rawalpindi","tehsil_name":"Murree","tehsil_code":"PK63005","area_km2":446.7286956443816},"geometry":{"type":"MultiPolygon","coordinates":[[[[73.512,34.0177],[73.4715,34.0118],[73.4303,33.9653],[73.3934,33.9735],[73.3847,33.9466],[73.328,33.8874],[73.3279,33.872],[73.3,33.8456],[73.2673,33.8378],[73.2458,33.8415],[73.236,33.8239],[73.2093,33.8161],[73.1685,33.8045],[73.2407,33.7863],[73.2672,33.7758],[73.3063,33.7415],[73.3391,33.7244],[73.3737,33.7491],[73.3668,33.7731],[73.3952,33.8002],[73.4158,33.8089],[73.4379,33.7951],[73.4503,33.7754],[73.4673,33.794],[73.4886,33.8377],[73.483,33.8581],[73.5229,33.9175],[73.5496,33.9397],[73.5387,33.9513],[73.512,34.0177]]]]}},{"type":"Feature","properties":{"province_name":"Punjab","district_name":"Rawalpindi","tehsil_name":"Rawalpindi","tehsil_code":"PK63006","area_km2":1642.9003833091897},"geometry":{"type":"MultiPolygon","coordinates":[[[[73.2805,33.5719],[73.1997,33.4897],[73.0869,33.5424],[73.1545,33.5784],[73.0882,33.6642],[72.9142,33.5726],[72.8819,33.6142],[72.8569,33.6143],[72.8228,33.5996],[72.8161,33.5689],[72.8444,33.5612],[72.856,33.5318],[72.9003,33.518],[72.9208,33.4864],[72.8874,33.4621],[72.8678,33.4746],[72.8256,33.4639],[72.7743,33.4426],[72.7725,33.3964],[72.7288,33.3829],[72.718,33.3594],[72.6961,33.3324],[72.6793,33.2949],[72.6886,33.277],[72.663,33.2745],[72.6503,33.2533],[72.6448,33.2215],[72.6322,33.2069],[72.6363,33.1902],[72.662,33.2125],[72.6765,33.2056],[72.7101,33.2127],[72.7231,33.193],[72.7679,33.1894],[72.812,33.1589],[72.83,33.1655],[72.8549,33.1601],[72.877,33.1682],[72.9254,33.1694],[72.9332,33.1482],[72.9537,33.1558],[72.9509,33.1726],[72.9746,33.188],[72.9678,33.2084],[72.979,33.2182],[72.9544,33.2347],[72.9574,33.2769],[72.9774,33.2835],[72.985,33.3025],[73.0118,33.3236],[73.0613,33.3198],[73.0826,33.3251],[73.1082,33.3072],[73.1119,33.3288],[73.1636,33.3506],[73.1897,33.3751],[73.1823,33.4116],[73.2073,33.4218],[73.2317,33.4138],[73.2573,33.4332],[73.2761,33.4735],[73.2743,33.4954],[73.2916,33.5197],[73.2942,33.5548],[73.2805,33.5719]]]]}},{"type":"Feature","properties":{"province_name":"Punjab","district_name":"Rawalpindi","tehsil_name":"Taxila","tehsil_code":"PK63007","area_km2":296.8945733732673},"geometry":{"type":"MultiPolygon","coordinates":[[[[72.8219,33.8291],[72.8138,33.8009],[72.7892,33.807],[72.7806,33.8432],[72.7485,33.865],[72.7303,33.8559],[72.7117,33.8225],[72.6849,33.8082],[72.7038,33.775],[72.701,33.745],[72.7308,33.7159],[72.7504,33.716],[72.7553,33.6969],[72.7305,33.6897],[72.7458,33.6654],[72.743,33.6364],[72.7987,33.6375],[72.7983,33.625],[72.8228,33.5996],[72.8569,33.6143],[72.8819,33.6142],[72.8139,33.7014],[72.8461,33.7152],[72.8952,33.7211],[72.9164,33.7294],[72.9239,33.7456],[72.8887,33.7513],[72.8622,33.7698],[72.8294,33.7633],[72.8217,33.7783],[72.8417,33.8028],[72.8696,33.8149],[72.8219,33.8291]]]]}},{"type":"Feature","properties":{"province_name":"Punjab","district_name":"Sahiwal","tehsil_name":"Chichawatni","tehsil_code":"PK63101","area_km2":1586.497439691895},"geometry":{"type":"MultiPolygon","coordinates":[[[[72.8496,30.6891],[72.7834,30.6802],[72.7579,30.6801],[72.7818,30.6351],[72.7632,30.6288],[72.7566,30.6008],[72.7292,30.6033],[72.7148,30.5789],[72.6872,30.5815],[72.6066,30.5765],[72.5966,30.5972],[72.5708,30.616],[72.5616,30.6017],[72.5254,30.5942],[72.5183,30.5809],[72.4972,30.5781],[72.4992,30.5476],[72.4793,30.5414],[72.4832,30.5025],[72.4378,30.4351],[72.439,30.3766],[72.4177,30.3324],[72.4031,30.3236],[72.3938,30.2876],[72.4021,30.279],[72.3988,30.218],[72.4027,30.1847],[72.443,30.1804],[72.4617,30.1624],[72.4813,30.1728],[72.486,30.1958],[72.5057,30.2112],[72.5147,30.2239],[72.5156,30.257],[72.542,30.2696],[72.5734,30.2663],[72.5803,30.2379],[72.6273,30.2636],[72.6294,30.283],[72.6651,30.3091],[72.7076,30.2965],[72.7188,30.3308],[72.7784,30.3279],[72.8019,30.3656],[72.8443,30.3736],[72.837,30.4035],[72.8576,30.4055],[72.8992,30.3926],[72.8986,30.4224],[72.9405,30.4198],[72.9665,30.4402],[72.9638,30.4546],[72.9434,30.4742],[72.9177,30.4706],[72.9028,30.4903],[72.9291,30.5309],[72.9153,30.5656],[72.8871,30.5829],[72.8777,30.5987],[72.8503,30.6216],[72.8327,30.6253],[72.8293,30.6422],[72.8759,30.6504],[72.8496,30.6891]]]]}},{"type":"Feature","properties":{"province_name":"Punjab","district_name":"Sahiwal","tehsil_name":"Sahiwal","tehsil_code":"PK63102","area_km2":1650.8198987891524},"geometry":{"type":"MultiPolygon","coordinates":[[[[73.3046,30.5409],[73.309,30.5545],[73.357,30.5832],[73.3447,30.5981],[73.3692,30.6094],[73.372,30.636],[73.345,30.6915],[73.3682,30.7237],[73.3631,30.7729],[73.3268,30.7893],[73.2919,30.7808],[73.2792,30.8145],[73.2896,30.8232],[73.2772,30.8425],[73.2857,30.8648],[73.2682,30.8962],[73.2675,30.9386],[73.2377,30.9301],[73.2271,30.9101],[73.1734,30.8987],[73.1759,30.8423],[73.1585,30.8482],[73.1602,30.8664],[73.1331,30.8701],[73.1393,30.8295],[73.1157,30.8117],[73.0719,30.7962],[73.0545,30.8087],[73.0353,30.7943],[73.0356,30.7802],[72.9807,30.7717],[72.9442,30.7565],[72.9188,30.7376],[72.9294,30.6973],[72.9148,30.6947],[72.9063,30.6749],[72.8496,30.6891],[72.8759,30.6504],[72.8293,30.6422],[72.8327,30.6253],[72.8503,30.6216],[72.8777,30.5987],[72.8871,30.5829],[72.9153,30.5656],[72.9291,30.5309],[72.9028,30.4903],[72.9177,30.4706],[72.9434,30.4742],[72.9638,30.4546],[72.9968,30.4059],[73.0108,30.4017],[73.0287,30.4242],[73.0428,30.4135],[73.0723,30.4232],[73.0753,30.4594],[73.1298,30.4782],[73.1625,30.4813],[73.1792,30.492],[73.1955,30.5217],[73.2381,30.5424],[73.2905,30.5287],[73.3046,30.5409]]]]}},{"type":"Feature","properties":{"province_name":"Punjab","district_name":"Sargodha","tehsil_name":"Bhalwal","tehsil_code":"PK63201","area_km2":525.6693116207956},"geometry":{"type":"MultiPolygon","coordinates":[[[[73.0912,32.3782],[73.0423,32.3829],[73.0215,32.3913],[73.0213,32.4141],[72.9915,32.4191],[72.9705,32.3987],[72.9684,32.3646],[72.9318,32.3724],[72.915,32.3595],[72.9164,32.3416],[72.8919,32.3371],[72.8905,32.3748],[72.8839,32.3914],[72.8952,32.4057],[72.8928,32.4298],[72.8702,32.4271],[72.8636,32.4096],[72.8433,32.3967],[72.8096,32.386],[72.8413,32.3298],[72.8155,32.3136],[72.807,32.2768],[72.7857,32.2768],[72.7676,32.2477],[72.7943,32.2412],[72.8139,32.2127],[72.8058,32.191],[72.8171,32.1798],[72.8117,32.1586],[72.8214,32.1478],[72.8082,32.1308],[72.8554,32.1293],[72.8893,32.1445],[72.9086,32.1603],[72.9186,32.1838],[72.882,32.1749],[72.8706,32.1863],[72.8878,32.2007],[72.9239,32.2119],[72.9466,32.2284],[72.9972,32.2268],[73.0078,32.2543],[73.0305,32.2704],[73.066,32.2582],[73.0834,32.2957],[73.1079,32.342],[73.0912,32.3782]]]]}},{"type":"Feature","properties":{"province_name":"Punjab","district_name":"Sargodha","tehsil_name":"Kot Momin","tehsil_code":"PK63202","area_km2":1032.14240480047},"geometry":{"type":"MultiPolygon","coordinates":[[[[73.2243,32.2646],[73.1937,32.2381],[73.1548,32.2405],[73.1268,32.3004],[73.0985,32.2857],[73.0834,32.2957],[73.066,32.2582],[73.0305,32.2704],[73.0078,32.2543],[72.9972,32.2268],[72.9466,32.2284],[72.9239,32.2119],[72.8878,32.2007],[72.8706,32.1863],[72.882,32.1749],[72.9186,32.1838],[72.9086,32.1603],[72.8893,32.1445],[72.8554,32.1293],[72.8605,32.0922],[72.8872,32.0908],[72.9315,32.1119],[72.9376,32.0868],[72.9703,32.0696],[72.9925,32.0767],[73.0071,32.0545],[73.0484,32.0302],[73.0333,32.0118],[72.9857,32.0149],[72.9758,32.0024],[72.9785,31.9802],[72.9958,31.9657],[73.0379,31.9457],[73.0486,31.934],[73.1049,31.9278],[73.1558,31.9137],[73.1611,31.896],[73.1669,31.8913],[73.1799,31.9027],[73.2003,31.9661],[73.2354,31.9995],[73.2276,32.0291],[73.2485,32.038],[73.2613,32.0577],[73.2614,32.0825],[73.308,32.1221],[73.2577,32.1693],[73.2487,32.1853],[73.2534,32.2033],[73.2327,32.2352],[73.2243,32.2646]]]]}},{"type":"Feature","properties":{"province_name":"Punjab","district_name":"Sargodha","tehsil_name":"Sahiwal","tehsil_code":"PK63203","area_km2":766.5769387744995},"geometry":{"type":"MultiPolygon","coordinates":[[[[72.4693,32.0354],[72.4664,32.0166],[72.4341,32.0025],[72.419,32.0185],[72.3677,32.0184],[72.3537,32.0465],[72.3244,32.0569],[72.2916,32.0078],[72.2587,32.0043],[72.253,31.9789],[72.2691,31.9724],[72.2592,31.9399],[72.259,31.9121],[72.2723,31.878],[72.2853,31.8647],[72.2638,31.8309],[72.2617,31.808],[72.2439,31.809],[72.2361,31.7848],[72.2116,31.7592],[72.2479,31.7474],[72.269,31.7656],[72.3074,31.7513],[72.3393,31.7306],[72.3576,31.709],[72.3789,31.7171],[72.4042,31.7098],[72.4099,31.727],[72.4275,31.7331],[72.446,31.7691],[72.4458,31.7825],[72.5138,31.8227],[72.5329,31.8495],[72.5066,31.8622],[72.5211,31.8825],[72.5237,31.9138],[72.5519,31.9259],[72.5571,31.9398],[72.5469,31.9688],[72.5223,31.9739],[72.5515,32.0083],[72.532,32.0149],[72.5321,32.0396],[72.4693,32.0354]]]]}},{"type":"Feature","properties":{"province_name":"Punjab","district_name":"Sargodha","tehsil_name":"Sargodha","tehsil_code":"PK63204","area_km2":1451.711154829371},"geometry":{"type":"MultiPolygon","coordinates":[[[[72.7676,32.2477],[72.7281,32.2877],[72.6712,32.2647],[72.6498,32.2494],[72.6568,32.2349],[72.6385,32.2083],[72.6081,32.1867],[72.5814,32.192],[72.5571,32.1626],[72.5253,32.1568],[72.5175,32.1449],[72.4833,32.1337],[72.4307,32.094],[72.436,32.0798],[72.4835,32.0841],[72.4706,32.0602],[72.4429,32.0443],[72.4693,32.0354],[72.5321,32.0396],[72.532,32.0149],[72.5515,32.0083],[72.5223,31.9739],[72.5469,31.9688],[72.5571,31.9398],[72.5837,31.9347],[72.5879,31.9674],[72.6283,31.9614],[72.6436,31.9459],[72.6716,31.9375],[72.6748,31.9142],[72.6956,31.8885],[72.7151,31.8905],[72.751,31.8743],[72.7504,31.8337],[72.7563,31.8207],[72.7807,31.834],[72.8128,31.8417],[72.8393,31.8315],[72.8657,31.8643],[72.8953,31.8738],[72.9103,31.8422],[72.9495,31.8515],[72.9674,31.8414],[72.9846,31.8703],[72.9722,31.8825],[72.9259,31.8884],[72.895,31.9124],[72.9194,31.9203],[72.937,31.9375],[72.9475,31.9771],[72.9696,31.9582],[72.9958,31.9657],[72.9785,31.9802],[72.9758,32.0024],[72.9857,32.0149],[73.0333,32.0118],[73.0484,32.0302],[73.0071,32.0545],[72.9925,32.0767],[72.9703,32.0696],[72.9376,32.0868],[72.9315,32.1119],[72.8872,32.0908],[72.8605,32.0922],[72.8554,32.1293],[72.8082,32.1308],[72.8214,32.1478],[72.8117,32.1586],[72.8171,32.1798],[72.8058,32.191],[72.8139,32.2127],[72.7943,32.2412],[72.7676,32.2477]]]]}},{"type":"Feature","properties":{"province_name":"Punjab","district_name":"Sargodha","tehsil_name":"Shahpur","tehsil_code":"PK63205","area_km2":793.0522399639207},"geometry":{"type":"MultiPolygon","coordinates":[[[[72.6699,32.3958],[72.6476,32.3987],[72.5806,32.3712],[72.554,32.3689],[72.5135,32.3352],[72.4785,32.319],[72.4672,32.2973],[72.4402,32.2947],[72.4129,32.2772],[72.3969,32.2579],[72.3703,32.254],[72.3438,32.2302],[72.3429,32.2071],[72.3234,32.1549],[72.3301,32.1339],[72.3237,32.1038],[72.3244,32.0569],[72.3537,32.0465],[72.3677,32.0184],[72.419,32.0185],[72.4341,32.0025],[72.4664,32.0166],[72.4693,32.0354],[72.4429,32.0443],[72.4706,32.0602],[72.4835,32.0841],[72.436,32.0798],[72.4307,32.094],[72.4833,32.1337],[72.5175,32.1449],[72.5253,32.1568],[72.5571,32.1626],[72.5814,32.192],[72.6081,32.1867],[72.6385,32.2083],[72.6568,32.2349],[72.6498,32.2494],[72.6712,32.2647],[72.7281,32.2877],[72.7132,32.3108],[72.7283,32.3407],[72.7055,32.3724],[72.7053,32.3968],[72.6699,32.3958]]]]}},{"type":"Feature","properties":{"province_name":"Punjab","district_name":"Sargodha","tehsil_name":"Sillanwali","tehsil_code":"PK63206","area_km2":611.3757127625776},"geometry":{"type":"MultiPolygon","coordinates":[[[[72.7563,31.8207],[72.7504,31.8337],[72.751,31.8743],[72.7151,31.8905],[72.6956,31.8885],[72.6748,31.9142],[72.6716,31.9375],[72.6436,31.9459],[72.6283,31.9614],[72.5879,31.9674],[72.5837,31.9347],[72.5571,31.9398],[72.5519,31.9259],[72.5237,31.9138],[72.5211,31.8825],[72.5066,31.8622],[72.5329,31.8495],[72.5138,31.8227],[72.4458,31.7825],[72.446,31.7691],[72.4275,31.7331],[72.4099,31.727],[72.4042,31.7098],[72.3789,31.7171],[72.3576,31.709],[72.3071,31.6494],[72.2773,31.6314],[72.2426,31.5947],[72.2582,31.5658],[72.2809,31.5647],[72.288,31.5874],[72.3345,31.6121],[72.3726,31.6267],[72.3692,31.6531],[72.4345,31.6627],[72.4631,31.6658],[72.4824,31.6825],[72.5054,31.6874],[72.5163,31.7016],[72.5172,31.724],[72.5554,31.75],[72.5686,31.7656],[72.6431,31.7771],[72.6789,31.7779],[72.7156,31.8059],[72.7368,31.8008],[72.7563,31.8207]]]]}},{"type":"Feature","properties":{"province_name":"Punjab","district_name":"Sargodha","tehsil_name":"Bhera","tehsil_code":"PK63207","area_km2":678.7498810758378},"geometry":{"type":"MultiPolygon","coordinates":[[[[73.1946,32.5746],[73.1759,32.5772],[73.0979,32.5705],[73.0768,32.5741],[73.0298,32.5518],[72.9781,32.5505],[72.9504,32.5321],[72.9127,32.5219],[72.8756,32.5039],[72.8561,32.4677],[72.787,32.4406],[72.7566,32.4356],[72.7153,32.4165],[72.6602,32.424],[72.6699,32.3958],[72.7053,32.3968],[72.7055,32.3724],[72.7283,32.3407],[72.7132,32.3108],[72.7281,32.2877],[72.7676,32.2477],[72.7857,32.2768],[72.807,32.2768],[72.8155,32.3136],[72.8413,32.3298],[72.8096,32.386],[72.8433,32.3967],[72.8636,32.4096],[72.8702,32.4271],[72.8928,32.4298],[72.8952,32.4057],[72.8839,32.3914],[72.8905,32.3748],[72.8919,32.3371],[72.9164,32.3416],[72.915,32.3595],[72.9318,32.3724],[72.9684,32.3646],[72.9705,32.3987],[72.9915,32.4191],[73.0213,32.4141],[73.0215,32.3913],[73.0423,32.3829],[73.0912,32.3782],[73.0807,32.395],[73.0475,32.4121],[73.0476,32.4285],[73.0726,32.4399],[73.0755,32.4543],[73.1422,32.458],[73.1641,32.4683],[73.1693,32.4845],[73.1536,32.4964],[73.1901,32.5162],[73.2014,32.531],[73.1946,32.5746]]]]}},{"type":"Feature","properties":{"province_name":"Punjab","district_name":"Sheikhupura","tehsil_name":"Ferozewala","tehsil_code":"PK63301","area_km2":579.9994296710136},"geometry":{"type":"MultiPolygon","coordinates":[[[[74.5178,31.7516],[74.4747,31.7684],[74.4286,31.7417],[74.3811,31.7575],[74.3641,31.7713],[74.3165,31.7782],[74.2869,31.7583],[74.2531,31.7494],[74.2291,31.796],[74.1747,31.8024],[74.1617,31.8123],[74.1769,31.8288],[74.1711,31.8535],[74.1615,31.8396],[74.1272,31.8206],[74.0884,31.6863],[74.0959,31.6651],[74.1291,31.6407],[74.1201,31.6325],[74.1485,31.6123],[74.1777,31.5755],[74.2241,31.5558],[74.2456,31.5697],[74.2481,31.5923],[74.2647,31.6401],[74.3029,31.6733],[74.3356,31.6479],[74.3711,31.6693],[74.3791,31.6582],[74.4112,31.643],[74.4299,31.6663],[74.4462,31.67],[74.4506,31.6917],[74.4837,31.7166],[74.5204,31.7166],[74.5178,31.7516]]]]}},{"type":"Feature","properties":{"province_name":"Punjab","district_name":"Sheikhupura","tehsil_name":"Muridke","tehsil_code":"PK63302","area_km2":838.040972192657},"geometry":{"type":"MultiPolygon","coordinates":[[[[74.6938,31.9188],[74.6592,31.97],[74.6423,31.9698],[74.6248,32.0045],[74.5978,32.0298],[74.588,32.0603],[74.5588,32.0447],[74.5237,32.0226],[74.5107,32.0044],[74.4755,32.0011],[74.4637,31.9665],[74.4353,31.9595],[74.3999,31.9218],[74.3824,31.914],[74.3583,31.8887],[74.338,31.8862],[74.3116,31.8976],[74.3014,31.8852],[74.2042,31.8847],[74.1939,31.858],[74.1711,31.8535],[74.1769,31.8288],[74.1617,31.8123],[74.1747,31.8024],[74.2291,31.796],[74.2531,31.7494],[74.2869,31.7583],[74.3165,31.7782],[74.3641,31.7713],[74.3811,31.7575],[74.4286,31.7417],[74.4747,31.7684],[74.5178,31.7516],[74.5455,31.7576],[74.5379,31.7862],[74.5438,31.8223],[74.573,31.823],[74.5899,31.8484],[74.6199,31.8617],[74.6938,31.9188]]]]}},{"type":"Feature","properties":{"province_name":"Punjab","district_name":"Sheikhupura","tehsil_name":"Safdarabad","tehsil_code":"PK63303","area_km2":577.3581327667735},"geometry":{"type":"MultiPolygon","coordinates":[[[[73.669,31.6117],[73.7121,31.6225],[73.768,31.6008],[73.7809,31.6184],[73.7761,31.6431],[73.7515,31.6543],[73.7541,31.7084],[73.7686,31.7366],[73.75,31.7533],[73.7473,31.7774],[73.7272,31.7793],[73.7016,31.7936],[73.7088,31.822],[73.7062,31.8482],[73.7349,31.878],[73.727,31.8963],[73.7097,31.9037],[73.6913,31.8923],[73.6591,31.892],[73.6453,31.8763],[73.6143,31.8785],[73.5948,31.8694],[73.5748,31.8838],[73.5523,31.8402],[73.5164,31.81],[73.4852,31.8295],[73.4941,31.7984],[73.4701,31.776],[73.4935,31.7096],[73.4867,31.689],[73.511,31.6818],[73.5556,31.6818],[73.5501,31.6643],[73.5226,31.6479],[73.5529,31.6343],[73.579,31.6975],[73.5922,31.7109],[73.6289,31.7023],[73.6124,31.6751],[73.6337,31.6567],[73.669,31.6117]]]]}},{"type":"Feature","properties":{"province_name":"Punjab","district_name":"Sheikhupura","tehsil_name":"Sharak Pur","tehsil_code":"PK63304","area_km2":388.21495694499873},"geometry":{"type":"MultiPolygon","coordinates":[[[[74.2241,31.5558],[74.1777,31.5755],[74.1485,31.6123],[74.1201,31.6325],[74.1127,31.6225],[74.0688,31.6173],[74.0617,31.599],[74.0415,31.594],[74.0231,31.5724],[73.9955,31.5608],[73.9868,31.5234],[73.9527,31.5063],[73.9414,31.4898],[73.9441,31.4726],[73.9859,31.4707],[73.9982,31.4524],[74.022,31.4537],[74.0321,31.4337],[74.0232,31.4079],[74.0381,31.4015],[74.0186,31.3723],[74.0346,31.3658],[74.0717,31.3729],[74.0729,31.4174],[74.0946,31.4442],[74.1229,31.4442],[74.165,31.4592],[74.1957,31.5163],[74.1986,31.5339],[74.2241,31.5558]]]]}},{"type":"Feature","properties":{"province_name":"Punjab","district_name":"Sheikhupura","tehsil_name":"Sheikhupura","tehsil_code":"PK63305","area_km2":1262.558527793189},"geometry":{"type":"MultiPolygon","coordinates":[[[[74.097,31.8248],[74.0753,31.8209],[74.0416,31.8406],[74.0001,31.8308],[73.9773,31.8342],[73.9758,31.855],[73.9476,31.8371],[73.8838,31.8522],[73.882,31.8763],[73.8543,31.9023],[73.8759,31.9297],[73.8585,31.9533],[73.8308,31.9578],[73.8056,31.9845],[73.7676,31.9628],[73.7434,31.9362],[73.7192,31.9221],[73.7097,31.9037],[73.727,31.8963],[73.7349,31.878],[73.7062,31.8482],[73.7088,31.822],[73.7016,31.7936],[73.7272,31.7793],[73.7473,31.7774],[73.75,31.7533],[73.7686,31.7366],[73.7541,31.7084],[73.7515,31.6543],[73.7761,31.6431],[73.7809,31.6184],[73.768,31.6008],[73.7121,31.6225],[73.669,31.6117],[73.6482,31.5982],[73.6259,31.5544],[73.6287,31.5324],[73.659,31.4901],[73.6632,31.5058],[73.7234,31.5386],[73.7277,31.5655],[73.7649,31.5878],[73.7797,31.5879],[73.8389,31.5686],[73.9039,31.5757],[73.9184,31.5986],[73.9433,31.5732],[73.9511,31.5551],[73.9955,31.5608],[74.0231,31.5724],[74.0415,31.594],[74.0617,31.599],[74.0688,31.6173],[74.1127,31.6225],[74.1201,31.6325],[74.1291,31.6407],[74.0959,31.6651],[74.0884,31.6863],[74.1272,31.8206],[74.097,31.8248]]]]}},{"type":"Feature","properties":{"province_name":"Punjab","district_name":"Sialkot","tehsil_name":"Daska","tehsil_code":"PK63401","area_km2":698.1002701157411},"geometry":{"type":"MultiPolygon","coordinates":[[[[74.5725,32.3506],[74.5489,32.3547],[74.5406,32.3784],[74.5033,32.3915],[74.5003,32.4136],[74.5082,32.436],[74.4586,32.4552],[74.4284,32.4341],[74.4443,32.4093],[74.4076,32.4086],[74.3732,32.3872],[74.3497,32.3949],[74.3127,32.3815],[74.2822,32.4086],[74.2261,32.3954],[74.2031,32.4053],[74.2216,32.3873],[74.2256,32.3515],[74.2342,32.3297],[74.2433,32.3101],[74.2353,32.2906],[74.2565,32.2624],[74.2872,32.2508],[74.323,32.2463],[74.3283,32.2082],[74.3789,32.166],[74.4089,32.17],[74.4226,32.1607],[74.4455,32.1604],[74.4906,32.1487],[74.4894,32.1227],[74.5148,32.1036],[74.503,32.092],[74.5213,32.072],[74.5405,32.0817],[74.5389,32.1325],[74.5446,32.1453],[74.5321,32.1644],[74.5258,32.1918],[74.5442,32.2009],[74.5307,32.2239],[74.554,32.2529],[74.5115,32.2731],[74.5134,32.2866],[74.4862,32.3071],[74.4593,32.3149],[74.464,32.3283],[74.505,32.3245],[74.5244,32.3358],[74.5679,32.3349],[74.5725,32.3506]]]]}},{"type":"Feature","properties":{"province_name":"Punjab","district_name":"Sialkot","tehsil_name":"Pasrur","tehsil_code":"PK63402","area_km2":1013.2096160476624},"geometry":{"type":"MultiPolygon","coordinates":[[[[74.9368,32.4654],[74.8997,32.4661],[74.8829,32.4818],[74.8564,32.4927],[74.8186,32.4961],[74.7989,32.4841],[74.7211,32.4817],[74.6951,32.4872],[74.6723,32.4818],[74.68,32.432],[74.6365,32.3814],[74.6103,32.3828],[74.5661,32.3615],[74.5725,32.3506],[74.5679,32.3349],[74.5244,32.3358],[74.505,32.3245],[74.464,32.3283],[74.4593,32.3149],[74.4862,32.3071],[74.5134,32.2866],[74.5115,32.2731],[74.554,32.2529],[74.5307,32.2239],[74.5442,32.2009],[74.5258,32.1918],[74.5321,32.1644],[74.5446,32.1453],[74.5389,32.1325],[74.5405,32.0817],[74.5213,32.072],[74.5451,32.061],[74.5588,32.0447],[74.588,32.0603],[74.6226,32.0683],[74.6263,32.0962],[74.6776,32.1361],[74.7078,32.1404],[74.754,32.1603],[74.7598,32.1923],[74.7406,32.2173],[74.7545,32.2544],[74.7718,32.2743],[74.7793,32.297],[74.8044,32.2874],[74.8506,32.3031],[74.8796,32.3873],[74.9033,32.3912],[74.9332,32.4289],[74.9368,32.4654]]]]}},{"type":"Feature","properties":{"province_name":"Punjab","district_name":"Sialkot","tehsil_name":"Sambrial","tehsil_code":"PK63403","area_km2":447.37718596103787},"geometry":{"type":"MultiPolygon","coordinates":[[[[74.4586,32.4552],[74.4286,32.4542],[74.4067,32.4737],[74.4342,32.5008],[74.4556,32.535],[74.4128,32.5433],[74.4071,32.5518],[74.4139,32.5859],[74.366,32.6148],[74.3362,32.5919],[74.2955,32.5861],[74.28,32.5912],[74.2352,32.5742],[74.2098,32.5537],[74.2054,32.518],[74.207,32.4764],[74.1975,32.4569],[74.2097,32.4181],[74.2031,32.4053],[74.2261,32.3954],[74.2822,32.4086],[74.3127,32.3815],[74.3497,32.3949],[74.3732,32.3872],[74.4076,32.4086],[74.4443,32.4093],[74.4284,32.4341],[74.4586,32.4552]]]]}},{"type":"Feature","properties":{"province_name":"Punjab","district_name":"Sialkot","tehsil_name":"Sialkot","tehsil_code":"PK63404","area_km2":927.6236243664364},"geometry":{"type":"MultiPolygon","coordinates":[[[[74.6951,32.4872],[74.6792,32.5154],[74.6805,32.5382],[74.6524,32.5602],[74.6422,32.611],[74.6692,32.6459],[74.6753,32.6663],[74.6542,32.6925],[74.6501,32.7184],[74.6675,32.7666],[74.6877,32.7961],[74.7004,32.827],[74.6808,32.8382],[74.642,32.8229],[74.6415,32.7919],[74.6147,32.7577],[74.5671,32.7552],[74.5315,32.7407],[74.4661,32.7814],[74.4617,32.7917],[74.4419,32.7919],[74.4533,32.7767],[74.4391,32.7311],[74.4595,32.7274],[74.4649,32.703],[74.4549,32.6738],[74.366,32.6148],[74.4139,32.5859],[74.4071,32.5518],[74.4128,32.5433],[74.4556,32.535],[74.4342,32.5008],[74.4067,32.4737],[74.4286,32.4542],[74.4586,32.4552],[74.5082,32.436],[74.5003,32.4136],[74.5033,32.3915],[74.5406,32.3784],[74.5489,32.3547],[74.5725,32.3506],[74.5661,32.3615],[74.6103,32.3828],[74.6365,32.3814],[74.68,32.432],[74.6723,32.4818],[74.6951,32.4872]]]]}},{"type":"Feature","properties":{"province_name":"Punjab","district_name":"Toba Tek Singh","tehsil_name":"Gojra","tehsil_code":"PK63501","area_km2":694.1889429253441},"geometry":{"type":"MultiPolygon","coordinates":[[[[72.784,31.16],[72.7737,31.1969],[72.7991,31.2065],[72.8227,31.2262],[72.8367,31.2535],[72.8546,31.2718],[72.8397,31.2958],[72.8049,31.3318],[72.7735,31.3033],[72.7525,31.2761],[72.7136,31.2585],[72.6823,31.2376],[72.6126,31.2459],[72.59,31.2386],[72.5729,31.2483],[72.5494,31.2259],[72.5197,31.2175],[72.4972,31.2237],[72.4853,31.2077],[72.5001,31.183],[72.4921,31.1407],[72.482,31.1256],[72.5139,31.1034],[72.5545,31.113],[72.5761,31.103],[72.5854,31.0721],[72.6033,31.0612],[72.6172,31.0758],[72.6401,31.1278],[72.6558,31.1071],[72.68,31.0927],[72.6659,31.0711],[72.6488,31.0644],[72.6456,31.0439],[72.6569,31.0151],[72.6818,31.0035],[72.6817,30.9735],[72.7378,30.9677],[72.7521,30.959],[72.7717,30.967],[72.7954,30.9905],[72.8005,31.0274],[72.813,31.0298],[72.8173,31.0673],[72.7872,31.0878],[72.7721,31.0722],[72.7435,31.0928],[72.7675,31.101],[72.784,31.16]]]]}},{"type":"Feature","properties":{"province_name":"Punjab","district_name":"Toba Tek Singh","tehsil_name":"Kamalia","tehsil_code":"PK63502","area_km2":910.1247513343224},"geometry":{"type":"MultiPolygon","coordinates":[[[[72.7341,30.7455],[72.7031,30.7546],[72.6951,30.7709],[72.6686,30.7873],[72.6499,30.7556],[72.6246,30.7518],[72.6012,30.7587],[72.6184,30.7823],[72.5855,30.8019],[72.5594,30.7843],[72.557,30.7718],[72.4917,30.766],[72.5306,30.7401],[72.5325,30.7202],[72.5534,30.7212],[72.5629,30.7045],[72.5307,30.6958],[72.5236,30.679],[72.5388,30.6641],[72.5108,30.6568],[72.4851,30.67],[72.442,30.6829],[72.4235,30.6747],[72.4182,30.6567],[72.3863,30.6597],[72.386,30.6364],[72.351,30.6474],[72.3598,30.6802],[72.3487,30.6886],[72.3752,30.7149],[72.3573,30.7286],[72.3324,30.7147],[72.3232,30.723],[72.2816,30.7196],[72.2356,30.732],[72.2273,30.7167],[72.2104,30.6826],[72.1843,30.6434],[72.1655,30.5947],[72.1521,30.573],[72.2469,30.5589],[72.2698,30.5483],[72.2959,30.5561],[72.3048,30.5357],[72.3253,30.5514],[72.3352,30.5737],[72.3628,30.5753],[72.3752,30.5657],[72.3975,30.5831],[72.4418,30.5988],[72.4694,30.5991],[72.4786,30.5816],[72.4972,30.5781],[72.5183,30.5809],[72.5254,30.5942],[72.5616,30.6017],[72.5708,30.616],[72.5966,30.5972],[72.6066,30.5765],[72.6872,30.5815],[72.7148,30.5789],[72.7292,30.6033],[72.7566,30.6008],[72.7632,30.6288],[72.7818,30.6351],[72.7579,30.6801],[72.7834,30.6802],[72.7941,30.7127],[72.8367,30.726],[72.8239,30.7463],[72.7881,30.7525],[72.7626,30.7378],[72.7341,30.7455]]]]}},{"type":"Feature","properties":{"province_name":"Punjab","district_name":"Toba Tek Singh","tehsil_name":"Toba Tek Singh","tehsil_code":"PK63503","area_km2":1133.938745536233},"geometry":{"type":"MultiPolygon","coordinates":[[[[72.7717,30.967],[72.7521,30.959],[72.7378,30.9677],[72.6817,30.9735],[72.6818,31.0035],[72.6569,31.0151],[72.6456,31.0439],[72.6488,31.0644],[72.6659,31.0711],[72.68,31.0927],[72.6558,31.1071],[72.6401,31.1278],[72.6172,31.0758],[72.6033,31.0612],[72.5854,31.0721],[72.5761,31.103],[72.5545,31.113],[72.5139,31.1034],[72.482,31.1256],[72.4392,31.1097],[72.4349,31.093],[72.4393,31.0707],[72.4331,31.0515],[72.4132,31.0359],[72.3798,31.0223],[72.3723,30.9869],[72.3567,30.9728],[72.3542,30.9479],[72.3305,30.915],[72.3126,30.9],[72.2745,30.8927],[72.2453,30.85],[72.2757,30.835],[72.2894,30.8368],[72.3183,30.8584],[72.3375,30.8531],[72.3747,30.8088],[72.3907,30.8129],[72.3962,30.8313],[72.4426,30.851],[72.4758,30.8362],[72.4747,30.8103],[72.5035,30.8222],[72.5368,30.8059],[72.5678,30.8085],[72.5594,30.7843],[72.5855,30.8019],[72.6184,30.7823],[72.6012,30.7587],[72.6246,30.7518],[72.6499,30.7556],[72.6686,30.7873],[72.6951,30.7709],[72.7031,30.7546],[72.7341,30.7455],[72.7301,30.7658],[72.7437,30.7864],[72.7701,30.8004],[72.7601,30.8188],[72.773,30.8398],[72.7636,30.8495],[72.7041,30.8771],[72.7105,30.9018],[72.7266,30.9082],[72.7361,30.9367],[72.7689,30.9443],[72.7717,30.967]]]]}},{"type":"Feature","properties":{"province_name":"Punjab","district_name":"Toba Tek Singh","tehsil_name":"Pir Mahal","tehsil_code":"PK63504","area_km2":349.5811394642018},"geometry":{"type":"MultiPolygon","coordinates":[[[[72.5594,30.7843],[72.5678,30.8085],[72.5368,30.8059],[72.5035,30.8222],[72.4747,30.8103],[72.4758,30.8362],[72.4426,30.851],[72.3962,30.8313],[72.3907,30.8129],[72.3747,30.8088],[72.3375,30.8531],[72.3183,30.8584],[72.2894,30.8368],[72.3097,30.8123],[72.3409,30.796],[72.3498,30.7703],[72.3479,30.7396],[72.3573,30.7286],[72.3752,30.7149],[72.3487,30.6886],[72.3598,30.6802],[72.351,30.6474],[72.386,30.6364],[72.3863,30.6597],[72.4182,30.6567],[72.4235,30.6747],[72.442,30.6829],[72.4851,30.67],[72.5108,30.6568],[72.5388,30.6641],[72.5236,30.679],[72.5307,30.6958],[72.5629,30.7045],[72.5534,30.7212],[72.5325,30.7202],[72.5306,30.7401],[72.4917,30.766],[72.557,30.7718],[72.5594,30.7843]]]]}},{"type":"Feature","properties":{"province_name":"Punjab","district_name":"Vehari","tehsil_name":"Burewala","tehsil_code":"PK63601","area_km2":1499.4056437066145},"geometry":{"type":"MultiPolygon","coordinates":[[[[72.8443,30.3736],[72.8019,30.3656],[72.7784,30.3279],[72.7188,30.3308],[72.7076,30.2965],[72.6651,30.3091],[72.6294,30.283],[72.6273,30.2636],[72.5803,30.2379],[72.5734,30.2663],[72.542,30.2696],[72.5156,30.257],[72.5147,30.2239],[72.5057,30.2112],[72.5011,30.1804],[72.5192,30.1803],[72.5315,30.1644],[72.53,30.1412],[72.5517,30.1421],[72.5818,30.1263],[72.586,30.0817],[72.5718,30.0475],[72.5974,30.0377],[72.5929,29.9856],[72.5819,29.9638],[72.6314,29.9561],[72.6504,29.9406],[72.6811,29.9359],[72.7054,29.9407],[72.713,29.9239],[72.7285,29.9242],[72.7528,29.8915],[72.7694,29.9035],[72.7571,29.9189],[72.7722,29.9378],[72.7621,29.9597],[72.7794,29.9783],[72.8201,29.9802],[72.8349,29.9667],[72.853,29.9287],[72.8644,29.9251],[72.855,29.9497],[72.8826,29.982],[72.8867,29.9955],[72.9217,29.9951],[72.9407,29.9655],[72.971,29.9631],[72.9618,29.9887],[72.9765,30.0267],[72.9387,30.0526],[72.9301,30.0875],[72.9422,30.1029],[72.9435,30.1774],[72.9534,30.1854],[72.9572,30.2236],[72.9513,30.2404],[72.9622,30.2682],[72.9921,30.2769],[72.9896,30.2958],[72.9425,30.2937],[72.9204,30.3101],[72.8866,30.3082],[72.8484,30.3143],[72.8417,30.3284],[72.8443,30.3736]]]]}},{"type":"Feature","properties":{"province_name":"Punjab","district_name":"Vehari","tehsil_name":"Mailsi","tehsil_code":"PK63602","area_km2":1607.5992332557382},"geometry":{"type":"MultiPolygon","coordinates":[[[[72.411,29.8491],[72.4198,29.8816],[72.4056,29.8955],[72.3349,29.903],[72.3118,29.926],[72.3104,29.9384],[72.2572,29.9388],[72.2747,29.9699],[72.184,29.98],[72.1505,29.9873],[72.1157,30.041],[72.1581,30.0545],[72.1643,30.0789],[72.1265,30.0933],[72.1175,30.0753],[72.0802,30.0811],[72.0545,30.0706],[72.0272,30.0811],[71.99,30.0907],[71.9669,30.0793],[71.9607,30.0526],[71.9404,30.0378],[71.8989,30.0513],[71.8769,30.0262],[71.8575,30.0309],[71.8408,30.0105],[71.8133,30.006],[71.79,30.0221],[71.735,29.9634],[71.7322,29.9523],[71.7532,29.9219],[71.8052,29.9017],[71.8349,29.9235],[71.8842,29.9059],[71.8801,29.8931],[71.8982,29.8795],[71.9123,29.8435],[71.9385,29.8355],[71.962,29.8001],[71.9612,29.7763],[71.93,29.7572],[71.9879,29.7284],[71.9881,29.7043],[72.0079,29.6896],[72.0288,29.6908],[72.0583,29.6545],[72.0976,29.6615],[72.0917,29.6343],[72.1011,29.6104],[72.0927,29.6018],[72.1251,29.594],[72.1645,29.6206],[72.1583,29.6438],[72.1784,29.648],[72.191,29.7092],[72.2364,29.7068],[72.2447,29.7225],[72.2092,29.7593],[72.2264,29.7693],[72.2262,29.7899],[72.2558,29.8145],[72.2762,29.804],[72.3119,29.8222],[72.3345,29.8436],[72.3668,29.837],[72.3956,29.8634],[72.411,29.8491]]]]}},{"type":"Feature","properties":{"province_name":"Punjab","district_name":"Vehari","tehsil_name":"Vehari","tehsil_code":"PK63603","area_km2":1401.032527277226},"geometry":{"type":"MultiPolygon","coordinates":[[[[72.5057,30.2112],[72.486,30.1958],[72.4813,30.1728],[72.4617,30.1624],[72.443,30.1804],[72.4027,30.1847],[72.3988,30.218],[72.3506,30.2004],[72.3224,30.216],[72.2903,30.2007],[72.2891,30.1866],[72.2409,30.1797],[72.2189,30.1591],[72.1874,30.1588],[72.1739,30.1458],[72.1858,30.1215],[72.1588,30.122],[72.1395,30.1139],[72.1265,30.0933],[72.1643,30.0789],[72.1581,30.0545],[72.1157,30.041],[72.1505,29.9873],[72.184,29.98],[72.2747,29.9699],[72.2572,29.9388],[72.3104,29.9384],[72.3118,29.926],[72.3349,29.903],[72.4056,29.8955],[72.4198,29.8816],[72.411,29.8491],[72.4294,29.8403],[72.4615,29.8495],[72.4554,29.8288],[72.5025,29.8361],[72.5292,29.8318],[72.5418,29.8104],[72.5625,29.8087],[72.5678,29.84],[72.6022,29.841],[72.6102,29.8532],[72.6413,29.8612],[72.6539,29.874],[72.6779,29.8589],[72.6953,29.8971],[72.6921,29.9095],[72.713,29.9239],[72.7054,29.9407],[72.6811,29.9359],[72.6504,29.9406],[72.6314,29.9561],[72.5819,29.9638],[72.5929,29.9856],[72.5974,30.0377],[72.5718,30.0475],[72.586,30.0817],[72.5818,30.1263],[72.5517,30.1421],[72.53,30.1412],[72.5315,30.1644],[72.5192,30.1803],[72.5011,30.1804],[72.5057,30.2112]]]]}},{"type":"Feature","properties":{"province_name":"Sindh","district_name":"Badin","tehsil_name":"Badin","tehsil_code":"PK70101","area_km2":1782.431808168671},"geometry":{"type":"MultiPolygon","coordinates":[[[[68.9226,24.7352],[68.8328,24.7306],[68.7945,24.7437],[68.7978,24.763],[68.7605,24.7681],[68.7482,24.7524],[68.7141,24.7304],[68.7078,24.6857],[68.7268,24.6553],[68.7371,24.589],[68.723,24.541],[68.69,24.5238],[68.7011,24.4687],[68.7102,24.4495],[68.7336,24.4384],[68.7289,24.4259],[68.7282,24.3773],[68.7413,24.3505],[68.7526,24.2985],[68.7642,24.2843],[68.7727,24.2941],[68.8264,24.3084],[68.8403,24.2282],[68.8477,24.2084],[68.8675,24.2062],[68.881,24.2314],[68.8973,24.2769],[68.9267,24.2939],[68.939,24.2909],[68.9706,24.2375],[68.9863,24.2263],[69.0137,24.2291],[69.07,24.2602],[69.0723,24.2813],[69.0536,24.3165],[69.0539,24.3664],[69.0658,24.4025],[69.0686,24.4299],[69.0799,24.4621],[69.0969,24.4631],[69.1064,24.4844],[69.1889,24.5406],[69.2092,24.5357],[69.2033,24.5602],[69.1713,24.5572],[69.0997,24.5641],[69.0928,24.5446],[69.0743,24.5452],[69.0578,24.5618],[69.0437,24.6278],[69.0069,24.6653],[68.9449,24.6661],[68.937,24.6734],[68.9329,24.7066],[68.9226,24.7352]]]]}},{"type":"Feature","properties":{"province_name":"Sindh","district_name":"Badin","tehsil_name":"Matli","tehsil_code":"PK70102","area_km2":1053.5234998465085},"geometry":{"type":"MultiPolygon","coordinates":[[[[69.1292,24.9949],[69.1299,25.0193],[69.0925,25.0432],[69.0853,25.0674],[69.0727,25.0789],[69.0368,25.0907],[68.9912,25.1186],[68.9751,25.1513],[68.9659,25.2986],[68.9504,25.2934],[68.9341,25.2731],[68.9016,25.2587],[68.8863,25.2649],[68.885,25.2287],[68.8383,25.2207],[68.796,25.2083],[68.7714,25.2101],[68.7753,25.2423],[68.7323,25.2572],[68.7214,25.232],[68.6957,25.22],[68.7033,25.203],[68.6525,25.1877],[68.6508,25.1781],[68.6159,25.1644],[68.6274,25.1477],[68.66,25.1573],[68.6652,25.1487],[68.6368,25.1248],[68.5711,25.0828],[68.6004,25.0714],[68.6165,25.0478],[68.6805,25.0147],[68.6978,24.9957],[68.7386,24.981],[68.7683,24.9639],[68.7831,24.9695],[68.812,24.9841],[68.8296,24.9837],[68.8844,25.0027],[68.9365,25.0125],[68.9608,25.0313],[68.9983,25.0275],[69.0072,24.9906],[69.0292,24.9771],[69.0546,24.9817],[69.0683,24.9979],[69.1292,24.9949]]]]}},{"type":"Feature","properties":{"province_name":"Sindh","district_name":"Badin","tehsil_name":"Shaheed Fazil Rahu","tehsil_code":"PK70103","area_km2":1813.3205616112575},"geometry":{"type":"MultiPolygon","coordinates":[[[[68.7386,24.8315],[68.7083,24.8305],[68.6944,24.849],[68.7052,24.8705],[68.6876,24.8951],[68.6861,24.9204],[68.6401,24.9111],[68.6488,24.897],[68.5797,24.8668],[68.5683,24.8795],[68.5276,24.8876],[68.4894,24.8645],[68.4625,24.8376],[68.4353,24.8126],[68.4333,24.7928],[68.395,24.7871],[68.3541,24.7572],[68.3518,24.7365],[68.3708,24.7244],[68.3638,24.6852],[68.3526,24.6567],[68.3706,24.6417],[68.3795,24.6205],[68.3733,24.601],[68.3912,24.5633],[68.4038,24.5641],[68.3939,24.5209],[68.4067,24.5057],[68.4073,24.4448],[68.4186,24.422],[68.4361,24.4348],[68.4612,24.4338],[68.4459,24.3953],[68.5611,24.3626],[68.5973,24.3718],[68.6478,24.3786],[68.7282,24.3773],[68.7289,24.4259],[68.7336,24.4384],[68.7102,24.4495],[68.7011,24.4687],[68.69,24.5238],[68.723,24.541],[68.7371,24.589],[68.7268,24.6553],[68.7078,24.6857],[68.7141,24.7304],[68.7482,24.7524],[68.7605,24.7681],[68.7489,24.7791],[68.7386,24.8315]]]]}},{"type":"Feature","properties":{"province_name":"Sindh","district_name":"Badin","tehsil_name":"Talhar","tehsil_code":"PK70104","area_km2":495.0375904975804},"geometry":{"type":"MultiPolygon","coordinates":[[[[69.0072,24.9906],[68.9983,25.0275],[68.9608,25.0313],[68.9365,25.0125],[68.8844,25.0027],[68.8296,24.9837],[68.812,24.9841],[68.7831,24.9695],[68.7829,24.9438],[68.8014,24.9226],[68.8113,24.8935],[68.8471,24.8707],[68.831,24.8385],[68.821,24.8327],[68.7733,24.8358],[68.75,24.8462],[68.7386,24.8315],[68.7489,24.7791],[68.7605,24.7681],[68.7978,24.763],[68.7945,24.7437],[68.8328,24.7306],[68.9226,24.7352],[68.9326,24.7523],[68.9329,24.775],[68.9177,24.7769],[68.8788,24.8211],[68.9305,24.8363],[68.9401,24.8444],[68.944,24.8793],[68.9652,24.8941],[69.0023,24.8895],[69.0083,24.8997],[68.9662,24.9442],[68.9914,24.9582],[69.0072,24.9906]]]]}},{"type":"Feature","properties":{"province_name":"Sindh","district_name":"Badin","tehsil_name":"Tando Bago","tehsil_code":"PK70105","area_km2":1425.5441665312132},"geometry":{"type":"MultiPolygon","coordinates":[[[[69.1292,24.9949],[69.0683,24.9979],[69.0546,24.9817],[69.0292,24.9771],[69.0072,24.9906],[68.9914,24.9582],[68.9662,24.9442],[69.0083,24.8997],[69.0023,24.8895],[68.9652,24.8941],[68.944,24.8793],[68.9401,24.8444],[68.9305,24.8363],[68.8788,24.8211],[68.9177,24.7769],[68.9329,24.775],[68.9326,24.7523],[68.9226,24.7352],[68.9329,24.7066],[68.937,24.6734],[68.9449,24.6661],[69.0069,24.6653],[69.0437,24.6278],[69.0578,24.5618],[69.0743,24.5452],[69.0928,24.5446],[69.0997,24.5641],[69.1713,24.5572],[69.2033,24.5602],[69.2227,24.5821],[69.1996,24.6051],[69.2086,24.6187],[69.2317,24.6001],[69.2337,24.6349],[69.2428,24.6586],[69.2146,24.6698],[69.2293,24.6939],[69.2757,24.7315],[69.2539,24.7323],[69.2465,24.7477],[69.3073,24.7731],[69.3239,24.8007],[69.3015,24.8252],[69.3194,24.8554],[69.3264,24.8854],[69.3132,24.9231],[69.2795,24.9603],[69.2252,24.9603],[69.1884,24.9508],[69.1716,24.9542],[69.1538,24.9847],[69.1292,24.9949]]]]}},{"type":"Feature","properties":{"province_name":"Sindh","district_name":"Central Karachi","tehsil_name":"Gulberg Town","tehsil_code":"PK70201","area_km2":16.86877442679987},"geometry":{"type":"MultiPolygon","coordinates":[[[[67.0912,24.9368],[67.0901,24.9639],[67.0709,24.9596],[67.0689,24.9488],[67.0428,24.9185],[67.0623,24.9026],[67.0778,24.9132],[67.0912,24.9368]]]]}},{"type":"Feature","properties":{"province_name":"Sindh","district_name":"Central Karachi","tehsil_name":"Liaqatabad Town","tehsil_code":"PK70202","area_km2":9.034714615318},"geometry":{"type":"MultiPolygon","coordinates":[[[[67.0623,24.9026],[67.0428,24.9185],[67.018,24.9092],[67.0263,24.887],[67.0623,24.9026]]]]}},{"type":"Feature","properties":{"province_name":"Sindh","district_name":"Central Karachi","tehsil_name":"New Karachi Town","tehsil_code":"PK70203","area_km2":23.571935712493907},"geometry":{"type":"MultiPolygon","coordinates":[[[[67.0901,24.9639],[67.092,25.009],[67.0503,25.0063],[67.0425,24.9577],[67.0709,24.9596],[67.0901,24.9639]]]]}},{"type":"Feature","properties":{"province_name":"Sindh","district_name":"Central Karachi","tehsil_name":"North Nazimabad Town","tehsil_code":"PK70204","area_km2":15.67863700921146},"geometry":{"type":"MultiPolygon","coordinates":[[[[67.0428,24.9185],[67.0689,24.9488],[67.0709,24.9596],[67.0425,24.9577],[67.0418,24.9562],[67.024,24.9363],[67.018,24.9092],[67.0428,24.9185]]]]}},{"type":"Feature","properties":{"province_name":"Sindh","district_name":"Dadu","tehsil_name":"Dadu","tehsil_code":"PK70301","area_km2":782.7995682507914},"geometry":{"type":"MultiPolygon","coordinates":[[[[67.9314,26.9364],[67.9164,26.9568],[67.9265,26.9717],[67.9695,26.9778],[67.9798,26.9865],[67.9714,27.0183],[67.9117,27.0402],[67.8883,27.0239],[67.876,27.0048],[67.8474,26.987],[67.8078,26.9702],[67.7472,26.9721],[67.6901,26.924],[67.6917,26.8845],[67.712,26.8342],[67.7014,26.8068],[67.7138,26.784],[67.7096,26.7708],[67.7234,26.7371],[67.7185,26.7157],[67.7224,26.6678],[67.6774,26.6691],[67.6562,26.6753],[67.6238,26.6523],[67.6241,26.6372],[67.6435,26.6061],[67.6472,26.5652],[67.6731,26.5606],[67.693,26.5759],[67.7211,26.5806],[67.7552,26.5755],[67.7573,26.5988],[67.7963,26.6042],[67.8076,26.5972],[67.8479,26.6322],[67.8693,26.6608],[67.8628,26.6824],[67.8444,26.6906],[67.8357,26.723],[67.8521,26.7285],[67.8646,26.7651],[67.8506,26.7948],[67.8341,26.8558],[67.8721,26.9019],[67.8844,26.9118],[67.9211,26.9219],[67.9314,26.9364]]]]}},{"type":"Feature","properties":{"province_name":"Sindh","district_name":"Dadu","tehsil_name":"Johi","tehsil_code":"PK70302","area_km2":3629.123233142544},"geometry":{"type":"MultiPolygon","coordinates":[[[[67.6917,26.8845],[67.6642,26.8994],[67.6456,26.9422],[67.6272,26.9544],[67.5861,26.9525],[67.5782,26.9722],[67.5121,26.9787],[67.5014,26.972],[67.4968,26.9405],[67.4809,26.9469],[67.478,26.9689],[67.4539,26.969],[67.3761,26.9604],[67.3468,26.9306],[67.3639,26.9122],[67.377,26.8723],[67.3552,26.8559],[67.3106,26.864],[67.2771,26.8512],[67.2408,26.8453],[67.2193,26.8524],[67.214,26.8723],[67.183,26.9176],[67.1737,26.9096],[67.1336,26.9155],[67.1338,26.878],[67.1466,26.7684],[67.1265,26.7383],[67.1331,26.6633],[67.1238,26.6531],[67.1511,26.5461],[67.1776,26.4715],[67.2037,26.446],[67.2656,26.347],[67.2873,26.3017],[67.3379,26.208],[67.3595,26.15],[67.3877,26.1361],[67.4132,26.0872],[67.4386,26.1143],[67.4672,26.1377],[67.4819,26.1628],[67.4915,26.2192],[67.5032,26.2499],[67.4913,26.2903],[67.495,26.3334],[67.5379,26.343],[67.5713,26.3311],[67.5912,26.3678],[67.6202,26.3985],[67.6258,26.4336],[67.646,26.4751],[67.6302,26.513],[67.6317,26.5557],[67.6472,26.5652],[67.6435,26.6061],[67.6241,26.6372],[67.6238,26.6523],[67.6562,26.6753],[67.6774,26.6691],[67.7224,26.6678],[67.7185,26.7157],[67.7234,26.7371],[67.7096,26.7708],[67.7138,26.784],[67.7014,26.8068],[67.712,26.8342],[67.6917,26.8845]]]]}},{"type":"Feature","properties":{"province_name":"Sindh","district_name":"Dadu","tehsil_name":"Khairpur Nathan Shah","tehsil_code":"PK70303","area_km2":2610.5695795171628},"geometry":{"type":"MultiPolygon","coordinates":[[[[67.4492,27.3553],[67.405,27.3788],[67.3758,27.3831],[67.3615,27.358],[67.3384,27.3759],[67.3143,27.3671],[67.2984,27.3871],[67.2643,27.3929],[67.2359,27.4156],[67.2053,27.4255],[67.1752,27.4472],[67.1611,27.3545],[67.1369,27.3272],[67.126,27.2958],[67.1269,27.27],[67.1442,27.1975],[67.1566,27.1196],[67.1606,27.066],[67.1389,26.9844],[67.146,26.9564],[67.1334,26.9404],[67.1336,26.9155],[67.1737,26.9096],[67.183,26.9176],[67.214,26.8723],[67.2193,26.8524],[67.2408,26.8453],[67.2771,26.8512],[67.3106,26.864],[67.3552,26.8559],[67.377,26.8723],[67.3639,26.9122],[67.3468,26.9306],[67.3761,26.9604],[67.4539,26.969],[67.478,26.9689],[67.4809,26.9469],[67.4968,26.9405],[67.5014,26.972],[67.5121,26.9787],[67.5782,26.9722],[67.5861,26.9525],[67.6272,26.9544],[67.6456,26.9422],[67.6642,26.8994],[67.6917,26.8845],[67.6901,26.924],[67.7472,26.9721],[67.8078,26.9702],[67.8474,26.987],[67.876,27.0048],[67.8883,27.0239],[67.8602,27.0801],[67.8639,27.1363],[67.8277,27.1233],[67.7607,27.1238],[67.7329,27.1334],[67.7152,27.1305],[67.6833,27.16],[67.5698,27.2004],[67.5466,27.2135],[67.5065,27.211],[67.464,27.2231],[67.4566,27.2627],[67.4377,27.2907],[67.4364,27.3325],[67.4492,27.3553]]]]}},{"type":"Feature","properties":{"province_name":"Sindh","district_name":"Dadu","tehsil_name":"Mehar","tehsil_code":"PK70304","area_km2":993.1070303061272},"geometry":{"type":"MultiPolygon","coordinates":[[[[67.7891,27.3004],[67.6936,27.2994],[67.6579,27.3023],[67.6409,27.3213],[67.6265,27.3233],[67.5963,27.3114],[67.557,27.3177],[67.5029,27.3188],[67.4492,27.3553],[67.4364,27.3325],[67.4377,27.2907],[67.4566,27.2627],[67.464,27.2231],[67.5065,27.211],[67.5466,27.2135],[67.5698,27.2004],[67.6833,27.16],[67.7152,27.1305],[67.7329,27.1334],[67.7607,27.1238],[67.8277,27.1233],[67.8639,27.1363],[67.8602,27.0801],[67.8883,27.0239],[67.9117,27.0402],[67.9111,27.0565],[67.9472,27.0715],[68.0045,27.0697],[68.0366,27.0989],[68.0483,27.129],[68.0005,27.1604],[67.9903,27.172],[67.9411,27.2022],[67.9397,27.2211],[67.9548,27.2275],[67.9536,27.2494],[67.9853,27.2762],[67.9954,27.2924],[67.9305,27.2934],[67.8682,27.3177],[67.8256,27.3031],[67.7891,27.3004]]]]}},{"type":"Feature","properties":{"province_name":"Sindh","district_name":"East Karachi","tehsil_name":"Gulshan Iqbal Town","tehsil_code":"PK70401","area_km2":129.80601272065314},"geometry":{"type":"MultiPolygon","coordinates":[[[[67.1205,25.0128],[67.092,25.009],[67.0901,24.9639],[67.0912,24.9368],[67.1595,24.9388],[67.1426,24.9173],[67.1445,24.8868],[67.1705,24.8855],[67.1785,24.906],[67.2265,24.9039],[67.2382,24.9341],[67.2138,24.9381],[67.1923,24.9558],[67.1923,24.9673],[67.2257,24.9822],[67.1897,25.0113],[67.1205,25.0128]]]]}},{"type":"Feature","properties":{"province_name":"Sindh","district_name":"East Karachi","tehsil_name":"Jamshaid Town","tehsil_code":"PK70402","area_km2":73.13172149666488},"geometry":{"type":"MultiPolygon","coordinates":[[[[67.1445,24.8868],[67.1426,24.9173],[67.1595,24.9388],[67.0912,24.9368],[67.0778,24.9132],[67.0623,24.9026],[67.0263,24.887],[67.0218,24.8824],[67.0315,24.8683],[67.0658,24.8511],[67.09,24.8591],[67.1174,24.8651],[67.1324,24.8873],[67.1445,24.8868]]]]}},{"type":"Feature","properties":{"province_name":"Sindh","district_name":"Ghotki","tehsil_name":"Daharki","tehsil_code":"PK70501","area_km2":2470.6564388741017},"geometry":{"type":"MultiPolygon","coordinates":[[[[69.9812,27.9585],[69.9679,27.9807],[69.9227,28.0254],[69.8788,28.0802],[69.8694,28.0994],[69.8472,28.0795],[69.8167,28.0635],[69.7552,28.0605],[69.7377,28.0741],[69.6986,28.073],[69.6899,28.0573],[69.6375,28.0689],[69.6201,28.0647],[69.6062,28.048],[69.613,28.032],[69.6508,27.9922],[69.6206,27.9579],[69.5946,27.9508],[69.5955,27.9257],[69.5602,27.9068],[69.5362,27.903],[69.5263,27.9166],[69.4855,27.8896],[69.4945,27.857],[69.4703,27.8129],[69.5036,27.7998],[69.5383,27.8092],[69.5603,27.7871],[69.5367,27.7408],[69.5612,27.7015],[69.6068,27.6863],[69.635,27.6936],[69.6559,27.6512],[69.7015,27.6608],[69.7422,27.6444],[69.7688,27.6601],[69.7544,27.6767],[69.8104,27.7054],[69.8644,27.6648],[69.7769,27.5994],[69.8565,27.5321],[69.9249,27.485],[69.9363,27.5021],[70.0163,27.556],[70.0246,27.5697],[70.1078,27.7669],[70.157,27.8341],[70.1805,27.8549],[70.1236,27.882],[70.0692,27.8954],[70.0352,27.9271],[70.0008,27.9374],[69.9812,27.9585]]]]}},{"type":"Feature","properties":{"province_name":"Sindh","district_name":"Ghotki","tehsil_name":"Ghotki","tehsil_code":"PK70502","area_km2":839.1111514816096},"geometry":{"type":"MultiPolygon","coordinates":[[[[69.5588,28.1265],[69.5428,28.1225],[69.5282,28.1385],[69.5273,28.1638],[69.5131,28.1822],[69.4792,28.2037],[69.4593,28.1831],[69.4428,28.151],[69.4002,28.1571],[69.385,28.1669],[69.3654,28.1593],[69.334,28.1234],[69.2796,28.109],[69.2542,28.098],[69.2263,28.0926],[69.2012,28.069],[69.2035,28.05],[69.1942,28.0282],[69.2001,28.0025],[69.1864,27.9933],[69.1774,27.9804],[69.1837,27.9139],[69.2017,27.8838],[69.2212,27.8364],[69.26,27.8635],[69.3108,27.8821],[69.3548,27.8932],[69.3763,27.9188],[69.3959,27.9248],[69.43,27.9161],[69.4586,27.9311],[69.483,27.9789],[69.5033,27.9993],[69.4997,28.021],[69.5173,28.0361],[69.5043,28.0486],[69.5292,28.0931],[69.5588,28.1265]]]]}},{"type":"Feature","properties":{"province_name":"Sindh","district_name":"Ghotki","tehsil_name":"Khangarh","tehsil_code":"PK70503","area_km2":1520.274248308548},"geometry":{"type":"MultiPolygon","coordinates":[[[[69.7769,27.5994],[69.7363,27.6099],[69.658,27.6001],[69.5977,27.5875],[69.5309,27.5679],[69.518,27.584],[69.5207,27.6145],[69.5066,27.619],[69.4617,27.601],[69.4549,27.6195],[69.4712,27.6562],[69.4835,27.7099],[69.4603,27.7316],[69.4109,27.739],[69.3948,27.7547],[69.3913,27.7919],[69.4148,27.8276],[69.4377,27.8828],[69.4171,27.9025],[69.43,27.9161],[69.3959,27.9248],[69.3763,27.9188],[69.3548,27.8932],[69.3108,27.8821],[69.26,27.8635],[69.2212,27.8364],[69.2481,27.8004],[69.2629,27.792],[69.2551,27.7669],[69.2731,27.7509],[69.2928,27.7555],[69.3144,27.7318],[69.291,27.7256],[69.275,27.7098],[69.2409,27.6461],[69.2612,27.6203],[69.2895,27.5799],[69.3156,27.5531],[69.3393,27.5397],[69.4229,27.5303],[69.4468,27.5125],[69.5579,27.516],[69.5535,27.4977],[69.5283,27.4605],[69.5751,27.4328],[69.6108,27.4048],[69.6532,27.391],[69.7221,27.3632],[69.7704,27.3289],[69.8125,27.3596],[69.862,27.4028],[69.9249,27.485],[69.8565,27.5321],[69.7769,27.5994]]]]}},{"type":"Feature","properties":{"province_name":"Sindh","district_name":"Ghotki","tehsil_name":"Mirpur Mathelo","tehsil_code":"PK70504","area_km2":781.725662512754},"geometry":{"type":"MultiPolygon","coordinates":[[[[69.613,28.032],[69.5925,28.024],[69.5557,28.0307],[69.5544,28.0409],[69.5767,28.0945],[69.5588,28.1265],[69.5292,28.0931],[69.5043,28.0486],[69.5173,28.0361],[69.4997,28.021],[69.5033,27.9993],[69.483,27.9789],[69.4586,27.9311],[69.43,27.9161],[69.4171,27.9025],[69.4377,27.8828],[69.4148,27.8276],[69.3913,27.7919],[69.3948,27.7547],[69.4109,27.739],[69.4603,27.7316],[69.4835,27.7099],[69.4712,27.6562],[69.4549,27.6195],[69.4617,27.601],[69.5066,27.619],[69.5207,27.6145],[69.518,27.584],[69.5309,27.5679],[69.5977,27.5875],[69.658,27.6001],[69.7363,27.6099],[69.7769,27.5994],[69.8644,27.6648],[69.8104,27.7054],[69.7544,27.6767],[69.7688,27.6601],[69.7422,27.6444],[69.7015,27.6608],[69.6559,27.6512],[69.635,27.6936],[69.6068,27.6863],[69.5612,27.7015],[69.5367,27.7408],[69.5603,27.7871],[69.5383,27.8092],[69.5036,27.7998],[69.4703,27.8129],[69.4945,27.857],[69.4855,27.8896],[69.5263,27.9166],[69.5362,27.903],[69.5602,27.9068],[69.5955,27.9257],[69.5946,27.9508],[69.6206,27.9579],[69.6508,27.9922],[69.613,28.032]]]]}},{"type":"Feature","properties":{"province_name":"Sindh","district_name":"Ghotki","tehsil_name":"Ubauro","tehsil_code":"PK70505","area_km2":750.748992320952},"geometry":{"type":"MultiPolygon","coordinates":[[[[69.8694,28.0994],[69.8446,28.1358],[69.8377,28.1697],[69.8576,28.1971],[69.8317,28.2411],[69.8364,28.2529],[69.8155,28.2772],[69.8102,28.3025],[69.8197,28.3423],[69.7842,28.38],[69.7619,28.3847],[69.7514,28.4029],[69.7497,28.4042],[69.6948,28.3835],[69.6734,28.3525],[69.6508,28.3456],[69.67,28.3308],[69.6963,28.2993],[69.7189,28.293],[69.7458,28.3122],[69.7578,28.3116],[69.7474,28.2492],[69.7328,28.2347],[69.6875,28.2576],[69.6701,28.246],[69.6626,28.2206],[69.6163,28.2258],[69.5973,28.2452],[69.5633,28.2478],[69.538,28.2666],[69.5243,28.2676],[69.5146,28.2408],[69.5363,28.2094],[69.5776,28.2013],[69.5624,28.1543],[69.5588,28.1265],[69.5767,28.0945],[69.5544,28.0409],[69.5557,28.0307],[69.5925,28.024],[69.613,28.032],[69.6062,28.048],[69.6201,28.0647],[69.6375,28.0689],[69.6899,28.0573],[69.6986,28.073],[69.7377,28.0741],[69.7552,28.0605],[69.8167,28.0635],[69.8472,28.0795],[69.8694,28.0994]]]]}},{"type":"Feature","properties":{"province_name":"Sindh","district_name":"Hyderabad","tehsil_name":"Hyderabad","tehsil_code":"PK70601","area_km2":736.5907376996928},"geometry":{"type":"MultiPolygon","coordinates":[[[[68.5865,25.4358],[68.4797,25.4823],[68.4557,25.5025],[68.4447,25.5339],[68.4147,25.5483],[68.3789,25.5527],[68.3917,25.5255],[68.3189,25.5038],[68.3023,25.4841],[68.3069,25.4373],[68.344,25.4298],[68.3962,25.3965],[68.389,25.3786],[68.3949,25.351],[68.4084,25.3253],[68.4198,25.2881],[68.4397,25.2647],[68.4441,25.2465],[68.4939,25.2618],[68.4961,25.2416],[68.482,25.2363],[68.4675,25.214],[68.4649,25.1799],[68.469,25.1792],[68.4879,25.1594],[68.5176,25.1619],[68.5525,25.1728],[68.5588,25.1821],[68.5467,25.2215],[68.5907,25.1791],[68.6081,25.2015],[68.6017,25.238],[68.639,25.2447],[68.6419,25.2576],[68.617,25.2922],[68.617,25.3038],[68.5895,25.3257],[68.5925,25.3468],[68.6157,25.3444],[68.6261,25.3539],[68.6064,25.3803],[68.616,25.3997],[68.5865,25.4358]]]]}},{"type":"Feature","properties":{"province_name":"Sindh","district_name":"Hyderabad","tehsil_name":"Hyderabad City","tehsil_code":"PK70602","area_km2":71.08095062915638},"geometry":{"type":"MultiPolygon","coordinates":[[[[68.3949,25.351],[68.389,25.3786],[68.3962,25.3965],[68.344,25.4298],[68.3022,25.3756],[68.3395,25.3084],[68.3502,25.3247],[68.369,25.328],[68.3949,25.351]]]]}},{"type":"Feature","properties":{"province_name":"Sindh","district_name":"Hyderabad","tehsil_name":"Latifabad","tehsil_code":"PK70603","area_km2":187.2506206577929},"geometry":{"type":"MultiPolygon","coordinates":[[[[68.4649,25.1799],[68.4675,25.214],[68.482,25.2363],[68.4961,25.2416],[68.4939,25.2618],[68.4441,25.2465],[68.4397,25.2647],[68.4198,25.2881],[68.4084,25.3253],[68.3949,25.351],[68.369,25.328],[68.3502,25.3247],[68.3395,25.3084],[68.3427,25.2941],[68.3234,25.2408],[68.3442,25.2189],[68.3652,25.182],[68.4189,25.1662],[68.4275,25.1734],[68.4649,25.1799]]]]}},{"type":"Feature","properties":{"province_name":"Sindh","district_name":"Hyderabad","tehsil_name":"Qasimabad","tehsil_code":"PK70604","area_km2":23.24975718468201},"geometry":{"type":"MultiPolygon","coordinates":[[[[68.344,25.4298],[68.3069,25.4373],[68.2934,25.4135],[68.3022,25.3756],[68.344,25.4298]]]]}},{"type":"Feature","properties":{"province_name":"Sindh","district_name":"Jacobabad","tehsil_name":"Garhi Khairo","tehsil_code":"PK70701","area_km2":732.9484661327142},"geometry":{"type":"MultiPolygon","coordinates":[[[[68.3235,28.1202],[68.2902,28.1274],[68.2372,28.1198],[68.2031,28.1323],[68.1748,28.1196],[68.1748,28.1486],[68.2076,28.172],[68.213,28.1939],[68.1995,28.2159],[68.183,28.2223],[68.0231,28.0968],[67.9598,28.0652],[67.9402,28.0382],[67.913,27.9943],[67.94,27.9779],[67.9644,27.983],[68.0046,27.9788],[68.0239,27.9897],[68.0542,27.9806],[68.081,27.9817],[68.0947,27.9737],[68.1201,27.9347],[68.1479,27.9379],[68.1934,27.934],[68.2037,27.9217],[68.2296,27.933],[68.2449,27.9242],[68.2806,27.9232],[68.2885,27.937],[68.3112,27.9304],[68.3105,28.0118],[68.3235,28.1202]]]]}},{"type":"Feature","properties":{"province_name":"Sindh","district_name":"Jacobabad","tehsil_name":"Jacobabad","tehsil_code":"PK70702","area_km2":678.6412414690604},"geometry":{"type":"MultiPolygon","coordinates":[[[[68.5178,28.4314],[68.4671,28.4312],[68.4342,28.409],[68.4018,28.3822],[68.3591,28.291],[68.3504,28.2829],[68.209,28.2425],[68.183,28.2223],[68.1995,28.2159],[68.213,28.1939],[68.2076,28.172],[68.1748,28.1486],[68.1748,28.1196],[68.2031,28.1323],[68.2372,28.1198],[68.2902,28.1274],[68.3235,28.1202],[68.376,28.1124],[68.401,28.1136],[68.4436,28.1269],[68.4774,28.1492],[68.5191,28.1602],[68.5447,28.1577],[68.4973,28.2296],[68.4856,28.2712],[68.489,28.2871],[68.5189,28.3107],[68.5075,28.42],[68.5178,28.4314]]]]}},{"type":"Feature","properties":{"province_name":"Sindh","district_name":"Jacobabad","tehsil_name":"Thul","tehsil_code":"PK70703","area_km2":1277.6778927327582},"geometry":{"type":"MultiPolygon","coordinates":[[[[68.9201,28.4302],[68.8915,28.432],[68.7572,28.4298],[68.5178,28.4314],[68.5075,28.42],[68.5189,28.3107],[68.489,28.2871],[68.4856,28.2712],[68.4973,28.2296],[68.5447,28.1577],[68.565,28.1541],[68.6231,28.1553],[68.654,28.1506],[68.7046,28.1298],[68.7384,28.1289],[68.7928,28.1093],[68.8552,28.096],[68.8827,28.0827],[68.9172,28.0949],[68.9291,28.0882],[68.91,28.1102],[68.9105,28.1384],[68.9034,28.1884],[68.8668,28.1917],[68.834,28.1837],[68.8199,28.2136],[68.8507,28.2205],[68.8572,28.2407],[68.8876,28.295],[68.9224,28.2768],[68.929,28.3136],[68.9201,28.4302]]]]}},{"type":"Feature","properties":{"province_name":"Sindh","district_name":"Jamshoro","tehsil_name":"Kotri","tehsil_code":"PK70801","area_km2":1468.4704859635249},"geometry":{"type":"MultiPolygon","coordinates":[[[[68.4054,25.6915],[68.3536,25.6669],[68.313,25.6722],[68.2862,25.648],[68.2362,25.6426],[68.2062,25.6451],[68.1703,25.6611],[68.1202,25.6615],[68.0924,25.6564],[68.0858,25.6791],[68.0519,25.6913],[68.0376,25.637],[67.9832,25.6451],[67.9518,25.6599],[67.891,25.6609],[67.8976,25.6065],[67.8849,25.5714],[67.8843,25.5245],[67.9092,25.4911],[67.9181,25.4533],[67.9393,25.4073],[67.9679,25.4101],[67.9966,25.4438],[68.0333,25.4412],[68.1051,25.3965],[68.1397,25.3366],[68.1704,25.3015],[68.218,25.3003],[68.2674,25.2858],[68.3207,25.287],[68.3427,25.2941],[68.3395,25.3084],[68.3022,25.3756],[68.2934,25.4135],[68.3069,25.4373],[68.3023,25.4841],[68.3189,25.5038],[68.3917,25.5255],[68.3789,25.5527],[68.3533,25.5984],[68.3538,25.6103],[68.3792,25.6321],[68.4528,25.6567],[68.4615,25.6742],[68.4054,25.6915]]]]}},{"type":"Feature","properties":{"province_name":"Sindh","district_name":"Jamshoro","tehsil_name":"Manjhand","tehsil_code":"PK70802","area_km2":2167.5896721504296},"geometry":{"type":"MultiPolygon","coordinates":[[[[67.907,26.2688],[67.8903,26.2738],[67.8727,26.297],[67.8609,26.2791],[67.8599,26.2529],[67.8433,26.2172],[67.8462,26.192],[67.8771,26.153],[67.8747,26.1334],[67.8554,26.0697],[67.8596,26.0484],[67.8708,26.0262],[67.8715,26.0005],[67.8895,25.9668],[67.8927,25.9199],[67.8828,25.9034],[67.8735,25.8587],[67.8739,25.7959],[67.8852,25.7442],[67.8824,25.7295],[67.891,25.6609],[67.9518,25.6599],[67.9832,25.6451],[68.0376,25.637],[68.0519,25.6913],[68.0858,25.6791],[68.0924,25.6564],[68.1202,25.6615],[68.1703,25.6611],[68.2062,25.6451],[68.2362,25.6426],[68.2862,25.648],[68.313,25.6722],[68.3536,25.6669],[68.4054,25.6915],[68.3163,25.7341],[68.3005,25.7623],[68.3006,25.7787],[68.3269,25.793],[68.3289,25.8304],[68.3184,25.8555],[68.2714,25.8832],[68.2356,25.9155],[68.2353,25.9263],[68.2651,25.9606],[68.2775,25.9927],[68.2595,26.0041],[68.2404,25.9991],[68.1735,26.0012],[68.1334,26.0451],[68.031,26.1407],[68.0211,26.1543],[68.0208,26.1884],[68.0124,26.1996],[67.9835,26.2044],[67.9425,26.2358],[67.9115,26.2519],[67.907,26.2688]]]]}},{"type":"Feature","properties":{"province_name":"Sindh","district_name":"Jamshoro","tehsil_name":"Sehwan Sharif","tehsil_code":"PK70803","area_km2":2338.864385112816},"geometry":{"type":"MultiPolygon","coordinates":[[[[67.9114,26.5492],[67.8584,26.5421],[67.8365,26.5601],[67.8071,26.5711],[67.8076,26.5972],[67.7963,26.6042],[67.7573,26.5988],[67.7552,26.5755],[67.7211,26.5806],[67.693,26.5759],[67.6731,26.5606],[67.6472,26.5652],[67.6317,26.5557],[67.6302,26.513],[67.646,26.4751],[67.6258,26.4336],[67.6202,26.3985],[67.5912,26.3678],[67.5713,26.3311],[67.5379,26.343],[67.495,26.3334],[67.4913,26.2903],[67.5032,26.2499],[67.4915,26.2192],[67.4819,26.1628],[67.4672,26.1377],[67.4386,26.1143],[67.4787,26.0324],[67.4982,26.0152],[67.5034,25.9852],[67.5236,25.98],[67.5449,25.9231],[67.5728,25.9244],[67.5991,25.8805],[67.6148,25.8867],[67.6182,25.9067],[67.6466,25.9522],[67.6415,25.9892],[67.675,26.0005],[67.72,25.9642],[67.7229,25.9518],[67.7488,25.9373],[67.7505,25.8995],[67.796,25.8873],[67.8139,25.9981],[67.8596,26.0484],[67.8554,26.0697],[67.8747,26.1334],[67.8771,26.153],[67.8462,26.192],[67.8433,26.2172],[67.8599,26.2529],[67.8609,26.2791],[67.8727,26.297],[67.8729,26.3384],[67.8904,26.3523],[67.9048,26.4108],[67.8755,26.4249],[67.9124,26.468],[67.921,26.5096],[67.9114,26.5492]]]]}},{"type":"Feature","properties":{"province_name":"Sindh","district_name":"Jamshoro","tehsil_name":"Thano Bula Khan","tehsil_code":"PK70804","area_km2":5251.21099615981},"geometry":{"type":"MultiPolygon","coordinates":[[[[67.8596,26.0484],[67.8139,25.9981],[67.796,25.8873],[67.7505,25.8995],[67.7488,25.9373],[67.7229,25.9518],[67.72,25.9642],[67.675,26.0005],[67.6415,25.9892],[67.6466,25.9522],[67.6182,25.9067],[67.6148,25.8867],[67.5991,25.8805],[67.5728,25.9244],[67.5449,25.9231],[67.5236,25.98],[67.5034,25.9852],[67.4982,26.0152],[67.4787,26.0324],[67.4386,26.1143],[67.4132,26.0872],[67.4264,26.073],[67.4172,26.0346],[67.4053,25.9625],[67.4013,25.8681],[67.4146,25.8283],[67.4029,25.7923],[67.3798,25.7682],[67.3467,25.7239],[67.3337,25.6974],[67.321,25.6405],[67.3771,25.6431],[67.3935,25.5958],[67.393,25.5443],[67.3978,25.4975],[67.4129,25.4544],[67.3902,25.4113],[67.3766,25.3751],[67.3799,25.363],[67.3592,25.3087],[67.3327,25.3003],[67.3214,25.2692],[67.2845,25.2226],[67.2841,25.1994],[67.2741,25.1865],[67.3098,25.1643],[67.3156,25.151],[67.3575,25.1479],[67.4629,25.0987],[67.4919,25.0782],[67.5093,25.0566],[67.518,24.9847],[67.5588,24.9693],[67.5871,24.9713],[67.6384,25.0159],[67.6576,25.0154],[67.7002,25.0013],[67.7129,25.0048],[67.7362,25.0618],[67.7666,25.0832],[67.8064,25.0943],[67.8151,25.1179],[67.8276,25.19],[67.8203,25.2142],[67.8443,25.2376],[67.8533,25.2586],[67.8743,25.2709],[67.886,25.2905],[67.906,25.3015],[67.9138,25.3287],[67.9066,25.3602],[67.9301,25.3756],[67.9393,25.4073],[67.9181,25.4533],[67.9092,25.4911],[67.8843,25.5245],[67.8849,25.5714],[67.8976,25.6065],[67.891,25.6609],[67.8824,25.7295],[67.8852,25.7442],[67.8739,25.7959],[67.8735,25.8587],[67.8828,25.9034],[67.8927,25.9199],[67.8895,25.9668],[67.8715,26.0005],[67.8708,26.0262],[67.8596,26.0484]]]]}},{"type":"Feature","properties":{"province_name":"Sindh","district_name":"Kambar Shahdad Kot","tehsil_name":"Meero Khan","tehsil_code":"PK70901","area_km2":469.5773282472597},"geometry":{"type":"MultiPolygon","coordinates":[[[[68.0794,27.687],[68.0712,27.7213],[68.0934,27.7292],[68.093,27.7498],[68.0715,27.7635],[68.0702,27.8026],[68.0222,27.8447],[68.0163,27.8619],[67.9995,27.8679],[67.9532,27.8109],[67.9264,27.8307],[67.9166,27.8204],[67.881,27.8182],[67.8697,27.7623],[67.8114,27.8039],[67.7862,27.8217],[67.7747,27.8154],[67.7724,27.7653],[67.7585,27.75],[67.7664,27.7264],[67.7625,27.7093],[67.785,27.7009],[67.8519,27.6895],[67.873,27.6746],[67.8914,27.6792],[67.9006,27.6645],[67.9469,27.6607],[67.9894,27.6508],[68.0044,27.6835],[68.0562,27.6994],[68.0794,27.687]]]]}},{"type":"Feature","properties":{"province_name":"Sindh","district_name":"Kambar Shahdad Kot","tehsil_name":"Nasir Abad","tehsil_code":"PK70902","area_km2":362.37952163987495},"geometry":{"type":"MultiPolygon","coordinates":[[[[68.0778,27.5584],[68.0487,27.5544],[68.0467,27.5817],[68.0191,27.5675],[67.9936,27.5312],[68.0136,27.4961],[68.0077,27.4813],[67.9888,27.4782],[67.982,27.4488],[67.9418,27.4365],[67.931,27.4111],[67.9056,27.4249],[67.8749,27.4091],[67.8415,27.4156],[67.7981,27.4154],[67.8,27.3615],[67.7967,27.3201],[67.7891,27.3004],[67.8256,27.3031],[67.8682,27.3177],[67.9305,27.2934],[67.9954,27.2924],[68.0005,27.3314],[68.0216,27.3733],[68.0492,27.3663],[68.0549,27.3887],[68.0405,27.3829],[68.0018,27.4086],[68.0252,27.4405],[68.0307,27.4609],[68.0511,27.4884],[68.0501,27.5223],[68.0746,27.5382],[68.0798,27.558],[68.0778,27.5584]]]]}},{"type":"Feature","properties":{"province_name":"Sindh","district_name":"Kambar Shahdad Kot","tehsil_name":"Qambar Ali Khan","tehsil_code":"PK70903","area_km2":2233.228159477388},"geometry":{"type":"MultiPolygon","coordinates":[[[[67.7625,27.7093],[67.7393,27.709],[67.682,27.6959],[67.6513,27.7058],[67.6373,27.7193],[67.6198,27.7518],[67.5799,27.7833],[67.5451,27.7948],[67.5474,27.7333],[67.5533,27.6854],[67.5325,27.6705],[67.4875,27.6733],[67.4597,27.6624],[67.4206,27.6783],[67.4113,27.6699],[67.385,27.6818],[67.2964,27.6902],[67.2542,27.6585],[67.2361,27.5944],[67.2205,27.563],[67.1829,27.5323],[67.1752,27.4472],[67.2053,27.4255],[67.2359,27.4156],[67.2643,27.3929],[67.2984,27.3871],[67.3143,27.3671],[67.3384,27.3759],[67.3615,27.358],[67.3758,27.3831],[67.405,27.3788],[67.4492,27.3553],[67.5029,27.3188],[67.534,27.386],[67.5389,27.432],[67.5482,27.4451],[67.5475,27.4693],[67.5663,27.4743],[67.6355,27.4719],[67.7056,27.4786],[67.7195,27.5435],[67.7908,27.5551],[67.7886,27.533],[67.821,27.528],[67.8577,27.5295],[67.8879,27.5158],[67.9104,27.5265],[67.9471,27.5138],[67.9735,27.5149],[67.9888,27.4782],[68.0077,27.4813],[68.0136,27.4961],[67.9936,27.5312],[68.0191,27.5675],[68.0467,27.5817],[68.0487,27.5544],[68.0778,27.5584],[68.0986,27.5825],[68.1228,27.6256],[68.108,27.6887],[68.0794,27.687],[68.0562,27.6994],[68.0044,27.6835],[67.9894,27.6508],[67.9469,27.6607],[67.9006,27.6645],[67.8914,27.6792],[67.873,27.6746],[67.8519,27.6895],[67.785,27.7009],[67.7625,27.7093]]]]}},{"type":"Feature","properties":{"province_name":"Sindh","district_name":"Kambar Shahdad Kot","tehsil_name":"Qubo Saeed Khan","tehsil_code":"PK70904","area_km2":1033.27204517906},"geometry":{"type":"MultiPolygon","coordinates":[[[[67.7853,27.9495],[67.6707,27.9342],[67.5796,27.9193],[67.5494,27.9015],[67.5332,27.9068],[67.4259,27.8928],[67.3942,27.9097],[67.3849,27.8649],[67.3547,27.7959],[67.3571,27.768],[67.3411,27.7317],[67.2964,27.6902],[67.385,27.6818],[67.4113,27.6699],[67.4206,27.6783],[67.4597,27.6624],[67.4875,27.6733],[67.5325,27.6705],[67.5533,27.6854],[67.5474,27.7333],[67.5451,27.7948],[67.5799,27.7833],[67.6198,27.7518],[67.6373,27.7193],[67.6513,27.7058],[67.682,27.6959],[67.7393,27.709],[67.7625,27.7093],[67.7664,27.7264],[67.7585,27.75],[67.7724,27.7653],[67.7747,27.8154],[67.7862,27.8217],[67.8114,27.8039],[67.8326,27.86],[67.8561,27.9024],[67.8012,27.904],[67.8002,27.9319],[67.7853,27.9495]]]]}},{"type":"Feature","properties":{"province_name":"Sindh","district_name":"Kambar Shahdad Kot","tehsil_name":"Shahdad Kot","tehsil_code":"PK70905","area_km2":447.1660920227659},"geometry":{"type":"MultiPolygon","coordinates":[[[[68.1201,27.9347],[68.0947,27.9737],[68.081,27.9817],[68.0542,27.9806],[68.0239,27.9897],[68.0046,27.9788],[67.9644,27.983],[67.94,27.9779],[67.913,27.9943],[67.8689,27.9992],[67.8548,27.9912],[67.818,27.9867],[67.7944,27.9762],[67.7853,27.9495],[67.8002,27.9319],[67.8012,27.904],[67.8561,27.9024],[67.8326,27.86],[67.8114,27.8039],[67.8697,27.7623],[67.881,27.8182],[67.9166,27.8204],[67.9264,27.8307],[67.9532,27.8109],[67.9995,27.8679],[68.0151,27.873],[68.0189,27.9002],[68.0598,27.9031],[68.0783,27.9213],[68.1177,27.9271],[68.1201,27.9347]]]]}},{"type":"Feature","properties":{"province_name":"Sindh","district_name":"Kambar Shahdad Kot","tehsil_name":"Sijawal Junejo","tehsil_code":"PK70906","area_km2":289.35611415715067},"geometry":{"type":"MultiPolygon","coordinates":[[[[68.1956,27.7092],[68.1939,27.7229],[68.1729,27.7474],[68.176,27.7799],[68.1892,27.7989],[68.1881,27.8219],[68.1715,27.8615],[68.1441,27.8879],[68.1177,27.9271],[68.0783,27.9213],[68.0598,27.9031],[68.0189,27.9002],[68.0151,27.873],[67.9995,27.8679],[68.0163,27.8619],[68.0222,27.8447],[68.0702,27.8026],[68.0715,27.7635],[68.093,27.7498],[68.0934,27.7292],[68.0712,27.7213],[68.0794,27.687],[68.108,27.6887],[68.129,27.6838],[68.1643,27.6877],[68.1956,27.7092]]]]}},{"type":"Feature","properties":{"province_name":"Sindh","district_name":"Kambar Shahdad Kot","tehsil_name":"Warah","tehsil_code":"PK70907","area_km2":760.0540043303599},"geometry":{"type":"MultiPolygon","coordinates":[[[[67.9888,27.4782],[67.9735,27.5149],[67.9471,27.5138],[67.9104,27.5265],[67.8879,27.5158],[67.8577,27.5295],[67.821,27.528],[67.7886,27.533],[67.7908,27.5551],[67.7195,27.5435],[67.7056,27.4786],[67.6355,27.4719],[67.5663,27.4743],[67.5475,27.4693],[67.5482,27.4451],[67.5389,27.432],[67.534,27.386],[67.5029,27.3188],[67.557,27.3177],[67.5963,27.3114],[67.6265,27.3233],[67.6409,27.3213],[67.6579,27.3023],[67.6936,27.2994],[67.7891,27.3004],[67.7967,27.3201],[67.8,27.3615],[67.7981,27.4154],[67.8415,27.4156],[67.8749,27.4091],[67.9056,27.4249],[67.931,27.4111],[67.9418,27.4365],[67.982,27.4488],[67.9888,27.4782]]]]}},{"type":"Feature","properties":{"province_name":"Sindh","district_name":"Kashmore","tehsil_name":"Kandh Kot","tehsil_code":"PK71001","area_km2":641.8393932139489},"geometry":{"type":"MultiPolygon","coordinates":[[[[69.232,28.3884],[69.167,28.3923],[69.1615,28.3734],[69.1358,28.3449],[69.1042,28.344],[69.0683,28.323],[69.0681,28.2754],[69.0938,28.2672],[69.1064,28.2439],[69.1392,28.2235],[69.1455,28.1633],[69.1425,28.1517],[69.1103,28.1593],[69.0812,28.1379],[69.0368,28.1279],[69.0162,28.1169],[69.0031,28.0857],[69.0336,28.0656],[69.0647,28.0254],[69.0664,28.0091],[69.0837,27.9894],[69.1158,28.0124],[69.1633,27.9898],[69.1864,27.9933],[69.2001,28.0025],[69.1942,28.0282],[69.2035,28.05],[69.2012,28.069],[69.2263,28.0926],[69.2542,28.098],[69.2586,28.1134],[69.2559,28.1602],[69.2785,28.1992],[69.2843,28.2235],[69.2577,28.2616],[69.2321,28.3104],[69.2118,28.3161],[69.2114,28.3339],[69.232,28.3884]]]]}},{"type":"Feature","properties":{"province_name":"Sindh","district_name":"Kashmore","tehsil_name":"Kashmore","tehsil_code":"PK71002","area_km2":1138.017801054755},"geometry":{"type":"MultiPolygon","coordinates":[[[[69.7309,28.4197],[69.6815,28.4302],[69.647,28.4284],[69.6048,28.4405],[69.6245,28.4675],[69.5213,28.4845],[69.4756,28.4838],[69.4372,28.4753],[69.4136,28.4482],[69.3638,28.4456],[69.2642,28.4456],[69.232,28.3884],[69.2114,28.3339],[69.2118,28.3161],[69.2321,28.3104],[69.2577,28.2616],[69.2843,28.2235],[69.2785,28.1992],[69.2559,28.1602],[69.2586,28.1134],[69.2542,28.098],[69.2796,28.109],[69.334,28.1234],[69.3654,28.1593],[69.385,28.1669],[69.4002,28.1571],[69.4428,28.151],[69.4593,28.1831],[69.4792,28.2037],[69.468,28.2175],[69.4803,28.2427],[69.4751,28.2648],[69.5146,28.2408],[69.5243,28.2676],[69.538,28.2666],[69.5633,28.2478],[69.5973,28.2452],[69.5943,28.2801],[69.5534,28.3524],[69.5325,28.3832],[69.5592,28.3951],[69.588,28.3493],[69.6316,28.3531],[69.6508,28.3456],[69.6734,28.3525],[69.6948,28.3835],[69.7497,28.4042],[69.7309,28.4197]]]]}},{"type":"Feature","properties":{"province_name":"Sindh","district_name":"Kashmore","tehsil_name":"Tangwani","tehsil_code":"PK71003","area_km2":832.9985825013079},"geometry":{"type":"MultiPolygon","coordinates":[[[[69.2642,28.4456],[69.1275,28.4406],[69.0013,28.4312],[68.9201,28.4302],[68.929,28.3136],[68.9224,28.2768],[68.8876,28.295],[68.8572,28.2407],[68.8507,28.2205],[68.8199,28.2136],[68.834,28.1837],[68.8668,28.1917],[68.9034,28.1884],[68.9105,28.1384],[68.91,28.1102],[68.9291,28.0882],[68.9686,28.0797],[69.0031,28.0857],[69.0162,28.1169],[69.0368,28.1279],[69.0812,28.1379],[69.1103,28.1593],[69.1425,28.1517],[69.1455,28.1633],[69.1392,28.2235],[69.1064,28.2439],[69.0938,28.2672],[69.0681,28.2754],[69.0683,28.323],[69.1042,28.344],[69.1358,28.3449],[69.1615,28.3734],[69.167,28.3923],[69.232,28.3884],[69.2642,28.4456]]]]}},{"type":"Feature","properties":{"province_name":"Sindh","district_name":"Khairpur","tehsil_name":"Faiz Ganj","tehsil_code":"PK71101","area_km2":995.653586763302},"geometry":{"type":"MultiPolygon","coordinates":[[[[68.6238,26.9235],[68.613,26.9204],[68.5382,26.9234],[68.493,26.9465],[68.4455,26.952],[68.4279,26.9384],[68.3888,26.9479],[68.3709,26.946],[68.3444,26.906],[68.3252,26.8965],[68.3274,26.8736],[68.3174,26.8205],[68.3215,26.8052],[68.328,26.7888],[68.2956,26.6903],[68.2885,26.6557],[68.3568,26.6301],[68.4007,26.627],[68.4765,26.6121],[68.5127,26.6145],[68.5786,26.6019],[68.5801,26.6526],[68.5877,26.7262],[68.5981,26.7444],[68.6267,26.861],[68.63,26.9108],[68.6238,26.9235]]]]}},{"type":"Feature","properties":{"province_name":"Sindh","district_name":"Khairpur","tehsil_name":"Gambat","tehsil_code":"PK71102","area_km2":571.438716329967},"geometry":{"type":"MultiPolygon","coordinates":[[[[68.4531,27.6167],[68.4407,27.606],[68.3688,27.6035],[68.3517,27.6091],[68.3327,27.5834],[68.3476,27.5522],[68.3365,27.5244],[68.3029,27.5021],[68.2722,27.4926],[68.3001,27.4258],[68.3472,27.3752],[68.3777,27.3471],[68.4065,27.3353],[68.4485,27.3386],[68.4835,27.3211],[68.5214,27.2702],[68.5277,27.3209],[68.5322,27.345],[68.5497,27.369],[68.5238,27.4202],[68.4975,27.4354],[68.5136,27.5313],[68.5115,27.5456],[68.4864,27.5724],[68.4531,27.6167]]]]}},{"type":"Feature","properties":{"province_name":"Sindh","district_name":"Khairpur","tehsil_name":"Khairpur","tehsil_code":"PK71103","area_km2":482.7364059528014},"geometry":{"type":"MultiPolygon","coordinates":[[[[68.8433,27.668],[68.8157,27.6724],[68.7976,27.6899],[68.7562,27.6917],[68.766,27.6601],[68.7521,27.6378],[68.7549,27.6184],[68.7407,27.6006],[68.7121,27.5862],[68.6937,27.5642],[68.6421,27.5256],[68.5873,27.4922],[68.5681,27.468],[68.5536,27.4356],[68.5238,27.4202],[68.5497,27.369],[68.5322,27.345],[68.5277,27.3209],[68.6986,27.4548],[68.7109,27.4802],[68.7821,27.472],[68.8004,27.4624],[68.8306,27.4341],[68.85,27.4167],[68.8821,27.399],[68.8919,27.4135],[68.867,27.442],[68.891,27.4756],[68.8827,27.4816],[68.8366,27.4751],[68.8302,27.5014],[68.8072,27.5034],[68.8058,27.5553],[68.8186,27.5888],[68.8407,27.6234],[68.8682,27.625],[68.8433,27.668]]]]}},{"type":"Feature","properties":{"province_name":"Sindh","district_name":"Khairpur","tehsil_name":"Kingri","tehsil_code":"PK71104","area_km2":672.6218427186285},"geometry":{"type":"MultiPolygon","coordinates":[[[[68.6898,27.7764],[68.653,27.7794],[68.6404,27.7814],[68.5987,27.7249],[68.5613,27.7092],[68.5106,27.7185],[68.4623,27.685],[68.4972,27.6414],[68.4823,27.6196],[68.4531,27.6167],[68.4864,27.5724],[68.5115,27.5456],[68.5136,27.5313],[68.4975,27.4354],[68.5238,27.4202],[68.5536,27.4356],[68.5681,27.468],[68.5873,27.4922],[68.6421,27.5256],[68.6937,27.5642],[68.7121,27.5862],[68.7407,27.6006],[68.7549,27.6184],[68.7521,27.6378],[68.766,27.6601],[68.7562,27.6917],[68.7976,27.6899],[68.7786,27.7127],[68.7844,27.7345],[68.7571,27.7246],[68.7196,27.7287],[68.7018,27.7453],[68.6898,27.7764]]]]}},{"type":"Feature","properties":{"province_name":"Sindh","district_name":"Khairpur","tehsil_name":"Kot Diji","tehsil_code":"PK71105","area_km2":506.33142135648467},"geometry":{"type":"MultiPolygon","coordinates":[[[[68.8306,27.4341],[68.8004,27.4624],[68.7821,27.472],[68.7109,27.4802],[68.6986,27.4548],[68.5277,27.3209],[68.5214,27.2702],[68.5166,27.2532],[68.5474,27.2248],[68.5856,27.1785],[68.6132,27.1774],[68.6254,27.1633],[68.6645,27.1613],[68.6763,27.2319],[68.6642,27.2492],[68.6714,27.2723],[68.6924,27.3035],[68.7334,27.3324],[68.7794,27.3578],[68.8168,27.423],[68.8306,27.4341]]]]}},{"type":"Feature","properties":{"province_name":"Sindh","district_name":"Khairpur","tehsil_name":"Nara","tehsil_code":"PK71106","area_km2":11582.925266521304},"geometry":{"type":"MultiPolygon","coordinates":[[[[69.5356,27.0656],[69.4966,27.0745],[69.4668,27.0979],[69.4015,27.1156],[69.3804,27.1246],[69.328,27.1569],[69.2502,27.1786],[69.1998,27.1856],[69.1766,27.1844],[69.1432,27.2015],[69.1064,27.2083],[69.0561,27.2002],[69.0082,27.2016],[68.9322,27.2294],[68.8903,27.2549],[68.8375,27.2928],[68.8305,27.3047],[68.8392,27.3586],[68.8635,27.3734],[68.8821,27.399],[68.85,27.4167],[68.8306,27.4341],[68.8168,27.423],[68.7794,27.3578],[68.7334,27.3324],[68.6924,27.3035],[68.6714,27.2723],[68.6642,27.2492],[68.6763,27.2319],[68.6645,27.1613],[68.6825,27.1367],[68.6616,27.117],[68.6523,27.0917],[68.6559,27.0709],[68.6709,27.0485],[68.6639,27.017],[68.6301,26.9847],[68.6226,26.9605],[68.6298,26.9359],[68.6238,26.9235],[68.63,26.9108],[68.6267,26.861],[68.5981,26.7444],[68.5877,26.7262],[68.5801,26.6526],[68.5786,26.6019],[68.6725,26.5929],[68.713,26.5932],[68.7583,26.5869],[68.8041,26.5624],[68.8209,26.5429],[68.8351,26.5023],[68.8492,26.4822],[68.8472,26.4368],[68.9191,26.4692],[68.9423,26.4304],[68.9525,26.3715],[68.9831,26.3617],[69.0177,26.2984],[69.062,26.2892],[69.0534,26.2598],[69.0806,26.2548],[69.0729,26.2367],[69.1167,26.2224],[69.1727,26.2247],[69.2352,26.2377],[69.2462,26.2336],[69.4082,26.2137],[69.5002,26.212],[69.5701,26.2002],[69.6022,26.2125],[69.6594,26.2119],[69.6885,26.2057],[69.7588,26.2029],[69.8371,26.2056],[69.8945,26.1905],[69.9441,26.1823],[70.0083,26.1769],[70.0743,26.1527],[70.112,26.1496],[70.1272,26.1405],[70.1594,26.1945],[70.1727,26.2451],[70.1653,26.2772],[70.1667,26.307],[70.1783,26.3498],[70.176,26.4333],[70.1839,26.4868],[70.1677,26.5508],[70.1502,26.5683],[70.1069,26.5895],[70.0662,26.5993],[70.0249,26.5987],[69.9183,26.5826],[69.8555,26.5829],[69.8154,26.5922],[69.7719,26.6138],[69.7219,26.6538],[69.5224,26.736],[69.5077,26.7485],[69.4837,26.8062],[69.5009,26.9003],[69.5036,26.9433],[69.5132,27.0169],[69.5356,27.0656]]]]}},{"type":"Feature","properties":{"province_name":"Sindh","district_name":"Khairpur","tehsil_name":"Sobho Dero","tehsil_code":"PK71107","area_km2":508.448825386207},"geometry":{"type":"MultiPolygon","coordinates":[[[[68.5214,27.2702],[68.4835,27.3211],[68.4485,27.3386],[68.4065,27.3353],[68.3777,27.3471],[68.3472,27.3752],[68.3141,27.3543],[68.2605,27.355],[68.2236,27.3338],[68.2091,27.2859],[68.1891,27.2674],[68.1807,27.2519],[68.1877,27.2288],[68.2022,27.2354],[68.2317,27.2199],[68.2829,27.2088],[68.3166,27.2067],[68.337,27.2062],[68.3539,27.1895],[68.3482,27.168],[68.3622,27.1552],[68.4021,27.1348],[68.417,27.1202],[68.5011,27.257],[68.5166,27.2532],[68.5214,27.2702]]]]}},{"type":"Feature","properties":{"province_name":"Sindh","district_name":"Khairpur","tehsil_name":"Thari Meer Wah","tehsil_code":"PK71108","area_km2":673.5681613089852},"geometry":{"type":"MultiPolygon","coordinates":[[[[68.6645,27.1613],[68.6254,27.1633],[68.6132,27.1774],[68.5856,27.1785],[68.5474,27.2248],[68.5166,27.2532],[68.5011,27.257],[68.417,27.1202],[68.4467,27.0681],[68.446,27.0363],[68.4276,27.0055],[68.3837,26.9782],[68.3709,26.946],[68.3888,26.9479],[68.4279,26.9384],[68.4455,26.952],[68.493,26.9465],[68.5382,26.9234],[68.613,26.9204],[68.6238,26.9235],[68.6298,26.9359],[68.6226,26.9605],[68.6301,26.9847],[68.6639,27.017],[68.6709,27.0485],[68.6559,27.0709],[68.6523,27.0917],[68.6616,27.117],[68.6825,27.1367],[68.6645,27.1613]]]]}},{"type":"Feature","properties":{"province_name":"Sindh","district_name":"Korangi Karachi","tehsil_name":"Korangi Town","tehsil_code":"PK71201","area_km2":65.11723769440492},"geometry":{"type":"MultiPolygon","coordinates":[[[[67.1479,24.8698],[67.1174,24.8651],[67.09,24.8591],[67.0749,24.8304],[67.0799,24.7981],[67.0907,24.7921],[67.1088,24.7972],[67.1179,24.7816],[67.1352,24.7837],[67.1377,24.7967],[67.1739,24.8109],[67.1726,24.8205],[67.1546,24.8378],[67.1479,24.8698]]]]}},{"type":"Feature","properties":{"province_name":"Sindh","district_name":"Korangi Karachi","tehsil_name":"Landhi Town","tehsil_code":"PK71202","area_km2":22.35553325802493},"geometry":{"type":"MultiPolygon","coordinates":[[[[67.1963,24.8594],[67.1781,24.8577],[67.1479,24.8698],[67.1546,24.8378],[67.1726,24.8205],[67.1895,24.8126],[67.2169,24.8436],[67.1963,24.8594]]]]}},{"type":"Feature","properties":{"province_name":"Sindh","district_name":"Korangi Karachi","tehsil_name":"Shah Faisal Town","tehsil_code":"PK71203","area_km2":16.82661320746871},"geometry":{"type":"MultiPolygon","coordinates":[[[[67.1445,24.8868],[67.1324,24.8873],[67.1174,24.8651],[67.1479,24.8698],[67.1781,24.8577],[67.1963,24.8594],[67.2055,24.8632],[67.1705,24.8855],[67.1445,24.8868]]]]}},{"type":"Feature","properties":{"province_name":"Sindh","district_name":"Larkana","tehsil_name":"Baqrani","tehsil_code":"PK71301","area_km2":523.750103371648},"geometry":{"type":"MultiPolygon","coordinates":[[[[68.2722,27.4926],[68.242,27.4699],[68.213,27.4567],[68.1988,27.4807],[68.222,27.5077],[68.2093,27.524],[68.1824,27.525],[68.1615,27.5523],[68.1479,27.5387],[68.1165,27.5339],[68.0964,27.5642],[68.0798,27.558],[68.0746,27.5382],[68.0501,27.5223],[68.0511,27.4884],[68.0307,27.4609],[68.0252,27.4405],[68.0018,27.4086],[68.0405,27.3829],[68.0549,27.3887],[68.0782,27.4016],[68.0882,27.3731],[68.102,27.3642],[68.1326,27.3668],[68.1318,27.3386],[68.1605,27.3109],[68.1573,27.2908],[68.1891,27.2674],[68.2091,27.2859],[68.2236,27.3338],[68.2605,27.355],[68.3141,27.3543],[68.3472,27.3752],[68.3001,27.4258],[68.2722,27.4926]]]]}},{"type":"Feature","properties":{"province_name":"Sindh","district_name":"Larkana","tehsil_name":"Dokri","tehsil_code":"PK71302","area_km2":405.093770830869},"geometry":{"type":"MultiPolygon","coordinates":[[[[68.1891,27.2674],[68.1573,27.2908],[68.1605,27.3109],[68.1318,27.3386],[68.1326,27.3668],[68.102,27.3642],[68.0882,27.3731],[68.0782,27.4016],[68.0549,27.3887],[68.0492,27.3663],[68.0216,27.3733],[68.0005,27.3314],[67.9954,27.2924],[67.9853,27.2762],[67.9536,27.2494],[67.9548,27.2275],[67.9397,27.2211],[67.9411,27.2022],[67.9903,27.172],[68.0005,27.1604],[68.0483,27.129],[68.085,27.1373],[68.0807,27.1641],[68.0985,27.194],[68.1258,27.1988],[68.1678,27.2295],[68.1877,27.2288],[68.1807,27.2519],[68.1891,27.2674]]]]}},{"type":"Feature","properties":{"province_name":"Sindh","district_name":"Larkana","tehsil_name":"Larkana","tehsil_code":"PK71303","area_km2":400.6986638451619},"geometry":{"type":"MultiPolygon","coordinates":[[[[68.3517,27.6091],[68.3405,27.6263],[68.3185,27.6051],[68.2971,27.6064],[68.2743,27.6299],[68.2722,27.6491],[68.2343,27.6925],[68.1989,27.6997],[68.1956,27.7092],[68.1643,27.6877],[68.129,27.6838],[68.108,27.6887],[68.1228,27.6256],[68.0986,27.5825],[68.0778,27.5584],[68.0798,27.558],[68.0964,27.5642],[68.1165,27.5339],[68.1479,27.5387],[68.1615,27.5523],[68.1824,27.525],[68.2093,27.524],[68.222,27.5077],[68.1988,27.4807],[68.213,27.4567],[68.242,27.4699],[68.2722,27.4926],[68.3029,27.5021],[68.3365,27.5244],[68.3476,27.5522],[68.3327,27.5834],[68.3517,27.6091]]]]}},{"type":"Feature","properties":{"province_name":"Sindh","district_name":"Larkana","tehsil_name":"Rato Dero","tehsil_code":"PK71304","area_km2":590.2675766644306},"geometry":{"type":"MultiPolygon","coordinates":[[[[68.2449,27.9242],[68.2296,27.933],[68.2037,27.9217],[68.1934,27.934],[68.1479,27.9379],[68.1201,27.9347],[68.1177,27.9271],[68.1441,27.8879],[68.1715,27.8615],[68.1881,27.8219],[68.1892,27.7989],[68.176,27.7799],[68.1729,27.7474],[68.1939,27.7229],[68.1956,27.7092],[68.1989,27.6997],[68.2343,27.6925],[68.2722,27.6491],[68.2743,27.6299],[68.2971,27.6064],[68.3185,27.6051],[68.3405,27.6263],[68.3517,27.6091],[68.3688,27.6035],[68.4407,27.606],[68.4531,27.6167],[68.4823,27.6196],[68.4972,27.6414],[68.4623,27.685],[68.4393,27.6945],[68.4334,27.7103],[68.3944,27.7176],[68.3776,27.7345],[68.3439,27.75],[68.337,27.7909],[68.29,27.8445],[68.294,27.8571],[68.2696,27.8705],[68.2561,27.8895],[68.2449,27.9242]]]]}},{"type":"Feature","properties":{"province_name":"Sindh","district_name":"Malir Karachi","tehsil_name":"Bin Qasim Town","tehsil_code":"PK71401","area_km2":737.5150514647016},"geometry":{"type":"MultiPolygon","coordinates":[[[[67.5809,24.7987],[67.5721,24.8327],[67.5363,24.9013],[67.5257,24.9323],[67.518,24.9847],[67.4319,24.9566],[67.3927,24.9605],[67.3144,24.906],[67.3007,24.937],[67.2729,24.9198],[67.235,24.8771],[67.2182,24.8793],[67.2055,24.8632],[67.1963,24.8594],[67.2169,24.8436],[67.1895,24.8126],[67.1726,24.8205],[67.1739,24.8109],[67.1377,24.7967],[67.1352,24.7837],[67.1547,24.7937],[67.183,24.7828],[67.21,24.8115],[67.2354,24.804],[67.2486,24.7842],[67.2746,24.7903],[67.3355,24.7716],[67.3755,24.7834],[67.4237,24.7731],[67.4439,24.7819],[67.4355,24.825],[67.4362,24.8454],[67.466,24.8458],[67.4889,24.8343],[67.5014,24.8105],[67.518,24.8006],[67.5704,24.7882],[67.5809,24.7987]]],[[[67.216,24.6635],[67.2031,24.6793],[67.1721,24.6663],[67.182,24.6368],[67.2171,24.6259],[67.2562,24.5972],[67.2728,24.6032],[67.283,24.6271],[67.2566,24.6611],[67.216,24.6635]]],[[[67.3105,24.7737],[67.2857,24.7662],[67.2676,24.745],[67.2352,24.7209],[67.2442,24.7116],[67.2628,24.7206],[67.2878,24.7417],[67.3107,24.7466],[67.326,24.7352],[67.3418,24.7556],[67.3105,24.7737]]],[[[67.1307,24.7553],[67.113,24.7399],[67.1233,24.7035],[67.144,24.6931],[67.1525,24.7354],[67.1307,24.7553]]],[[[67.1992,24.7243],[67.218,24.727],[67.2482,24.7424],[67.2306,24.7604],[67.1861,24.7407],[67.1992,24.7243]]],[[[67.2095,24.7893],[67.1916,24.775],[67.1624,24.7731],[67.1825,24.7513],[67.1972,24.7666],[67.227,24.7762],[67.2095,24.7893]]],[[[67.2434,24.6757],[67.2199,24.6909],[67.2095,24.7161],[67.1889,24.6911],[67.2137,24.6807],[67.2222,24.6678],[67.2434,24.6757]]],[[[67.2803,24.7848],[67.2607,24.7854],[67.2399,24.7743],[67.257,24.7509],[67.2889,24.7778],[67.2803,24.7848]]]]}},{"type":"Feature","properties":{"province_name":"Sindh","district_name":"Malir Karachi","tehsil_name":"Gadap Town","tehsil_code":"PK71402","area_km2":1971.703957141519},"geometry":{"type":"MultiPolygon","coordinates":[[[[67.518,24.9847],[67.5093,25.0566],[67.4919,25.0782],[67.4629,25.0987],[67.3575,25.1479],[67.3156,25.151],[67.3098,25.1643],[67.2741,25.1865],[67.2841,25.1994],[67.2845,25.2226],[67.3214,25.2692],[67.3327,25.3003],[67.3592,25.3087],[67.3799,25.363],[67.3766,25.3751],[67.3902,25.4113],[67.4129,25.4544],[67.3978,25.4975],[67.393,25.5443],[67.3935,25.5958],[67.3771,25.6431],[67.321,25.6405],[67.3114,25.6109],[67.2921,25.5827],[67.2571,25.5657],[67.2553,25.5442],[67.244,25.5234],[67.2011,25.4996],[67.1882,25.4748],[67.1633,25.4525],[67.1622,25.3954],[67.1391,25.3573],[67.1346,25.3169],[67.1137,25.2866],[67.1102,25.2671],[67.0897,25.2412],[67.0355,25.2055],[67.0083,25.1623],[67.0034,25.1271],[67.0051,25.0978],[67.044,25.0957],[67.0725,25.0868],[67.09,25.065],[67.1205,25.0128],[67.1897,25.0113],[67.2257,24.9822],[67.1923,24.9673],[67.1923,24.9558],[67.2138,24.9381],[67.2382,24.9341],[67.2265,24.9039],[67.2182,24.8793],[67.235,24.8771],[67.2729,24.9198],[67.3007,24.937],[67.3144,24.906],[67.3927,24.9605],[67.4319,24.9566],[67.518,24.9847]]]]}},{"type":"Feature","properties":{"province_name":"Sindh","district_name":"Malir Karachi","tehsil_name":"Malir Town","tehsil_code":"PK71403","area_km2":17.479030296748988},"geometry":{"type":"MultiPolygon","coordinates":[[[[67.2265,24.9039],[67.1785,24.906],[67.1705,24.8855],[67.2055,24.8632],[67.2182,24.8793],[67.2265,24.9039]]]]}},{"type":"Feature","properties":{"province_name":"Sindh","district_name":"Matiari","tehsil_name":"Hala","tehsil_code":"PK71501","area_km2":424.70714939652214},"geometry":{"type":"MultiPolygon","coordinates":[[[[68.4434,25.9092],[68.4324,25.8784],[68.3629,25.9089],[68.3341,25.9306],[68.3448,25.9676],[68.3387,25.9799],[68.3144,25.9683],[68.2651,25.9606],[68.2353,25.9263],[68.2356,25.9155],[68.2714,25.8832],[68.3184,25.8555],[68.3289,25.8304],[68.3269,25.793],[68.3006,25.7787],[68.3005,25.7623],[68.3163,25.7341],[68.4054,25.6915],[68.4615,25.6742],[68.4769,25.6993],[68.4702,25.7174],[68.4898,25.7338],[68.4794,25.7486],[68.429,25.7919],[68.4567,25.8381],[68.4917,25.8426],[68.5246,25.8613],[68.502,25.8661],[68.4833,25.8864],[68.4434,25.9092]]]]}},{"type":"Feature","properties":{"province_name":"Sindh","district_name":"Matiari","tehsil_name":"Matiari","tehsil_code":"PK71502","area_km2":712.0601883051878},"geometry":{"type":"MultiPolygon","coordinates":[[[[68.6678,25.6699],[68.649,25.6893],[68.6188,25.6912],[68.5903,25.7229],[68.5637,25.7386],[68.5581,25.7572],[68.5413,25.7721],[68.5441,25.7898],[68.5346,25.8189],[68.4967,25.8317],[68.4917,25.8426],[68.4567,25.8381],[68.429,25.7919],[68.4794,25.7486],[68.4898,25.7338],[68.4702,25.7174],[68.4769,25.6993],[68.4615,25.6742],[68.4528,25.6567],[68.3792,25.6321],[68.3538,25.6103],[68.3533,25.5984],[68.3789,25.5527],[68.4147,25.5483],[68.4447,25.5339],[68.4557,25.5025],[68.4797,25.4823],[68.5865,25.4358],[68.5882,25.4626],[68.6018,25.4795],[68.6117,25.5173],[68.6009,25.5319],[68.668,25.5917],[68.6503,25.6343],[68.6678,25.6699]]]]}},{"type":"Feature","properties":{"province_name":"Sindh","district_name":"Matiari","tehsil_name":"Saeedabad","tehsil_code":"PK71503","area_km2":320.1183426138399},"geometry":{"type":"MultiPolygon","coordinates":[[[[68.4434,25.9092],[68.4482,25.9209],[68.478,25.9347],[68.4796,25.9635],[68.5025,25.9998],[68.503,26.0309],[68.496,26.0454],[68.4457,26.0418],[68.4328,26.0713],[68.4044,26.0971],[68.3846,26.1062],[68.3686,26.0961],[68.338,26.0595],[68.3241,26.0183],[68.3061,26.0147],[68.2775,25.9927],[68.2651,25.9606],[68.3144,25.9683],[68.3387,25.9799],[68.3448,25.9676],[68.3341,25.9306],[68.3629,25.9089],[68.4324,25.8784],[68.4434,25.9092]]]]}},{"type":"Feature","properties":{"province_name":"Sindh","district_name":"Mirpur Khas","tehsil_name":"Digri","tehsil_code":"PK71601","area_km2":607.6658327203426},"geometry":{"type":"MultiPolygon","coordinates":[[[[69.0722,25.3044],[69.0414,25.3123],[68.9792,25.3189],[68.9663,25.3123],[68.9659,25.2986],[68.9751,25.1513],[68.9912,25.1186],[69.0368,25.0907],[69.0727,25.0789],[69.0853,25.0674],[69.0925,25.0432],[69.1299,25.0193],[69.1292,24.9949],[69.1538,24.9847],[69.1716,24.9542],[69.1884,24.9508],[69.2252,24.9603],[69.2795,24.9603],[69.2679,24.9968],[69.2431,24.9841],[69.1814,25.0005],[69.1875,25.0276],[69.2332,25.0415],[69.2493,25.0545],[69.26,25.0895],[69.2325,25.099],[69.2244,25.1147],[69.1897,25.1548],[69.197,25.1749],[69.1724,25.1861],[69.1725,25.2254],[69.1252,25.2267],[69.0755,25.2501],[69.0722,25.3044]]]]}},{"type":"Feature","properties":{"province_name":"Sindh","district_name":"Mirpur Khas","tehsil_name":"Hussain Bux Muree","tehsil_code":"PK71602","area_km2":353.16506580849193},"geometry":{"type":"MultiPolygon","coordinates":[[[[69.0201,25.717],[68.9893,25.6998],[68.9233,25.7508],[68.9148,25.7364],[68.879,25.732],[68.8803,25.7027],[68.8984,25.6699],[68.9055,25.6445],[68.8958,25.6142],[68.8839,25.5428],[68.8958,25.499],[68.9175,25.4986],[68.9594,25.5135],[68.9792,25.5126],[68.9835,25.5565],[69.0396,25.5507],[69.0499,25.5636],[69.077,25.5688],[69.0675,25.6328],[69.0421,25.6404],[69.0381,25.6853],[69.0201,25.717]]]]}},{"type":"Feature","properties":{"province_name":"Sindh","district_name":"Mirpur Khas","tehsil_name":"Jhudo","tehsil_code":"PK71603","area_km2":536.457897648639},"geometry":{"type":"MultiPolygon","coordinates":[[[[69.4796,24.8826],[69.4718,24.8961],[69.4743,24.9475],[69.4615,24.9861],[69.446,24.9991],[69.4011,25.0527],[69.397,25.0703],[69.4076,25.0981],[69.3956,25.1314],[69.3814,25.1159],[69.3318,25.1101],[69.2801,25.0868],[69.26,25.0895],[69.2493,25.0545],[69.2332,25.0415],[69.1875,25.0276],[69.1814,25.0005],[69.2431,24.9841],[69.2679,24.9968],[69.2795,24.9603],[69.3132,24.9231],[69.3264,24.8854],[69.3194,24.8554],[69.3015,24.8252],[69.3239,24.8007],[69.3537,24.8089],[69.3913,24.8346],[69.4018,24.8479],[69.4516,24.8551],[69.4796,24.8826]]]]}},{"type":"Feature","properties":{"province_name":"Sindh","district_name":"Mirpur Khas","tehsil_name":"Kot Ghulam Muhammad","tehsil_code":"PK71604","area_km2":789.3971827042229},"geometry":{"type":"MultiPolygon","coordinates":[[[[69.2486,25.4094],[69.2141,25.4272],[69.188,25.4508],[69.1658,25.4332],[69.1093,25.4044],[69.1097,25.3836],[69.085,25.3742],[69.0695,25.3413],[69.0722,25.3044],[69.0755,25.2501],[69.1252,25.2267],[69.1725,25.2254],[69.1724,25.1861],[69.197,25.1749],[69.1897,25.1548],[69.2244,25.1147],[69.2325,25.099],[69.26,25.0895],[69.2801,25.0868],[69.3318,25.1101],[69.3814,25.1159],[69.3956,25.1314],[69.3877,25.148],[69.3742,25.1824],[69.3629,25.2342],[69.3647,25.2564],[69.3591,25.3021],[69.3264,25.327],[69.2916,25.3733],[69.2486,25.4094]]]]}},{"type":"Feature","properties":{"province_name":"Sindh","district_name":"Mirpur Khas","tehsil_name":"Mirpur Khas","tehsil_code":"PK71605","area_km2":110.5348895892595},"geometry":{"type":"MultiPolygon","coordinates":[[[[69.0428,25.4952],[69.0453,25.5264],[69.0396,25.5507],[68.9835,25.5565],[68.9792,25.5126],[68.9594,25.5135],[68.9175,25.4986],[68.8958,25.499],[68.9104,25.4681],[68.9306,25.4464],[68.9766,25.4537],[69.0091,25.4343],[69.0037,25.4689],[69.0455,25.4806],[69.0428,25.4952]]]]}},{"type":"Feature","properties":{"province_name":"Sindh","district_name":"Mirpur Khas","tehsil_name":"Shuja Abad","tehsil_code":"PK71606","area_km2":358.0311269517397},"geometry":{"type":"MultiPolygon","coordinates":[[[[69.174,25.5284],[69.1556,25.5243],[69.1078,25.5348],[69.1112,25.5035],[69.066,25.5113],[69.0428,25.4952],[69.0455,25.4806],[69.0037,25.4689],[69.0091,25.4343],[68.9766,25.4537],[68.9306,25.4464],[68.943,25.4268],[68.9593,25.3886],[68.9663,25.3123],[68.9792,25.3189],[69.0414,25.3123],[69.0722,25.3044],[69.0695,25.3413],[69.085,25.3742],[69.1097,25.3836],[69.1093,25.4044],[69.1658,25.4332],[69.188,25.4508],[69.1918,25.4935],[69.1886,25.5268],[69.174,25.5284]]]]}},{"type":"Feature","properties":{"province_name":"Sindh","district_name":"Mirpur Khas","tehsil_name":"Sindhri","tehsil_code":"PK71607","area_km2":705.1792212928882},"geometry":{"type":"MultiPolygon","coordinates":[[[[69.1651,25.8064],[69.1585,25.8001],[69.1005,25.8131],[69.0969,25.7846],[69.1087,25.7782],[69.087,25.7515],[69.0531,25.7566],[69.0652,25.7403],[69.058,25.7227],[69.0201,25.717],[69.0381,25.6853],[69.0421,25.6404],[69.0675,25.6328],[69.077,25.5688],[69.0499,25.5636],[69.0396,25.5507],[69.0453,25.5264],[69.0428,25.4952],[69.066,25.5113],[69.1112,25.5035],[69.1078,25.5348],[69.1556,25.5243],[69.174,25.5284],[69.1856,25.5664],[69.204,25.5725],[69.2362,25.5629],[69.255,25.5509],[69.2943,25.5466],[69.2926,25.5682],[69.2756,25.5871],[69.2703,25.608],[69.308,25.6079],[69.3236,25.6154],[69.3118,25.6656],[69.3244,25.7076],[69.3478,25.699],[69.3654,25.7026],[69.3602,25.7298],[69.3412,25.7444],[69.3045,25.7602],[69.2867,25.746],[69.2662,25.7577],[69.2508,25.7552],[69.2453,25.7875],[69.2329,25.8024],[69.1994,25.7942],[69.1651,25.8064]]]]}},{"type":"Feature","properties":{"province_name":"Sindh","district_name":"Naushahro Feroze","tehsil_name":"Bhiria","tehsil_code":"PK71701","area_km2":433.2676308465476},"geometry":{"type":"MultiPolygon","coordinates":[[[[68.233,26.9788],[68.2045,26.9899],[68.1934,26.9782],[68.1528,26.9849],[68.1321,26.9689],[68.1159,26.9984],[68.0985,26.9896],[68.0767,26.9947],[68.0665,26.9768],[68.0615,26.9455],[68.0494,26.934],[68.0178,26.9284],[67.9958,26.9109],[67.9983,26.8893],[68.0289,26.877],[68.0499,26.9018],[68.07,26.8838],[68.0988,26.8719],[68.1046,26.857],[68.1424,26.8614],[68.1638,26.8538],[68.1601,26.8283],[68.1386,26.8173],[68.1353,26.7967],[68.1557,26.7826],[68.1919,26.7881],[68.1987,26.8118],[68.2171,26.8141],[68.3037,26.8011],[68.3215,26.8052],[68.3174,26.8205],[68.3274,26.8736],[68.3252,26.8965],[68.2773,26.9161],[68.2604,26.9469],[68.233,26.9788]]]]}},{"type":"Feature","properties":{"province_name":"Sindh","district_name":"Naushahro Feroze","tehsil_name":"Kandiaro","tehsil_code":"PK71702","area_km2":708.5581078064133},"geometry":{"type":"MultiPolygon","coordinates":[[[[68.3166,27.2067],[68.2829,27.2088],[68.2317,27.2199],[68.2022,27.2354],[68.1877,27.2288],[68.1678,27.2295],[68.1258,27.1988],[68.0985,27.194],[68.0807,27.1641],[68.085,27.1373],[68.0483,27.129],[68.0366,27.0989],[68.0045,27.0697],[67.9472,27.0715],[67.9111,27.0565],[67.9117,27.0402],[67.9714,27.0183],[67.9798,26.9865],[67.9695,26.9778],[67.9265,26.9717],[67.9164,26.9568],[67.9314,26.9364],[67.9887,26.933],[67.9958,26.9109],[68.0178,26.9284],[68.0494,26.934],[68.0615,26.9455],[68.0665,26.9768],[68.0767,26.9947],[68.0985,26.9896],[68.1159,26.9984],[68.1321,26.9689],[68.1528,26.9849],[68.1934,26.9782],[68.2045,26.9899],[68.233,26.9788],[68.2877,27.0516],[68.2947,27.0688],[68.2386,27.0581],[68.2268,27.0993],[68.239,27.1174],[68.2757,27.1216],[68.2856,27.1323],[68.2925,27.1788],[68.3166,27.2067]]]]}},{"type":"Feature","properties":{"province_name":"Sindh","district_name":"Naushahro Feroze","tehsil_name":"Mehrab Pur","tehsil_code":"PK71703","area_km2":441.8001730428133},"geometry":{"type":"MultiPolygon","coordinates":[[[[68.417,27.1202],[68.4021,27.1348],[68.3622,27.1552],[68.3482,27.168],[68.3539,27.1895],[68.337,27.2062],[68.3166,27.2067],[68.2925,27.1788],[68.2856,27.1323],[68.2757,27.1216],[68.239,27.1174],[68.2268,27.0993],[68.2386,27.0581],[68.2947,27.0688],[68.2877,27.0516],[68.233,26.9788],[68.2604,26.9469],[68.2773,26.9161],[68.3252,26.8965],[68.3444,26.906],[68.3709,26.946],[68.3837,26.9782],[68.4276,27.0055],[68.446,27.0363],[68.4467,27.0681],[68.417,27.1202]]]]}},{"type":"Feature","properties":{"province_name":"Sindh","district_name":"Naushahro Feroze","tehsil_name":"Moro","tehsil_code":"PK71704","area_km2":760.6698390668016},"geometry":{"type":"MultiPolygon","coordinates":[[[[68.1386,26.5938],[68.1259,26.6088],[68.1272,26.6425],[68.1366,26.656],[68.1262,26.6899],[68.1359,26.7066],[68.1254,26.7233],[68.097,26.7152],[68.0851,26.7343],[68.0025,26.7642],[67.993,26.8262],[67.9476,26.8656],[67.8992,26.8767],[67.8721,26.9019],[67.8341,26.8558],[67.8506,26.7948],[67.8646,26.7651],[67.8521,26.7285],[67.8357,26.723],[67.8444,26.6906],[67.8628,26.6824],[67.8693,26.6608],[67.8479,26.6322],[67.8076,26.5972],[67.8071,26.5711],[67.8365,26.5601],[67.8584,26.5421],[67.9114,26.5492],[67.9286,26.5451],[67.9421,26.5655],[67.969,26.5799],[67.9969,26.5713],[68.0277,26.6044],[68.0476,26.5842],[68.0772,26.572],[68.1051,26.569],[68.1386,26.5938]]]]}},{"type":"Feature","properties":{"province_name":"Sindh","district_name":"Naushahro Feroze","tehsil_name":"Naushahro Feroze","tehsil_code":"PK71705","area_km2":690.7202170421001},"geometry":{"type":"MultiPolygon","coordinates":[[[[67.9958,26.9109],[67.9887,26.933],[67.9314,26.9364],[67.9211,26.9219],[67.8844,26.9118],[67.8721,26.9019],[67.8992,26.8767],[67.9476,26.8656],[67.993,26.8262],[68.0025,26.7642],[68.0851,26.7343],[68.097,26.7152],[68.1254,26.7233],[68.1359,26.7066],[68.1262,26.6899],[68.1366,26.656],[68.1272,26.6425],[68.1259,26.6088],[68.1386,26.5938],[68.153,26.5982],[68.1931,26.5944],[68.2268,26.5965],[68.2402,26.6107],[68.2744,26.6202],[68.3304,26.6302],[68.3568,26.6301],[68.2885,26.6557],[68.2956,26.6903],[68.328,26.7888],[68.3215,26.8052],[68.3037,26.8011],[68.2171,26.8141],[68.1987,26.8118],[68.1919,26.7881],[68.1557,26.7826],[68.1353,26.7967],[68.1386,26.8173],[68.1601,26.8283],[68.1638,26.8538],[68.1424,26.8614],[68.1046,26.857],[68.0988,26.8719],[68.07,26.8838],[68.0499,26.9018],[68.0289,26.877],[67.9983,26.8893],[67.9958,26.9109]]]]}},{"type":"Feature","properties":{"province_name":"Sindh","district_name":"Sanghar","tehsil_name":"Jam Nawaz Ali","tehsil_code":"PK71801","area_km2":473.20816341108394},"geometry":{"type":"MultiPolygon","coordinates":[[[[68.994,25.8194],[68.973,25.8126],[68.9738,25.8379],[68.9357,25.864],[68.928,25.894],[68.9107,25.8906],[68.8725,25.8977],[68.8695,25.863],[68.8414,25.8848],[68.8166,25.8764],[68.7889,25.8793],[68.7616,25.9166],[68.7436,25.8903],[68.7599,25.854],[68.7528,25.8228],[68.7409,25.8146],[68.7419,25.7926],[68.7197,25.783],[68.688,25.7389],[68.6891,25.7297],[68.7168,25.7155],[68.7285,25.7238],[68.7363,25.7526],[68.8068,25.7363],[68.8279,25.7277],[68.8682,25.6944],[68.8803,25.7027],[68.879,25.732],[68.9148,25.7364],[68.9233,25.7508],[68.9893,25.6998],[69.0201,25.717],[69.058,25.7227],[69.0652,25.7403],[69.0531,25.7566],[69.0249,25.7679],[69.0141,25.7958],[68.994,25.8194]]]]}},{"type":"Feature","properties":{"province_name":"Sindh","district_name":"Sanghar","tehsil_name":"Khipro","tehsil_code":"PK71802","area_km2":5435.861420009683},"geometry":{"type":"MultiPolygon","coordinates":[[[[70.1272,26.1405],[70.112,26.1496],[70.0743,26.1527],[70.0083,26.1769],[69.9441,26.1823],[69.8945,26.1905],[69.8371,26.2056],[69.7588,26.2029],[69.6885,26.2057],[69.6594,26.2119],[69.6022,26.2125],[69.5701,26.2002],[69.5002,26.212],[69.4082,26.2137],[69.2462,26.2336],[69.2328,26.2012],[69.2719,26.1805],[69.2955,26.1605],[69.354,26.0952],[69.355,26.0868],[69.3319,26.0473],[69.3146,26.0308],[69.2557,25.9383],[69.2626,25.9303],[69.2437,25.9062],[69.2066,25.9116],[69.1956,25.892],[69.2145,25.8673],[69.1952,25.8349],[69.1651,25.8064],[69.1994,25.7942],[69.2329,25.8024],[69.2453,25.7875],[69.2508,25.7552],[69.2662,25.7577],[69.2867,25.746],[69.3045,25.7602],[69.3412,25.7444],[69.3602,25.7298],[69.3654,25.7026],[69.3478,25.699],[69.3244,25.7076],[69.3118,25.6656],[69.3236,25.6154],[69.308,25.6079],[69.2703,25.608],[69.2756,25.5871],[69.2926,25.5682],[69.2943,25.5466],[69.3224,25.5561],[69.3311,25.5691],[69.3815,25.5547],[69.3911,25.5629],[69.445,25.5416],[69.4745,25.56],[69.4943,25.5536],[69.5253,25.568],[69.5553,25.5668],[69.5634,25.5332],[69.537,25.5177],[69.5549,25.5053],[69.6211,25.491],[69.6419,25.517],[69.6577,25.5117],[69.6815,25.5292],[69.7272,25.5476],[69.7712,25.6021],[69.7877,25.6455],[69.8419,25.6836],[69.8628,25.6865],[69.9222,25.7504],[69.9484,25.7531],[69.9745,25.7248],[69.9953,25.7241],[70.0526,25.7556],[70.0922,25.7685],[70.1191,25.7634],[70.1332,25.771],[70.1719,25.7693],[70.1915,25.7828],[70.2084,25.7761],[70.2326,25.7827],[70.2077,25.8105],[70.145,25.8685],[70.1067,25.9242],[70.0913,25.9652],[70.091,25.9968],[70.0805,26.0582],[70.0943,26.0974],[70.1272,26.1405]]]]}},{"type":"Feature","properties":{"province_name":"Sindh","district_name":"Sanghar","tehsil_name":"Sanghar","tehsil_code":"PK71803","area_km2":2197.347904103496},"geometry":{"type":"MultiPolygon","coordinates":[[[[69.2462,26.2336],[69.2352,26.2377],[69.1727,26.2247],[69.1167,26.2224],[69.0729,26.2367],[69.0806,26.2548],[69.0534,26.2598],[69.062,26.2892],[69.0177,26.2984],[68.9831,26.3617],[68.9525,26.3715],[68.9423,26.4304],[68.9191,26.4692],[68.8472,26.4368],[68.8529,26.4201],[68.814,26.3647],[68.7479,26.315],[68.7413,26.3158],[68.7272,26.2892],[68.7504,26.2836],[68.7982,26.2515],[68.8013,26.2333],[68.8024,26.1518],[68.8209,26.1504],[68.8348,26.1148],[68.8633,26.1157],[68.8905,26.0921],[68.9204,26.0535],[68.9057,26.0197],[68.9512,25.9972],[68.9484,25.9786],[68.9864,25.945],[68.9793,25.9208],[69.0183,25.8848],[68.99,25.8299],[68.994,25.8194],[69.0141,25.7958],[69.0249,25.7679],[69.0531,25.7566],[69.087,25.7515],[69.1087,25.7782],[69.0969,25.7846],[69.1005,25.8131],[69.1585,25.8001],[69.1651,25.8064],[69.1952,25.8349],[69.2145,25.8673],[69.1956,25.892],[69.2066,25.9116],[69.2437,25.9062],[69.2626,25.9303],[69.2557,25.9383],[69.3146,26.0308],[69.3319,26.0473],[69.355,26.0868],[69.354,26.0952],[69.2955,26.1605],[69.2719,26.1805],[69.2328,26.2012],[69.2462,26.2336]]]]}},{"type":"Feature","properties":{"province_name":"Sindh","district_name":"Sanghar","tehsil_name":"Shahdadpur","tehsil_code":"PK71804","area_km2":790.6213661171527},"geometry":{"type":"MultiPolygon","coordinates":[[[[68.7155,25.9854],[68.7123,26.0303],[68.725,26.1095],[68.6887,26.1855],[68.6898,26.2022],[68.6567,26.2004],[68.6471,26.1687],[68.6236,26.1943],[68.6025,26.1706],[68.5689,26.1849],[68.5416,26.1784],[68.5186,26.1645],[68.5006,26.1727],[68.4746,26.1601],[68.4627,26.1768],[68.4418,26.1595],[68.4707,26.0885],[68.4472,26.0673],[68.4328,26.0713],[68.4457,26.0418],[68.496,26.0454],[68.503,26.0309],[68.5025,25.9998],[68.4796,25.9635],[68.478,25.9347],[68.4482,25.9209],[68.4434,25.9092],[68.4833,25.8864],[68.502,25.8661],[68.5246,25.8613],[68.5359,25.878],[68.595,25.877],[68.6108,25.8583],[68.6453,25.8544],[68.6585,25.8592],[68.6648,25.8836],[68.6448,25.9111],[68.6689,25.919],[68.6868,25.9124],[68.7155,25.9854]]]]}},{"type":"Feature","properties":{"province_name":"Sindh","district_name":"Sanghar","tehsil_name":"Sinjhoro","tehsil_code":"PK71805","area_km2":846.3290648406577},"geometry":{"type":"MultiPolygon","coordinates":[[[[68.7413,26.3158],[68.7419,26.3342],[68.6968,26.3364],[68.692,26.2949],[68.6424,26.2994],[68.6307,26.276],[68.6317,26.2572],[68.6552,26.256],[68.6567,26.2004],[68.6898,26.2022],[68.6887,26.1855],[68.725,26.1095],[68.7123,26.0303],[68.7155,25.9854],[68.7243,25.9436],[68.7436,25.8903],[68.7616,25.9166],[68.7889,25.8793],[68.8166,25.8764],[68.8414,25.8848],[68.8695,25.863],[68.8725,25.8977],[68.9107,25.8906],[68.928,25.894],[68.9357,25.864],[68.9738,25.8379],[68.973,25.8126],[68.994,25.8194],[68.99,25.8299],[69.0183,25.8848],[68.9793,25.9208],[68.9864,25.945],[68.9484,25.9786],[68.9512,25.9972],[68.9057,26.0197],[68.9204,26.0535],[68.8905,26.0921],[68.8633,26.1157],[68.8348,26.1148],[68.8209,26.1504],[68.8024,26.1518],[68.8013,26.2333],[68.7982,26.2515],[68.7504,26.2836],[68.7272,26.2892],[68.7413,26.3158]]]]}},{"type":"Feature","properties":{"province_name":"Sindh","district_name":"Sanghar","tehsil_name":"Tando Adam","tehsil_code":"PK71806","area_km2":407.56626854870535},"geometry":{"type":"MultiPolygon","coordinates":[[[[68.7436,25.8903],[68.7243,25.9436],[68.7155,25.9854],[68.6868,25.9124],[68.6689,25.919],[68.6448,25.9111],[68.6648,25.8836],[68.6585,25.8592],[68.6453,25.8544],[68.6108,25.8583],[68.595,25.877],[68.5359,25.878],[68.5246,25.8613],[68.4917,25.8426],[68.4967,25.8317],[68.5346,25.8189],[68.5441,25.7898],[68.5413,25.7721],[68.5581,25.7572],[68.5637,25.7386],[68.5903,25.7229],[68.6188,25.6912],[68.649,25.6893],[68.6678,25.6699],[68.6906,25.7122],[68.6891,25.7297],[68.688,25.7389],[68.7197,25.783],[68.7419,25.7926],[68.7409,25.8146],[68.7528,25.8228],[68.7599,25.854],[68.7436,25.8903]]]]}},{"type":"Feature","properties":{"province_name":"Sindh","district_name":"Shaheed Benazir Abad","tehsil_name":"Daulat Pur","tehsil_code":"PK71901","area_km2":1071.869927740171},"geometry":{"type":"MultiPolygon","coordinates":[[[[68.1822,26.3218],[68.1637,26.3214],[68.1562,26.3438],[68.1583,26.3808],[68.1512,26.4203],[68.1735,26.4115],[68.19,26.4455],[68.2367,26.4552],[68.2503,26.4905],[68.253,26.5285],[68.2274,26.5311],[68.224,26.5467],[68.269,26.5812],[68.2744,26.6202],[68.2402,26.6107],[68.2268,26.5965],[68.1931,26.5944],[68.153,26.5982],[68.1386,26.5938],[68.1051,26.569],[68.0772,26.572],[68.0476,26.5842],[68.0277,26.6044],[67.9969,26.5713],[67.969,26.5799],[67.9421,26.5655],[67.9286,26.5451],[67.9114,26.5492],[67.921,26.5096],[67.9124,26.468],[67.8755,26.4249],[67.9048,26.4108],[67.8904,26.3523],[67.8729,26.3384],[67.8727,26.297],[67.8903,26.2738],[67.907,26.2688],[67.9271,26.2634],[67.9868,26.2813],[68.0124,26.28],[68.0276,26.2628],[68.0525,26.259],[68.0861,26.2693],[68.0929,26.2486],[68.11,26.2427],[68.1809,26.2688],[68.2086,26.2693],[68.203,26.2923],[68.1692,26.2888],[68.1822,26.3218]]]]}},{"type":"Feature","properties":{"province_name":"Sindh","district_name":"Shaheed Benazir Abad","tehsil_name":"Daur","tehsil_code":"PK71902","area_km2":2168.5049705662805},"geometry":{"type":"MultiPolygon","coordinates":[[[[68.5786,26.6019],[68.5127,26.6145],[68.4765,26.6121],[68.4007,26.627],[68.3568,26.6301],[68.3304,26.6302],[68.2744,26.6202],[68.269,26.5812],[68.224,26.5467],[68.2274,26.5311],[68.253,26.5285],[68.2503,26.4905],[68.2367,26.4552],[68.19,26.4455],[68.1735,26.4115],[68.1512,26.4203],[68.1583,26.3808],[68.1562,26.3438],[68.1637,26.3214],[68.1822,26.3218],[68.2343,26.3496],[68.2588,26.3687],[68.2942,26.3613],[68.3077,26.3447],[68.3285,26.3558],[68.334,26.3356],[68.3561,26.3195],[68.3858,26.3423],[68.4154,26.3155],[68.4392,26.3043],[68.4589,26.3155],[68.482,26.3137],[68.4989,26.2874],[68.5021,26.2669],[68.4657,26.2534],[68.4735,26.2309],[68.4968,26.2172],[68.4772,26.2004],[68.4627,26.1768],[68.4746,26.1601],[68.5006,26.1727],[68.5186,26.1645],[68.5416,26.1784],[68.5689,26.1849],[68.6025,26.1706],[68.6236,26.1943],[68.6471,26.1687],[68.6567,26.2004],[68.6552,26.256],[68.6317,26.2572],[68.6307,26.276],[68.6424,26.2994],[68.692,26.2949],[68.6968,26.3364],[68.7419,26.3342],[68.7413,26.3158],[68.7479,26.315],[68.814,26.3647],[68.8529,26.4201],[68.8472,26.4368],[68.8492,26.4822],[68.8351,26.5023],[68.8209,26.5429],[68.8041,26.5624],[68.7583,26.5869],[68.713,26.5932],[68.6725,26.5929],[68.5786,26.6019]]]]}},{"type":"Feature","properties":{"province_name":"Sindh","district_name":"Shaheed Benazir Abad","tehsil_name":"Nawabshah","tehsil_code":"PK71903","area_km2":409.0138339980001},"geometry":{"type":"MultiPolygon","coordinates":[[[[68.4735,26.2309],[68.4657,26.2534],[68.5021,26.2669],[68.4989,26.2874],[68.482,26.3137],[68.4589,26.3155],[68.4392,26.3043],[68.4154,26.3155],[68.3858,26.3423],[68.3561,26.3195],[68.334,26.3356],[68.3285,26.3558],[68.3077,26.3447],[68.2942,26.3613],[68.2588,26.3687],[68.2343,26.3496],[68.1822,26.3218],[68.1692,26.2888],[68.203,26.2923],[68.2086,26.2693],[68.1946,26.2401],[68.1969,26.2211],[68.2449,26.2143],[68.2924,26.1989],[68.2903,26.1835],[68.314,26.1824],[68.327,26.1929],[68.3429,26.2223],[68.3689,26.2259],[68.4061,26.2003],[68.4511,26.2146],[68.4735,26.2309]]]]}},{"type":"Feature","properties":{"province_name":"Sindh","district_name":"Shaheed Benazir Abad","tehsil_name":"Sakrand","tehsil_code":"PK71904","area_km2":929.7467549961644},"geometry":{"type":"MultiPolygon","coordinates":[[[[68.2086,26.2693],[68.1809,26.2688],[68.11,26.2427],[68.0929,26.2486],[68.0861,26.2693],[68.0525,26.259],[68.0276,26.2628],[68.0124,26.28],[67.9868,26.2813],[67.9271,26.2634],[67.907,26.2688],[67.9115,26.2519],[67.9425,26.2358],[67.9835,26.2044],[68.0124,26.1996],[68.0208,26.1884],[68.0211,26.1543],[68.031,26.1407],[68.1334,26.0451],[68.1735,26.0012],[68.2404,25.9991],[68.2595,26.0041],[68.2775,25.9927],[68.3061,26.0147],[68.3241,26.0183],[68.338,26.0595],[68.3686,26.0961],[68.3846,26.1062],[68.4044,26.0971],[68.4328,26.0713],[68.4472,26.0673],[68.4707,26.0885],[68.4418,26.1595],[68.4627,26.1768],[68.4772,26.2004],[68.4968,26.2172],[68.4735,26.2309],[68.4511,26.2146],[68.4061,26.2003],[68.3689,26.2259],[68.3429,26.2223],[68.327,26.1929],[68.314,26.1824],[68.2903,26.1835],[68.2924,26.1989],[68.2449,26.2143],[68.1969,26.2211],[68.1946,26.2401],[68.2086,26.2693]]]]}},{"type":"Feature","properties":{"province_name":"Sindh","district_name":"Shikarpur","tehsil_name":"Garhi Yasin","tehsil_code":"PK72001","area_km2":942.9759083624282},"geometry":{"type":"MultiPolygon","coordinates":[[[[68.6001,27.9073],[68.6009,27.9168],[68.5466,27.9354],[68.5259,27.9899],[68.5068,28.0292],[68.4438,28.0273],[68.3975,28.0099],[68.3855,27.9996],[68.3105,28.0118],[68.3112,27.9304],[68.2885,27.937],[68.2806,27.9232],[68.2449,27.9242],[68.2561,27.8895],[68.2696,27.8705],[68.294,27.8571],[68.29,27.8445],[68.337,27.7909],[68.3439,27.75],[68.3776,27.7345],[68.3944,27.7176],[68.4334,27.7103],[68.4393,27.6945],[68.4623,27.685],[68.5106,27.7185],[68.5613,27.7092],[68.5987,27.7249],[68.6404,27.7814],[68.653,27.7794],[68.6503,27.7994],[68.6195,27.8207],[68.6407,27.8452],[68.6206,27.8888],[68.6001,27.9073]]]]}},{"type":"Feature","properties":{"province_name":"Sindh","district_name":"Shikarpur","tehsil_name":"Khanpur","tehsil_code":"PK72002","area_km2":671.0577328880134},"geometry":{"type":"MultiPolygon","coordinates":[[[[68.9291,28.0882],[68.9172,28.0949],[68.8827,28.0827],[68.8552,28.096],[68.7928,28.1093],[68.7384,28.1289],[68.7046,28.1298],[68.654,28.1506],[68.6231,28.1553],[68.565,28.1541],[68.5744,28.1135],[68.5986,28.0733],[68.6199,28.0829],[68.6312,28.0677],[68.6229,28.0191],[68.673,28.0058],[68.7175,27.9993],[68.7341,27.9818],[68.7642,27.9647],[68.7998,27.9645],[68.8446,27.9481],[68.8549,27.9236],[68.8747,27.9002],[68.8997,27.914],[68.8988,27.9359],[68.9259,27.9401],[68.9795,27.9773],[69.0103,27.977],[69.0433,28.0212],[69.0647,28.0254],[69.0336,28.0656],[69.0031,28.0857],[68.9686,28.0797],[68.9291,28.0882]]]]}},{"type":"Feature","properties":{"province_name":"Sindh","district_name":"Shikarpur","tehsil_name":"Lakhi","tehsil_code":"PK72003","area_km2":382.1254045300007},"geometry":{"type":"MultiPolygon","coordinates":[[[[68.8747,27.9002],[68.8549,27.9236],[68.8446,27.9481],[68.7998,27.9645],[68.7642,27.9647],[68.7341,27.9818],[68.7208,27.9581],[68.691,27.9525],[68.6984,27.9218],[68.6877,27.9101],[68.6501,27.9269],[68.6001,27.9073],[68.6206,27.8888],[68.6407,27.8452],[68.6195,27.8207],[68.6503,27.7994],[68.653,27.7794],[68.6898,27.7764],[68.6986,27.7798],[68.7041,27.817],[68.7401,27.8015],[68.7622,27.7849],[68.7915,27.7961],[68.8151,27.7971],[68.8679,27.8577],[68.858,27.8821],[68.8747,27.9002]]]]}},{"type":"Feature","properties":{"province_name":"Sindh","district_name":"Shikarpur","tehsil_name":"Shikarpur","tehsil_code":"PK72004","area_km2":553.7436711607052},"geometry":{"type":"MultiPolygon","coordinates":[[[[68.7341,27.9818],[68.7175,27.9993],[68.673,28.0058],[68.6229,28.0191],[68.6312,28.0677],[68.6199,28.0829],[68.5986,28.0733],[68.5744,28.1135],[68.565,28.1541],[68.5447,28.1577],[68.5191,28.1602],[68.4774,28.1492],[68.4436,28.1269],[68.401,28.1136],[68.376,28.1124],[68.3235,28.1202],[68.3105,28.0118],[68.3855,27.9996],[68.3975,28.0099],[68.4438,28.0273],[68.5068,28.0292],[68.5259,27.9899],[68.5466,27.9354],[68.6009,27.9168],[68.6001,27.9073],[68.6501,27.9269],[68.6877,27.9101],[68.6984,27.9218],[68.691,27.9525],[68.7208,27.9581],[68.7341,27.9818]]]]}},{"type":"Feature","properties":{"province_name":"Sindh","district_name":"South Karachi","tehsil_name":"Kemari Town","tehsil_code":"PK72101","area_km2":411.060393987311},"geometry":{"type":"MultiPolygon","coordinates":[[[[66.9495,24.9523],[66.9514,24.9705],[66.9681,24.98],[66.9382,25.0294],[66.9159,25.0137],[66.8812,25.0074],[66.8574,25.0025],[66.8223,24.9813],[66.7898,24.9686],[66.7222,24.9139],[66.703,24.8927],[66.6596,24.8508],[66.6514,24.8294],[66.6717,24.8212],[66.6926,24.8234],[66.7562,24.8438],[66.773,24.8364],[66.8224,24.8362],[66.8346,24.8496],[66.8703,24.8549],[66.9199,24.8308],[66.9792,24.7918],[66.9578,24.8259],[66.9122,24.8447],[66.919,24.855],[66.9538,24.861],[66.9874,24.8765],[66.9648,24.8915],[66.9418,24.9141],[66.9286,24.9412],[66.9495,24.9523]]]]}},{"type":"Feature","properties":{"province_name":"Sindh","district_name":"South Karachi","tehsil_name":"Liyari Town","tehsil_code":"PK72102","area_km2":35.29701279407074},"geometry":{"type":"MultiPolygon","coordinates":[[[[67.0315,24.8683],[67.0218,24.8824],[66.9874,24.8765],[66.9538,24.861],[66.964,24.852],[66.9627,24.825],[66.98,24.8095],[66.996,24.8158],[67.0143,24.8217],[67.0238,24.8395],[67.0079,24.8533],[67.0315,24.8683]]]]}},{"type":"Feature","properties":{"province_name":"Sindh","district_name":"South Karachi","tehsil_name":"Saddar Town","tehsil_code":"PK72103","area_km2":61.438649909748584},"geometry":{"type":"MultiPolygon","coordinates":[[[[67.09,24.8591],[67.0658,24.8511],[67.0315,24.8683],[67.0079,24.8533],[67.0238,24.8395],[67.0143,24.8217],[66.996,24.8158],[67.0266,24.8053],[67.0567,24.7755],[67.0931,24.7569],[67.099,24.7693],[67.0907,24.7921],[67.0799,24.7981],[67.0749,24.8304],[67.09,24.8591]]]]}},{"type":"Feature","properties":{"province_name":"Sindh","district_name":"Sujawal","tehsil_name":"Jati","tehsil_code":"PK72201","area_km2":3548.041740129533},"geometry":{"type":"MultiPolygon","coordinates":[[[[68.7282,24.3773],[68.6478,24.3786],[68.5973,24.3718],[68.5611,24.3626],[68.4459,24.3953],[68.4612,24.4338],[68.4361,24.4348],[68.4186,24.422],[68.4073,24.4448],[68.4067,24.5057],[68.3939,24.5209],[68.4038,24.5641],[68.3912,24.5633],[68.3733,24.601],[68.3795,24.6205],[68.3011,24.6042],[68.237,24.6129],[68.2315,24.5923],[68.2073,24.5798],[68.1715,24.552],[68.1667,24.5307],[68.1778,24.5094],[68.1973,24.5009],[68.2098,24.4783],[68.1885,24.451],[68.1759,24.4488],[68.1557,24.474],[68.1083,24.489],[68.0749,24.4785],[68.0359,24.5135],[67.997,24.554],[67.9613,24.5209],[67.9476,24.4856],[67.9587,24.472],[67.967,24.4357],[67.965,24.4193],[67.9785,24.4043],[68.0127,24.4024],[68.0392,24.3795],[68.0551,24.3808],[68.0575,24.3499],[68.0784,24.3375],[68.1024,24.3001],[68.0872,24.262],[68.0896,24.2393],[68.125,24.2329],[68.1502,24.2176],[68.1629,24.1828],[68.1814,24.1559],[68.1768,24.1271],[68.1987,24.0897],[68.2096,24.0555],[68.2355,24.0176],[68.2921,24.0539],[68.325,24.0226],[68.3666,24.0118],[68.383,23.9995],[68.3846,23.9645],[68.7492,23.9621],[68.7509,24],[68.7596,24.0358],[68.7642,24.2843],[68.7526,24.2985],[68.7413,24.3505],[68.7282,24.3773]]]]}},{"type":"Feature","properties":{"province_name":"Sindh","district_name":"Sujawal","tehsil_name":"Kharo Chan","tehsil_code":"PK72202","area_km2":693.0678615608251},"geometry":{"type":"MultiPolygon","coordinates":[[[[67.6617,24.1606],[67.6349,24.1812],[67.6222,24.1825],[67.6023,24.1592],[67.5374,24.1536],[67.5255,24.1288],[67.554,24.126],[67.5611,24.0989],[67.5578,24.0724],[67.5647,24.0584],[67.4908,24.0314],[67.4966,24.02],[67.4811,23.9971],[67.4846,23.9734],[67.479,23.9468],[67.4936,23.9],[67.5335,23.8746],[67.5461,23.888],[67.5726,23.8696],[67.5834,23.8394],[67.6011,23.8492],[67.6327,23.8337],[67.6261,23.8122],[67.652,23.7945],[67.6851,23.8052],[67.707,23.7984],[67.7465,23.7996],[67.7485,23.8095],[67.7173,23.8367],[67.7051,23.8557],[67.7065,23.9133],[67.6995,23.9597],[67.6911,23.9762],[67.705,23.9967],[67.6992,24.0181],[67.7047,24.0357],[67.726,24.0424],[67.7117,24.074],[67.6894,24.1076],[67.6617,24.1606]]]]}},{"type":"Feature","properties":{"province_name":"Sindh","district_name":"Sujawal","tehsil_name":"Mirpur Bathoro","tehsil_code":"PK72203","area_km2":720.4409106075129},"geometry":{"type":"MultiPolygon","coordinates":[[[[68.3541,24.7572],[68.3488,24.7775],[68.2953,24.8127],[68.3009,24.8303],[68.2759,24.8488],[68.2756,24.8692],[68.262,24.886],[68.2809,24.8959],[68.2815,24.9177],[68.3048,24.9254],[68.3101,24.9378],[68.2805,24.9795],[68.2587,24.9885],[68.2201,24.9551],[68.1778,24.9745],[68.1455,24.9724],[68.126,24.9615],[68.1229,24.9212],[68.114,24.9067],[68.0892,24.8974],[68.0845,24.8827],[68.1122,24.8592],[68.119,24.8427],[68.1561,24.7781],[68.1483,24.7425],[68.1513,24.7195],[68.1728,24.7172],[68.1832,24.6606],[68.2357,24.6213],[68.237,24.6129],[68.3011,24.6042],[68.3795,24.6205],[68.3706,24.6417],[68.3526,24.6567],[68.3638,24.6852],[68.3708,24.7244],[68.3518,24.7365],[68.3541,24.7572]]]]}},{"type":"Feature","properties":{"province_name":"Sindh","district_name":"Sujawal","tehsil_name":"Shah Bunder","tehsil_code":"PK72204","area_km2":3006.665323183511},"geometry":{"type":"MultiPolygon","coordinates":[[[[67.965,24.4193],[67.9434,24.4177],[67.893,24.4261],[67.8482,24.4208],[67.8435,24.3949],[67.8618,24.3527],[67.8368,24.3206],[67.8036,24.3403],[67.7798,24.3343],[67.7738,24.3165],[67.7984,24.2754],[67.8114,24.2658],[67.8051,24.2418],[67.7567,24.2455],[67.7453,24.2307],[67.7412,24.2054],[67.723,24.168],[67.6617,24.1606],[67.6894,24.1076],[67.7117,24.074],[67.726,24.0424],[67.7047,24.0357],[67.6992,24.0181],[67.705,23.9967],[67.6911,23.9762],[67.6995,23.9597],[67.7065,23.9133],[67.7051,23.8557],[67.735,23.8378],[67.7907,23.8164],[67.821,23.8114],[67.8342,23.8195],[67.8378,23.8755],[67.8456,23.9092],[67.8636,23.9463],[67.8807,23.9671],[67.9027,23.9647],[67.873,23.9295],[67.8651,23.8922],[67.872,23.8587],[67.9243,23.8296],[67.9363,23.8379],[67.952,23.8121],[67.9702,23.8114],[67.9963,23.7867],[68.0427,23.7903],[68.0422,23.8302],[68.0277,23.8693],[68.0471,23.8814],[68.053,23.8538],[68.076,23.8332],[68.1169,23.8518],[68.1347,23.8659],[68.1599,23.8547],[68.1904,23.852],[68.1856,23.8863],[68.2134,23.8889],[68.2473,23.9068],[68.2637,23.9287],[68.2862,23.9383],[68.307,23.9239],[68.33,23.9246],[68.3349,23.9654],[68.3742,23.9832],[68.3846,23.9645],[68.383,23.9995],[68.3666,24.0118],[68.325,24.0226],[68.2921,24.0539],[68.2355,24.0176],[68.2096,24.0555],[68.1987,24.0897],[68.1768,24.1271],[68.1814,24.1559],[68.1629,24.1828],[68.1502,24.2176],[68.125,24.2329],[68.0896,24.2393],[68.0872,24.262],[68.1024,24.3001],[68.0784,24.3375],[68.0575,24.3499],[68.0551,24.3808],[68.0392,24.3795],[68.0127,24.4024],[67.9785,24.4043],[67.965,24.4193]]],[[[68.1836,23.8426],[68.1734,23.8259],[68.1447,23.818],[68.1177,23.8314],[68.074,23.7953],[68.0661,23.7564],[68.0351,23.7213],[68.1074,23.6977],[68.1371,23.6947],[68.1591,23.7103],[68.1483,23.7247],[68.1787,23.7632],[68.1913,23.7876],[68.1836,23.8426]]]]}},{"type":"Feature","properties":{"province_name":"Sindh","district_name":"Sujawal","tehsil_name":"Sujawal","tehsil_code":"PK72205","area_km2":714.0065332873818},"geometry":{"type":"MultiPolygon","coordinates":[[[[68.119,24.8427],[68.0616,24.8524],[68.0299,24.8371],[68.0232,24.818],[68.0317,24.793],[68.0289,24.7671],[67.9855,24.6978],[67.9634,24.67],[67.9688,24.6075],[67.9891,24.5886],[67.997,24.554],[68.0359,24.5135],[68.0749,24.4785],[68.1083,24.489],[68.1557,24.474],[68.1759,24.4488],[68.1885,24.451],[68.2098,24.4783],[68.1973,24.5009],[68.1778,24.5094],[68.1667,24.5307],[68.1715,24.552],[68.2073,24.5798],[68.2315,24.5923],[68.237,24.6129],[68.2357,24.6213],[68.1832,24.6606],[68.1728,24.7172],[68.1513,24.7195],[68.1483,24.7425],[68.1561,24.7781],[68.119,24.8427]]]]}},{"type":"Feature","properties":{"province_name":"Sindh","district_name":"Sukkur","tehsil_name":"New Sukkur","tehsil_code":"PK72301","area_km2":175.03803600042536},"geometry":{"type":"MultiPolygon","coordinates":[[[[68.9226,27.7424],[68.8902,27.7939],[68.8837,27.8154],[68.887,27.8374],[68.8747,27.9002],[68.858,27.8821],[68.8679,27.8577],[68.8151,27.7971],[68.7915,27.7961],[68.7622,27.7849],[68.7401,27.8015],[68.7041,27.817],[68.6986,27.7798],[68.6898,27.7764],[68.7018,27.7453],[68.7196,27.7287],[68.7571,27.7246],[68.7844,27.7345],[68.7914,27.7554],[68.8421,27.7534],[68.8625,27.7259],[68.8953,27.6984],[68.9097,27.7389],[68.9226,27.7424]]]]}},{"type":"Feature","properties":{"province_name":"Sindh","district_name":"Sukkur","tehsil_name":"Pano Aqil","tehsil_code":"PK72302","area_km2":979.5101360356224},"geometry":{"type":"MultiPolygon","coordinates":[[[[69.1864,27.9933],[69.1633,27.9898],[69.1158,28.0124],[69.0837,27.9894],[69.0664,28.0091],[69.0647,28.0254],[69.0433,28.0212],[69.0103,27.977],[68.9795,27.9773],[68.9259,27.9401],[68.8988,27.9359],[68.8997,27.914],[68.8747,27.9002],[68.887,27.8374],[68.8837,27.8154],[68.8902,27.7939],[68.9226,27.7424],[68.9503,27.7532],[69.0023,27.7635],[69.0312,27.7506],[69.0797,27.7128],[69.111,27.6839],[69.1598,27.6886],[69.1932,27.6859],[69.217,27.6714],[69.2409,27.6461],[69.275,27.7098],[69.291,27.7256],[69.3144,27.7318],[69.2928,27.7555],[69.2731,27.7509],[69.2551,27.7669],[69.2629,27.792],[69.2481,27.8004],[69.2212,27.8364],[69.2017,27.8838],[69.1837,27.9139],[69.1774,27.9804],[69.1864,27.9933]]]]}},{"type":"Feature","properties":{"province_name":"Sindh","district_name":"Sukkur","tehsil_name":"Rohri","tehsil_code":"PK72303","area_km2":975.1032183158974},"geometry":{"type":"MultiPolygon","coordinates":[[[[69.2409,27.6461],[69.217,27.6714],[69.1932,27.6859],[69.1598,27.6886],[69.111,27.6839],[69.0797,27.7128],[69.0312,27.7506],[69.0023,27.7635],[68.9503,27.7532],[68.9226,27.7424],[68.9097,27.7389],[68.8953,27.6984],[68.8433,27.6787],[68.8433,27.668],[68.8682,27.625],[68.8407,27.6234],[68.8186,27.5888],[68.8058,27.5553],[68.8072,27.5034],[68.8302,27.5014],[68.8366,27.4751],[68.8827,27.4816],[68.891,27.4756],[68.867,27.442],[68.8919,27.4135],[68.9239,27.4443],[68.9455,27.4826],[68.9938,27.4811],[68.9885,27.5176],[69.0294,27.5229],[69.0455,27.4867],[69.1178,27.4949],[69.1279,27.4839],[69.1824,27.4963],[69.1777,27.5316],[69.203,27.5463],[69.1937,27.5792],[69.2177,27.5941],[69.2151,27.6081],[69.2612,27.6203],[69.2409,27.6461]]]]}},{"type":"Feature","properties":{"province_name":"Sindh","district_name":"Sukkur","tehsil_name":"Salehpat","tehsil_code":"PK72304","area_km2":2972.960659957316},"geometry":{"type":"MultiPolygon","coordinates":[[[[69.7704,27.3289],[69.7221,27.3632],[69.6532,27.391],[69.6108,27.4048],[69.5751,27.4328],[69.5283,27.4605],[69.5535,27.4977],[69.5579,27.516],[69.4468,27.5125],[69.4229,27.5303],[69.3393,27.5397],[69.3156,27.5531],[69.2895,27.5799],[69.2612,27.6203],[69.2151,27.6081],[69.2177,27.5941],[69.1937,27.5792],[69.203,27.5463],[69.1777,27.5316],[69.1824,27.4963],[69.1279,27.4839],[69.1178,27.4949],[69.0455,27.4867],[69.0294,27.5229],[68.9885,27.5176],[68.9938,27.4811],[68.9455,27.4826],[68.9239,27.4443],[68.8919,27.4135],[68.8821,27.399],[68.8635,27.3734],[68.8392,27.3586],[68.8305,27.3047],[68.8375,27.2928],[68.8903,27.2549],[68.9322,27.2294],[69.0082,27.2016],[69.0561,27.2002],[69.1064,27.2083],[69.1432,27.2015],[69.1766,27.1844],[69.1998,27.1856],[69.2502,27.1786],[69.328,27.1569],[69.3804,27.1246],[69.4015,27.1156],[69.4668,27.0979],[69.4966,27.0745],[69.5356,27.0656],[69.5652,27.1385],[69.5867,27.178],[69.666,27.2514],[69.6987,27.2777],[69.7704,27.3289]]]]}},{"type":"Feature","properties":{"province_name":"Sindh","district_name":"Sukkur","tehsil_name":"Sukkur","tehsil_code":"PK72305","area_km2":72.05478562839082},"geometry":{"type":"MultiPolygon","coordinates":[[[[68.8953,27.6984],[68.8625,27.7259],[68.8421,27.7534],[68.7914,27.7554],[68.7844,27.7345],[68.7786,27.7127],[68.7976,27.6899],[68.8157,27.6724],[68.8433,27.668],[68.8433,27.6787],[68.8953,27.6984]]]]}},{"type":"Feature","properties":{"province_name":"Sindh","district_name":"Tando Allahyar","tehsil_name":"Chamber","tehsil_code":"PK72401","area_km2":494.3827553456211},"geometry":{"type":"MultiPolygon","coordinates":[[[[68.8642,25.4106],[68.8413,25.4145],[68.8135,25.4006],[68.7996,25.4242],[68.7547,25.4122],[68.7443,25.3903],[68.7184,25.3972],[68.6981,25.3432],[68.7015,25.3233],[68.684,25.3141],[68.617,25.3038],[68.617,25.2922],[68.6503,25.276],[68.6685,25.2906],[68.7029,25.289],[68.7323,25.2572],[68.7753,25.2423],[68.7714,25.2101],[68.796,25.2083],[68.8383,25.2207],[68.885,25.2287],[68.8863,25.2649],[68.9016,25.2587],[68.9341,25.2731],[68.9504,25.2934],[68.9659,25.2986],[68.9663,25.3123],[68.9593,25.3886],[68.943,25.4268],[68.9252,25.4042],[68.8748,25.4043],[68.8642,25.4106]]]]}},{"type":"Feature","properties":{"province_name":"Sindh","district_name":"Tando Allahyar","tehsil_name":"Jhando Mari","tehsil_code":"PK72402","area_km2":601.1309110194218},"geometry":{"type":"MultiPolygon","coordinates":[[[[68.8803,25.7027],[68.8682,25.6944],[68.8279,25.7277],[68.8068,25.7363],[68.7363,25.7526],[68.7285,25.7238],[68.7168,25.7155],[68.6891,25.7297],[68.6906,25.7122],[68.6678,25.6699],[68.6503,25.6343],[68.668,25.5917],[68.7091,25.5452],[68.6801,25.499],[68.6912,25.4779],[68.7334,25.4725],[68.7353,25.5055],[68.7429,25.5149],[68.7786,25.5229],[68.7913,25.5363],[68.8175,25.5407],[68.8291,25.5241],[68.8401,25.4776],[68.836,25.4477],[68.8607,25.4353],[68.8642,25.4106],[68.8748,25.4043],[68.9252,25.4042],[68.943,25.4268],[68.9306,25.4464],[68.9104,25.4681],[68.8958,25.499],[68.8839,25.5428],[68.8958,25.6142],[68.9055,25.6445],[68.8984,25.6699],[68.8803,25.7027]]]]}},{"type":"Feature","properties":{"province_name":"Sindh","district_name":"Tando Allahyar","tehsil_name":"Tando Allahyar","tehsil_code":"PK72403","area_km2":447.48907293221794},"geometry":{"type":"MultiPolygon","coordinates":[[[[68.8642,25.4106],[68.8607,25.4353],[68.836,25.4477],[68.8401,25.4776],[68.8291,25.5241],[68.8175,25.5407],[68.7913,25.5363],[68.7786,25.5229],[68.7429,25.5149],[68.7353,25.5055],[68.7334,25.4725],[68.6912,25.4779],[68.6801,25.499],[68.7091,25.5452],[68.668,25.5917],[68.6009,25.5319],[68.6117,25.5173],[68.6018,25.4795],[68.5882,25.4626],[68.5865,25.4358],[68.616,25.3997],[68.6064,25.3803],[68.6261,25.3539],[68.6157,25.3444],[68.5925,25.3468],[68.5895,25.3257],[68.617,25.3038],[68.684,25.3141],[68.7015,25.3233],[68.6981,25.3432],[68.7184,25.3972],[68.7443,25.3903],[68.7547,25.4122],[68.7996,25.4242],[68.8135,25.4006],[68.8413,25.4145],[68.8642,25.4106]]]]}},{"type":"Feature","properties":{"province_name":"Sindh","district_name":"Tando Muhammad Khan","tehsil_name":"Bulri Shah Karim","tehsil_code":"PK72501","area_km2":795.2545219265335},"geometry":{"type":"MultiPolygon","coordinates":[[[[68.4649,25.1799],[68.4275,25.1734],[68.4189,25.1662],[68.3652,25.182],[68.3442,25.2189],[68.3339,25.1926],[68.3523,25.1687],[68.3528,25.1409],[68.3381,25.1255],[68.2866,25.1272],[68.2713,25.1034],[68.2604,25.0529],[68.2587,24.9885],[68.2805,24.9795],[68.3101,24.9378],[68.3048,24.9254],[68.2815,24.9177],[68.2809,24.8959],[68.262,24.886],[68.2756,24.8692],[68.2759,24.8488],[68.3009,24.8303],[68.2953,24.8127],[68.3488,24.7775],[68.3541,24.7572],[68.395,24.7871],[68.4333,24.7928],[68.4353,24.8126],[68.4625,24.8376],[68.4525,24.9024],[68.4352,24.9071],[68.4297,24.9351],[68.4475,24.9478],[68.4771,24.9442],[68.4964,24.9579],[68.497,24.9925],[68.4843,25.0056],[68.4986,25.0453],[68.476,25.0706],[68.4649,25.1044],[68.485,25.1126],[68.4856,25.1263],[68.469,25.1792],[68.4649,25.1799]]]]}},{"type":"Feature","properties":{"province_name":"Sindh","district_name":"Tando Muhammad Khan","tehsil_name":"Tando Ghulam Hyder","tehsil_code":"PK72502","area_km2":522.4646903496518},"geometry":{"type":"MultiPolygon","coordinates":[[[[68.7831,24.9695],[68.7683,24.9639],[68.7386,24.981],[68.6978,24.9957],[68.6805,25.0147],[68.6165,25.0478],[68.6004,25.0714],[68.5711,25.0828],[68.5691,25.051],[68.5759,25.0274],[68.5638,25.0143],[68.5676,24.9905],[68.4964,24.9579],[68.4771,24.9442],[68.4475,24.9478],[68.4297,24.9351],[68.4352,24.9071],[68.4525,24.9024],[68.4625,24.8376],[68.4894,24.8645],[68.5276,24.8876],[68.5683,24.8795],[68.5797,24.8668],[68.6488,24.897],[68.6401,24.9111],[68.6861,24.9204],[68.6876,24.8951],[68.7052,24.8705],[68.6944,24.849],[68.7083,24.8305],[68.7386,24.8315],[68.75,24.8462],[68.7733,24.8358],[68.821,24.8327],[68.831,24.8385],[68.8471,24.8707],[68.8113,24.8935],[68.8014,24.9226],[68.7829,24.9438],[68.7831,24.9695]]]]}},{"type":"Feature","properties":{"province_name":"Sindh","district_name":"Tando Muhammad Khan","tehsil_name":"Tando Muhammad Khan","tehsil_code":"PK72503","area_km2":357.9397559494419},"geometry":{"type":"MultiPolygon","coordinates":[[[[68.7323,25.2572],[68.7029,25.289],[68.6685,25.2906],[68.6503,25.276],[68.617,25.2922],[68.6419,25.2576],[68.639,25.2447],[68.6017,25.238],[68.6081,25.2015],[68.5907,25.1791],[68.5467,25.2215],[68.5588,25.1821],[68.5525,25.1728],[68.5176,25.1619],[68.4879,25.1594],[68.469,25.1792],[68.4856,25.1263],[68.485,25.1126],[68.4649,25.1044],[68.476,25.0706],[68.4986,25.0453],[68.4843,25.0056],[68.497,24.9925],[68.4964,24.9579],[68.5676,24.9905],[68.5638,25.0143],[68.5759,25.0274],[68.5691,25.051],[68.5711,25.0828],[68.6368,25.1248],[68.6652,25.1487],[68.66,25.1573],[68.6274,25.1477],[68.6159,25.1644],[68.6508,25.1781],[68.6525,25.1877],[68.7033,25.203],[68.6957,25.22],[68.7214,25.232],[68.7323,25.2572]]]]}},{"type":"Feature","properties":{"province_name":"Sindh","district_name":"Tharparkar","tehsil_name":"Chachro","tehsil_code":"PK72601","area_km2":2897.1835751786175},"geometry":{"type":"MultiPolygon","coordinates":[[[[70.7819,25.2433],[70.7685,25.2366],[70.7147,25.2332],[70.6736,25.2225],[70.6488,25.1908],[70.5592,25.1927],[70.4872,25.1811],[70.4551,25.1692],[70.4556,25.1969],[70.4448,25.2361],[70.4197,25.2612],[70.3797,25.2758],[70.3506,25.297],[70.3353,25.3379],[70.301,25.3269],[70.3049,25.2703],[70.2916,25.2453],[70.2588,25.2187],[70.2531,25.2336],[70.2347,25.2379],[70.2086,25.2234],[70.1672,25.2293],[70.1408,25.2082],[70.1083,25.2036],[70.0692,25.2109],[70.0354,25.1984],[70.0211,25.2086],[69.9929,25.1984],[69.9286,25.2303],[69.8904,25.2431],[69.8358,25.2151],[69.8698,25.197],[69.8833,25.1702],[69.8898,25.1215],[69.9148,25.0733],[69.9515,25.0389],[69.98,25.022],[70.0599,24.9945],[70.0812,25.0328],[70.1152,25.054],[70.1704,25.0407],[70.1967,25.0385],[70.2378,25.061],[70.2416,25.0394],[70.2389,24.9996],[70.2315,24.9749],[70.2027,24.9562],[70.1442,24.9373],[70.0994,24.9032],[70.1191,24.8876],[70.1365,24.8886],[70.1884,24.9141],[70.2193,24.9044],[70.2559,24.9014],[70.3008,24.8799],[70.3598,24.8659],[70.3858,24.8814],[70.4218,24.8781],[70.4604,24.8993],[70.4863,24.928],[70.5234,24.9124],[70.5471,24.9118],[70.5863,24.9248],[70.6019,24.9153],[70.663,24.9154],[70.6773,24.9205],[70.7006,24.9511],[70.7257,24.971],[70.7712,24.9939],[70.799,25.0001],[70.8141,25.0206],[70.8661,25.059],[70.8984,25.0643],[70.8813,25.1459],[70.852,25.177],[70.7819,25.2433]]]]}},{"type":"Feature","properties":{"province_name":"Sindh","district_name":"Tharparkar","tehsil_name":"Dahli","tehsil_code":"PK72602","area_km2":2290.6229692649235},"geometry":{"type":"MultiPolygon","coordinates":[[[[70.7819,25.2433],[70.7525,25.2717],[70.7372,25.3257],[70.7042,25.3615],[70.6659,25.396],[70.665,25.4265],[70.6704,25.5011],[70.6644,25.5504],[70.6654,25.6063],[70.6724,25.6614],[70.6688,25.6862],[70.64,25.7154],[70.6048,25.7185],[70.5265,25.6885],[70.4842,25.6895],[70.4098,25.6813],[70.3747,25.6813],[70.2754,25.7113],[70.2652,25.7239],[70.244,25.702],[70.1983,25.6772],[70.1837,25.6616],[70.1542,25.6483],[70.1238,25.5872],[70.1657,25.5873],[70.1887,25.6013],[70.2296,25.5877],[70.21,25.5771],[70.1727,25.5427],[70.1975,25.5444],[70.2136,25.5337],[70.2456,25.5589],[70.2917,25.5487],[70.2739,25.5169],[70.283,25.4905],[70.2391,25.4534],[70.2298,25.4349],[70.2507,25.4076],[70.2622,25.4029],[70.2971,25.4268],[70.3149,25.4142],[70.3217,25.3858],[70.2838,25.3658],[70.2811,25.3536],[70.309,25.3407],[70.301,25.3269],[70.3353,25.3379],[70.3506,25.297],[70.3797,25.2758],[70.4197,25.2612],[70.4448,25.2361],[70.4556,25.1969],[70.4551,25.1692],[70.4872,25.1811],[70.5592,25.1927],[70.6488,25.1908],[70.6736,25.2225],[70.7147,25.2332],[70.7685,25.2366],[70.7819,25.2433]]]]}},{"type":"Feature","properties":{"province_name":"Sindh","district_name":"Tharparkar","tehsil_name":"Diplo","tehsil_code":"PK72603","area_km2":2906.643345109056},"geometry":{"type":"MultiPolygon","coordinates":[[[[69.2092,24.5357],[69.1889,24.5406],[69.1064,24.4844],[69.0969,24.4631],[69.0799,24.4621],[69.0686,24.4299],[69.0658,24.4025],[69.0539,24.3664],[69.0536,24.3165],[69.0723,24.2813],[69.07,24.2602],[69.0929,24.2691],[69.19,24.2357],[69.2749,24.2689],[69.3103,24.2767],[69.3619,24.2662],[69.4316,24.2737],[69.4777,24.2623],[69.5042,24.263],[69.5901,24.2868],[69.6812,24.2051],[69.7246,24.1751],[69.8253,24.1675],[69.9357,24.1645],[69.9187,24.3063],[69.904,24.3383],[69.9019,24.3662],[69.8791,24.3927],[69.86,24.465],[69.8232,24.4901],[69.7911,24.5361],[69.7747,24.5707],[69.7585,24.5885],[69.7507,24.6321],[69.7038,24.6444],[69.6791,24.6563],[69.641,24.6288],[69.5901,24.6013],[69.5296,24.574],[69.4411,24.5407],[69.393,24.5028],[69.3053,24.522],[69.2092,24.5357]]]]}},{"type":"Feature","properties":{"province_name":"Sindh","district_name":"Tharparkar","tehsil_name":"Islam Kot","tehsil_code":"PK72604","area_km2":3124.787188866646},"geometry":{"type":"MultiPolygon","coordinates":[[[[70.4604,24.8993],[70.4218,24.8781],[70.3858,24.8814],[70.3598,24.8659],[70.3008,24.8799],[70.2559,24.9014],[70.2193,24.9044],[70.1884,24.9141],[70.1365,24.8886],[70.1191,24.8876],[70.1201,24.853],[70.115,24.8044],[70.1022,24.774],[70.0692,24.719],[70.092,24.6797],[70.0972,24.6557],[70.096,24.6003],[70.1164,24.5646],[70.1459,24.5506],[70.2087,24.544],[70.1932,24.527],[70.1654,24.5137],[70.1316,24.5063],[70.0719,24.501],[70.0312,24.4932],[69.962,24.4578],[69.9419,24.4355],[69.9019,24.3662],[69.904,24.3383],[69.9187,24.3063],[69.9357,24.1645],[70.0241,24.1694],[70.0489,24.1836],[70.0773,24.2156],[70.1101,24.2849],[70.1505,24.3006],[70.2371,24.3173],[70.2969,24.3399],[70.3703,24.3535],[70.4596,24.387],[70.5062,24.4],[70.4581,24.4358],[70.4529,24.4623],[70.4635,24.4834],[70.4731,24.5571],[70.4838,24.57],[70.5305,24.5697],[70.5356,24.6183],[70.5484,24.6316],[70.5575,24.6657],[70.5898,24.7027],[70.5811,24.7318],[70.5231,24.7809],[70.5269,24.8027],[70.5575,24.8245],[70.5608,24.8529],[70.5456,24.863],[70.5247,24.8536],[70.498,24.8549],[70.4866,24.8742],[70.4604,24.8993]]]]}},{"type":"Feature","properties":{"province_name":"Sindh","district_name":"Tharparkar","tehsil_name":"Mithi","tehsil_code":"PK72605","area_km2":3534.5163021746343},"geometry":{"type":"MultiPolygon","coordinates":[[[[70.1191,24.8876],[70.0994,24.9032],[70.1442,24.9373],[70.2027,24.9562],[70.2315,24.9749],[70.2389,24.9996],[70.2416,25.0394],[70.2378,25.061],[70.1967,25.0385],[70.1704,25.0407],[70.1152,25.054],[70.0812,25.0328],[70.0599,24.9945],[69.98,25.022],[69.9515,25.0389],[69.9148,25.0733],[69.8898,25.1215],[69.8833,25.1702],[69.8698,25.197],[69.8358,25.2151],[69.8015,25.1958],[69.728,25.1618],[69.6754,25.1432],[69.7418,25.1012],[69.7357,25.0876],[69.7541,25.0636],[69.7388,25.0556],[69.7404,25.0061],[69.7119,24.9973],[69.6882,25.0079],[69.6512,25.0375],[69.6318,25.0456],[69.6029,25.0216],[69.584,24.9804],[69.5535,24.952],[69.4974,24.893],[69.4796,24.8826],[69.4516,24.8551],[69.4018,24.8479],[69.3913,24.8346],[69.4721,24.8197],[69.5133,24.7811],[69.534,24.7546],[69.5738,24.7385],[69.6,24.7174],[69.6428,24.7091],[69.6592,24.6762],[69.6791,24.6563],[69.7038,24.6444],[69.7507,24.6321],[69.7585,24.5885],[69.7747,24.5707],[69.7911,24.5361],[69.8232,24.4901],[69.86,24.465],[69.8791,24.3927],[69.9019,24.3662],[69.9419,24.4355],[69.962,24.4578],[70.0312,24.4932],[70.0719,24.501],[70.1316,24.5063],[70.1654,24.5137],[70.1932,24.527],[70.2087,24.544],[70.1459,24.5506],[70.1164,24.5646],[70.096,24.6003],[70.0972,24.6557],[70.092,24.6797],[70.0692,24.719],[70.1022,24.774],[70.115,24.8044],[70.1201,24.853],[70.1191,24.8876]]]]}},{"type":"Feature","properties":{"province_name":"Sindh","district_name":"Tharparkar","tehsil_name":"Nagar Parkar","tehsil_code":"PK72606","area_km2":3851.086217514656},"geometry":{"type":"MultiPolygon","coordinates":[[[[70.8984,25.0643],[70.8661,25.059],[70.8141,25.0206],[70.799,25.0001],[70.7712,24.9939],[70.7257,24.971],[70.7006,24.9511],[70.6773,24.9205],[70.663,24.9154],[70.6019,24.9153],[70.5863,24.9248],[70.5471,24.9118],[70.5234,24.9124],[70.4863,24.928],[70.4604,24.8993],[70.4866,24.8742],[70.498,24.8549],[70.5247,24.8536],[70.5456,24.863],[70.5608,24.8529],[70.5575,24.8245],[70.5269,24.8027],[70.5231,24.7809],[70.5811,24.7318],[70.5898,24.7027],[70.5575,24.6657],[70.5484,24.6316],[70.5356,24.6183],[70.5305,24.5697],[70.4838,24.57],[70.4731,24.5571],[70.4635,24.4834],[70.4529,24.4623],[70.4581,24.4358],[70.5062,24.4],[70.5601,24.4186],[70.5932,24.4117],[70.5947,24.3922],[70.5816,24.3683],[70.5614,24.3584],[70.5776,24.3193],[70.5735,24.2982],[70.5878,24.2854],[70.5724,24.2649],[70.5935,24.2403],[70.6138,24.2395],[70.6553,24.2251],[70.7258,24.2209],[70.8058,24.2227],[70.8372,24.2345],[70.8537,24.2474],[70.8941,24.2571],[70.8928,24.2736],[70.8658,24.2843],[70.8727,24.305],[70.9147,24.3231],[70.9314,24.3381],[70.9559,24.3447],[70.9809,24.3634],[71.0139,24.3524],[71.0502,24.3621],[71.0807,24.3914],[71.1116,24.3987],[71.1234,24.4206],[71.1074,24.4332],[71.0203,24.4333],[71.0007,24.4489],[70.9939,24.4872],[70.9988,24.5106],[70.9885,24.5502],[70.9894,24.6032],[70.9981,24.6224],[71.0209,24.6452],[71.065,24.6626],[71.0861,24.6934],[71.0571,24.7307],[71.033,24.7864],[70.9962,24.8441],[70.9625,24.8873],[70.9179,24.9864],[70.8984,25.0643]]]]}},{"type":"Feature","properties":{"province_name":"Sindh","district_name":"Tharparkar","tehsil_name":"Kaloi","tehsil_code":"PK72607","area_km2":1070.3989619866384},"geometry":{"type":"MultiPolygon","coordinates":[[[[69.6791,24.6563],[69.6592,24.6762],[69.6428,24.7091],[69.6,24.7174],[69.5738,24.7385],[69.534,24.7546],[69.5133,24.7811],[69.4721,24.8197],[69.3913,24.8346],[69.3537,24.8089],[69.3239,24.8007],[69.3073,24.7731],[69.2465,24.7477],[69.2539,24.7323],[69.2757,24.7315],[69.2293,24.6939],[69.2146,24.6698],[69.2428,24.6586],[69.2337,24.6349],[69.2317,24.6001],[69.2086,24.6187],[69.1996,24.6051],[69.2227,24.5821],[69.2033,24.5602],[69.2092,24.5357],[69.3053,24.522],[69.393,24.5028],[69.4411,24.5407],[69.5296,24.574],[69.5901,24.6013],[69.641,24.6288],[69.6791,24.6563]]]]}},{"type":"Feature","properties":{"province_name":"Sindh","district_name":"Thatta","tehsil_name":"Ghorabari","tehsil_code":"PK72701","area_km2":1176.0793205267737},"geometry":{"type":"MultiPolygon","coordinates":[[[[67.997,24.554],[67.9891,24.5886],[67.9736,24.5808],[67.9117,24.5811],[67.8687,24.5627],[67.8525,24.5646],[67.8131,24.5404],[67.7877,24.5311],[67.7514,24.5427],[67.7464,24.5304],[67.7574,24.5017],[67.7369,24.4843],[67.739,24.4678],[67.7118,24.4727],[67.7064,24.4494],[67.6931,24.4478],[67.6637,24.4613],[67.6483,24.4556],[67.6365,24.427],[67.6406,24.4095],[67.603,24.3824],[67.5665,24.382],[67.5099,24.3654],[67.4704,24.3638],[67.44,24.3497],[67.4319,24.3276],[67.4109,24.3113],[67.3737,24.3358],[67.3509,24.3429],[67.3385,24.3227],[67.3067,24.315],[67.2999,24.2855],[67.3259,24.2449],[67.3434,24.2621],[67.3739,24.2433],[67.3972,24.242],[67.4192,24.2275],[67.4317,24.2472],[67.4443,24.2674],[67.4695,24.2866],[67.5071,24.3235],[67.5296,24.3172],[67.5261,24.2937],[67.4954,24.2424],[67.4904,24.2221],[67.5005,24.1943],[67.5136,24.1861],[67.524,24.1589],[67.5418,24.1839],[67.5501,24.2429],[67.5688,24.2487],[67.593,24.2447],[67.6129,24.2241],[67.6234,24.2424],[67.5871,24.2724],[67.6042,24.2873],[67.662,24.2884],[67.6763,24.2765],[67.6732,24.2605],[67.6826,24.2113],[67.6617,24.1606],[67.723,24.168],[67.7412,24.2054],[67.7453,24.2307],[67.7567,24.2455],[67.8051,24.2418],[67.8114,24.2658],[67.7984,24.2754],[67.7738,24.3165],[67.7798,24.3343],[67.8036,24.3403],[67.8368,24.3206],[67.8618,24.3527],[67.8435,24.3949],[67.8482,24.4208],[67.893,24.4261],[67.9434,24.4177],[67.965,24.4193],[67.967,24.4357],[67.9587,24.472],[67.9476,24.4856],[67.9613,24.5209],[67.997,24.554]]]]}},{"type":"Feature","properties":{"province_name":"Sindh","district_name":"Thatta","tehsil_name":"Keti Bunder","tehsil_code":"PK72702","area_km2":632.8112477032078},"geometry":{"type":"MultiPolygon","coordinates":[[[[67.6617,24.1606],[67.6826,24.2113],[67.6732,24.2605],[67.6763,24.2765],[67.662,24.2884],[67.6042,24.2873],[67.5871,24.2724],[67.6234,24.2424],[67.6129,24.2241],[67.593,24.2447],[67.5688,24.2487],[67.5501,24.2429],[67.5418,24.1839],[67.524,24.1589],[67.5136,24.1861],[67.5005,24.1943],[67.4904,24.2221],[67.4954,24.2424],[67.5261,24.2937],[67.5296,24.3172],[67.5071,24.3235],[67.4695,24.2866],[67.4443,24.2674],[67.4317,24.2472],[67.4282,24.2126],[67.4125,24.2296],[67.3625,24.2386],[67.342,24.2352],[67.3344,24.2088],[67.3435,24.19],[67.3344,24.1725],[67.3453,24.1558],[67.3695,24.1374],[67.3625,24.118],[67.369,24.0925],[67.395,24.0662],[67.4184,24.0883],[67.438,24.0636],[67.4243,24.0586],[67.4092,24.0337],[67.4348,23.9829],[67.4212,23.961],[67.428,23.9437],[67.4846,23.9734],[67.4811,23.9971],[67.4966,24.02],[67.4908,24.0314],[67.5647,24.0584],[67.5578,24.0724],[67.5611,24.0989],[67.554,24.126],[67.5255,24.1288],[67.5374,24.1536],[67.6023,24.1592],[67.6222,24.1825],[67.6349,24.1812],[67.6617,24.1606]]]]}},{"type":"Feature","properties":{"province_name":"Sindh","district_name":"Thatta","tehsil_name":"Mirpur Sakro","tehsil_code":"PK72703","area_km2":2098.213114217382},"geometry":{"type":"MultiPolygon","coordinates":[[[[67.5809,24.7987],[67.5704,24.7882],[67.518,24.8006],[67.5014,24.8105],[67.4889,24.8343],[67.466,24.8458],[67.4362,24.8454],[67.4355,24.825],[67.4439,24.7819],[67.4266,24.769],[67.3806,24.7765],[67.3546,24.7683],[67.3496,24.7458],[67.3932,24.7046],[67.4325,24.6982],[67.4203,24.6727],[67.4194,24.6487],[67.4069,24.6358],[67.3809,24.6349],[67.3661,24.6058],[67.3498,24.6072],[67.3155,24.5754],[67.3234,24.5491],[67.3521,24.5551],[67.3579,24.5419],[67.3891,24.5471],[67.391,24.524],[67.3702,24.5304],[67.3553,24.5028],[67.3523,24.4797],[67.3743,24.4721],[67.3984,24.4215],[67.3735,24.4063],[67.362,24.3728],[67.3696,24.3477],[67.4034,24.3288],[67.4319,24.3276],[67.44,24.3497],[67.4704,24.3638],[67.5099,24.3654],[67.5665,24.382],[67.603,24.3824],[67.6406,24.4095],[67.6365,24.427],[67.6483,24.4556],[67.6637,24.4613],[67.6931,24.4478],[67.7064,24.4494],[67.7118,24.4727],[67.739,24.4678],[67.7369,24.4843],[67.7574,24.5017],[67.7464,24.5304],[67.7514,24.5427],[67.7877,24.5311],[67.8131,24.5404],[67.8525,24.5646],[67.8335,24.6058],[67.8209,24.6156],[67.8117,24.6551],[67.8125,24.6855],[67.8067,24.7382],[67.7563,24.7513],[67.7192,24.7753],[67.6737,24.7621],[67.6549,24.7634],[67.6646,24.7883],[67.6548,24.7973],[67.6615,24.8184],[67.5809,24.7987]]],[[[67.3128,24.7343],[67.2949,24.7361],[67.2545,24.7063],[67.243,24.7076],[67.2257,24.7227],[67.2481,24.6771],[67.2923,24.67],[67.3047,24.6907],[67.3301,24.6781],[67.3495,24.694],[67.3915,24.6966],[67.3465,24.7355],[67.3297,24.7274],[67.3128,24.7343]]],[[[67.2699,24.5791],[67.2275,24.5772],[67.2178,24.5522],[67.2732,24.5249],[67.3029,24.5478],[67.305,24.5637],[67.2858,24.581],[67.2699,24.5791]]],[[[67.422,24.6807],[67.4209,24.6984],[67.3856,24.6889],[67.3518,24.6889],[67.3869,24.6506],[67.4069,24.6477],[67.422,24.6807]]],[[[67.288,24.5262],[67.2676,24.5186],[67.2675,24.4984],[67.2567,24.4769],[67.2751,24.4673],[67.3028,24.471],[67.3128,24.4999],[67.288,24.5262]]],[[[67.3595,24.5349],[67.3475,24.543],[67.3083,24.544],[67.3277,24.5136],[67.3505,24.5024],[67.3595,24.5349]]],[[[67.3607,24.4341],[67.3352,24.4341],[67.3086,24.4156],[67.308,24.3906],[67.34,24.3937],[67.3441,24.417],[67.3607,24.4341]]],[[[67.3267,24.6202],[67.3124,24.635],[67.2902,24.614],[67.3143,24.6098],[67.3267,24.6202]]],[[[67.3623,24.4573],[67.3018,24.4501],[67.3059,24.432],[67.3372,24.4416],[67.3595,24.4418],[67.3623,24.4573]]],[[[67.3725,24.6338],[67.3556,24.6445],[67.3396,24.6405],[67.3622,24.6155],[67.3725,24.6338]]],[[[67.3428,24.6675],[67.3313,24.6696],[67.3126,24.6471],[67.3243,24.6406],[67.343,24.655],[67.3428,24.6675]]]]}},{"type":"Feature","properties":{"province_name":"Sindh","district_name":"Thatta","tehsil_name":"Thatta","tehsil_code":"PK72704","area_km2":3720.3376088598584},"geometry":{"type":"MultiPolygon","coordinates":[[[[68.3427,25.2941],[68.3207,25.287],[68.2674,25.2858],[68.218,25.3003],[68.1704,25.3015],[68.1397,25.3366],[68.1051,25.3965],[68.0333,25.4412],[67.9966,25.4438],[67.9679,25.4101],[67.9393,25.4073],[67.9301,25.3756],[67.9066,25.3602],[67.9138,25.3287],[67.906,25.3015],[67.886,25.2905],[67.8743,25.2709],[67.8533,25.2586],[67.8443,25.2376],[67.8203,25.2142],[67.8276,25.19],[67.8151,25.1179],[67.8064,25.0943],[67.7666,25.0832],[67.7362,25.0618],[67.7129,25.0048],[67.7002,25.0013],[67.6576,25.0154],[67.6384,25.0159],[67.5871,24.9713],[67.5588,24.9693],[67.518,24.9847],[67.5257,24.9323],[67.5363,24.9013],[67.5721,24.8327],[67.5809,24.7987],[67.6615,24.8184],[67.6548,24.7973],[67.6646,24.7883],[67.6549,24.7634],[67.6737,24.7621],[67.7192,24.7753],[67.7563,24.7513],[67.8067,24.7382],[67.8125,24.6855],[67.8117,24.6551],[67.8209,24.6156],[67.8335,24.6058],[67.8525,24.5646],[67.8687,24.5627],[67.9117,24.5811],[67.9736,24.5808],[67.9891,24.5886],[67.9688,24.6075],[67.9634,24.67],[67.9855,24.6978],[68.0289,24.7671],[68.0317,24.793],[68.0232,24.818],[68.0299,24.8371],[68.0616,24.8524],[68.119,24.8427],[68.1122,24.8592],[68.0845,24.8827],[68.0892,24.8974],[68.114,24.9067],[68.1229,24.9212],[68.126,24.9615],[68.1455,24.9724],[68.1778,24.9745],[68.2201,24.9551],[68.2587,24.9885],[68.2604,25.0529],[68.2713,25.1034],[68.2866,25.1272],[68.3381,25.1255],[68.3528,25.1409],[68.3523,25.1687],[68.3339,25.1926],[68.3442,25.2189],[68.3234,25.2408],[68.3427,25.2941]]]]}},{"type":"Feature","properties":{"province_name":"Sindh","district_name":"Umer Kot","tehsil_name":"Kunri","tehsil_code":"PK72801","area_km2":715.1007231638534},"geometry":{"type":"MultiPolygon","coordinates":[[[[69.4796,24.8826],[69.4974,24.893],[69.5535,24.952],[69.584,24.9804],[69.6029,25.0216],[69.6318,25.0456],[69.6512,25.0375],[69.6882,25.0079],[69.7119,24.9973],[69.7404,25.0061],[69.7388,25.0556],[69.7541,25.0636],[69.7357,25.0876],[69.7418,25.1012],[69.6754,25.1432],[69.6544,25.1521],[69.6408,25.1729],[69.586,25.2107],[69.5299,25.2204],[69.4969,25.2079],[69.457,25.1725],[69.4194,25.1505],[69.3877,25.148],[69.3956,25.1314],[69.4076,25.0981],[69.397,25.0703],[69.4011,25.0527],[69.446,24.9991],[69.4615,24.9861],[69.4743,24.9475],[69.4718,24.8961],[69.4796,24.8826]]]]}},{"type":"Feature","properties":{"province_name":"Sindh","district_name":"Umer Kot","tehsil_name":"Pithoro","tehsil_code":"PK72802","area_km2":494.9850755153543},"geometry":{"type":"MultiPolygon","coordinates":[[[[69.537,25.5177],[69.5634,25.5332],[69.5553,25.5668],[69.5253,25.568],[69.4943,25.5536],[69.4745,25.56],[69.445,25.5416],[69.3911,25.5629],[69.3815,25.5547],[69.3311,25.5691],[69.3224,25.5561],[69.2943,25.5466],[69.255,25.5509],[69.2362,25.5629],[69.204,25.5725],[69.1856,25.5664],[69.174,25.5284],[69.1886,25.5268],[69.1918,25.4935],[69.188,25.4508],[69.2141,25.4272],[69.2486,25.4094],[69.2971,25.4518],[69.3113,25.4555],[69.3585,25.4468],[69.3645,25.4175],[69.3809,25.4007],[69.4079,25.4365],[69.4578,25.4323],[69.5269,25.4218],[69.5178,25.4643],[69.5313,25.4806],[69.5275,25.4985],[69.537,25.5177]]]]}},{"type":"Feature","properties":{"province_name":"Sindh","district_name":"Umer Kot","tehsil_name":"Samaro","tehsil_code":"PK72803","area_km2":603.8683698137232},"geometry":{"type":"MultiPolygon","coordinates":[[[[69.5269,25.4218],[69.4578,25.4323],[69.4079,25.4365],[69.3809,25.4007],[69.3645,25.4175],[69.3585,25.4468],[69.3113,25.4555],[69.2971,25.4518],[69.2486,25.4094],[69.2916,25.3733],[69.3264,25.327],[69.3591,25.3021],[69.3647,25.2564],[69.3629,25.2342],[69.3742,25.1824],[69.3877,25.148],[69.4194,25.1505],[69.457,25.1725],[69.4969,25.2079],[69.5299,25.2204],[69.5427,25.2403],[69.5586,25.3224],[69.5577,25.3348],[69.5269,25.4218]]]]}},{"type":"Feature","properties":{"province_name":"Sindh","district_name":"Umer Kot","tehsil_name":"Umer Kot","tehsil_code":"PK72804","area_km2":3672.182434756131},"geometry":{"type":"MultiPolygon","coordinates":[[[[70.2326,25.7827],[70.2084,25.7761],[70.1915,25.7828],[70.1719,25.7693],[70.1332,25.771],[70.1191,25.7634],[70.0922,25.7685],[70.0526,25.7556],[69.9953,25.7241],[69.9745,25.7248],[69.9484,25.7531],[69.9222,25.7504],[69.8628,25.6865],[69.8419,25.6836],[69.7877,25.6455],[69.7712,25.6021],[69.7272,25.5476],[69.6815,25.5292],[69.6577,25.5117],[69.6419,25.517],[69.6211,25.491],[69.5549,25.5053],[69.537,25.5177],[69.5275,25.4985],[69.5313,25.4806],[69.5178,25.4643],[69.5269,25.4218],[69.5577,25.3348],[69.5586,25.3224],[69.5427,25.2403],[69.5299,25.2204],[69.586,25.2107],[69.6408,25.1729],[69.6544,25.1521],[69.6754,25.1432],[69.728,25.1618],[69.8015,25.1958],[69.8358,25.2151],[69.8904,25.2431],[69.9286,25.2303],[69.9929,25.1984],[70.0211,25.2086],[70.0354,25.1984],[70.0692,25.2109],[70.1083,25.2036],[70.1408,25.2082],[70.1672,25.2293],[70.2086,25.2234],[70.2347,25.2379],[70.2531,25.2336],[70.2588,25.2187],[70.2916,25.2453],[70.3049,25.2703],[70.301,25.3269],[70.309,25.3407],[70.2811,25.3536],[70.2838,25.3658],[70.3217,25.3858],[70.3149,25.4142],[70.2971,25.4268],[70.2622,25.4029],[70.2507,25.4076],[70.2298,25.4349],[70.2391,25.4534],[70.283,25.4905],[70.2739,25.5169],[70.2917,25.5487],[70.2456,25.5589],[70.2136,25.5337],[70.1975,25.5444],[70.1727,25.5427],[70.21,25.5771],[70.2296,25.5877],[70.1887,25.6013],[70.1657,25.5873],[70.1238,25.5872],[70.1542,25.6483],[70.1837,25.6616],[70.1983,25.6772],[70.244,25.702],[70.2652,25.7239],[70.2543,25.7505],[70.2326,25.7827]]]]}},{"type":"Feature","properties":{"province_name":"Sindh","district_name":"West Karachi","tehsil_name":"Baldia Town","tehsil_code":"PK72901","area_km2":22.145938360119505},"geometry":{"type":"MultiPolygon","coordinates":[[[[66.9914,24.9127],[66.98,24.934],[66.9495,24.9523],[66.9286,24.9412],[66.9418,24.9141],[66.9648,24.8915],[66.9914,24.9127]]]]}},{"type":"Feature","properties":{"province_name":"Sindh","district_name":"West Karachi","tehsil_name":"Orangi Town","tehsil_code":"PK72902","area_km2":194.87927607290143},"geometry":{"type":"MultiPolygon","coordinates":[[[[67.1205,25.0128],[67.09,25.065],[67.0725,25.0868],[67.044,25.0957],[67.0051,25.0978],[66.9382,25.0294],[66.9681,24.98],[66.9514,24.9705],[66.9495,24.9523],[66.98,24.934],[66.9914,24.9127],[66.9909,24.9187],[67.0348,24.9602],[67.0418,24.9562],[67.0425,24.9577],[67.0503,25.0063],[67.092,25.009],[67.1205,25.0128]]]]}},{"type":"Feature","properties":{"province_name":"Sindh","district_name":"West Karachi","tehsil_name":"Site Town","tehsil_code":"PK72903","area_km2":24.78853473199012},"geometry":{"type":"MultiPolygon","coordinates":[[[[67.0418,24.9562],[67.0348,24.9602],[66.9909,24.9187],[66.9914,24.9127],[66.9648,24.8915],[66.9874,24.8765],[67.0218,24.8824],[67.0263,24.887],[67.018,24.9092],[67.024,24.9363],[67.0418,24.9562]]]]}}]}